INTERVALSTARTTIME_GMT,INTERVALENDTIME_GMT,OPR_DT,OPR_HR,NODE_ID_XML,NODE_ID,NODE,MARKET_RUN_ID,LMP_TYPE,XML_DATA_ITEM,PNODE_RESMRID,GRP_TYPE,POS,VALUE,OPR_INTERVAL,GROUP
2023-06-20T00:00:00-00:00,2023-06-20T00:05:00-00:00,2023-06-19,18,TH_NP15_GEN-APND,TH_NP15_GEN-APND,TH_NP15_GEN-APND,RTM,MCC,LMP_CONG_PRC,TH_NP15_GEN-APND,ALL_APNODES,0,0.0,1,1
2023-06-20T00:05:00-00:00,2023-06-20T00:10:00-00:00,2023-06-19,18,TH_NP15_GEN-APND,TH_NP15_GEN-APND,TH_NP15_GEN-APND,RTM,MCC,LMP_CONG_PRC,TH_NP15_GEN-APND,ALL_APNODES,0,0.0,2,1
2023-06-20T00:10:00-00:00,2023-06-20T00:15:00-00:00,2023-06-19,18,TH_NP15_GEN-APND,TH_NP15_GEN-APND,TH_NP15_GEN-APND,RTM,MCC,LMP_CONG_PRC,TH_NP15_GEN-APND,ALL_APNODES,0,0.0,3,1
2023-06-20T00:15:00-00:00,2023-06-20T00:20:00-00:00,2023-06-19,18,TH_NP15_GEN-APND,TH_NP15_GEN-APND,TH_NP15_GEN-APND,RTM,MCC,LMP_CONG_PRC,TH_NP15_GEN-APND,ALL_APNODES,0,0.0,4,1
2023-06-20T00:20:00-00:00,2023-06-20T00:25:00-00:00,2023-06-19,18,TH_NP15_GEN-APND,TH_NP15_GEN-APND,TH_NP15_GEN-APND,RTM,MCC,LMP_CONG_PRC,TH_NP15_GEN-APND,ALL_APNODES,0,0.0,5,1
2023-06-20T00:25:00-00:00,2023-06-20T00:30:00-00:00,2023-06-19,18,TH_NP15_GEN-APND,TH_NP15_GEN-APND,TH_NP15_GEN-APND,RTM,MCC,LMP_CONG_PRC,TH_NP15_GEN-APND,ALL_APNODES,0,0.0,6,1
2023-06-20T00:30:00-00:00,2023-06-20T00:35:00-00:00,2023-06-19,18,TH_NP15_GEN-APND,TH_NP15_GEN-APND,TH_NP15_GEN-APND,RTM,MCC,LMP_CONG_PRC,TH_NP15_GEN-APND,ALL_APNODES,0,0.0,7,1
2023-06-20T00:35:00-00:00,2023-06-20T00:40:00-00:00,2023-06-19,18,TH_NP15_GEN-APND,TH_NP15_GEN-APND,TH_NP15_GEN-APND,RTM,MCC,LMP_CONG_PRC,TH_NP15_GEN-APND,ALL_APNODES,0,0.0,8,1
2023-06-20T00:40:00-00:00,2023-06-20T00:45:00-00:00,2023-06-19,18,TH_NP15_GEN-APND,TH_NP15_GEN-APND,TH_NP15_GEN-APND,RTM,MCC,LMP_CONG_PRC,TH_NP15_GEN-APND,ALL_APNODES,0,0.0,9,1
2023-06-20T00:45:00-00:00,2023-06-20T00:50:00-00:00,2023-06-19,18,TH_NP15_GEN-APND,TH_NP15_GEN-APND,TH_NP15_GEN-APND,RTM,MCC,LMP_CONG_PRC,TH_NP15_GEN-APND,ALL_APNODES,0,0.0,10,1
2023-06-20T00:50:00-00:00,2023-06-20T00:55:00-00:00,2023-06-19,18,TH_NP15_GEN-APND,TH_NP15_GEN-APND,TH_NP15_GEN-APND,RTM,MCC,LMP_CONG_PRC,TH_NP15_GEN-APND,ALL_APNODES,0,0.0,11,1
2023-06-20T00:55:00-00:00,2023-06-20T01:00:00-00:00,2023-06-19,18,TH_NP15_GEN-APND,TH_NP15_GEN-APND,TH_NP15_GEN-APND,RTM,MCC,LMP_CONG_PRC,TH_NP15_GEN-APND,ALL_APNODES,0,0.0,12,1
2023-06-20T01:00:00-00:00,2023-06-20T01:05:00-00:00,2023-06-19,19,TH_NP15_GEN-APND,TH_NP15_GEN-APND,TH_NP15_GEN-APND,RTM,MCC,LMP_CONG_PRC,TH_NP15_GEN-APND,ALL_APNODES,0,-2.9975,1,1
2023-06-20T01:05:00-00:00,2023-06-20T01:10:00-00:00,2023-06-19,19,TH_NP15_GEN-APND,TH_NP15_GEN-APND,TH_NP15_GEN-APND,RTM,MCC,LMP_CONG_PRC,TH_NP15_GEN-APND,ALL_APNODES,0,-6.98191,2,1
2023-06-20T01:10:00-00:00,2023-06-20T01:15:00-00:00,2023-06-19,19,TH_NP15_GEN-APND,TH_NP15_GEN-APND,TH_NP15_GEN-APND,RTM,MCC,LMP_CONG_PRC,TH_NP15_GEN-APND,ALL_APNODES,0,-7.84335,3,1
2023-06-20T01:15:00-00:00,2023-06-20T01:20:00-00:00,2023-06-19,19,TH_NP15_GEN-APND,TH_NP15_GEN-APND,TH_NP15_GEN-APND,RTM,MCC,LMP_CONG_PRC,TH_NP15_GEN-APND,ALL_APNODES,0,-2.92124,4,1
2023-06-20T01:20:00-00:00,2023-06-20T01:25:00-00:00,2023-06-19,19,TH_NP15_GEN-APND,TH_NP15_GEN-APND,TH_NP15_GEN-APND,RTM,MCC,LMP_CONG_PRC,TH_NP15_GEN-APND,ALL_APNODES,0,-1.88205,5,1
2023-06-20T01:25:00-00:00,2023-06-20T01:30:00-00:00,2023-06-19,19,TH_NP15_GEN-APND,TH_NP15_GEN-APND,TH_NP15_GEN-APND,RTM,MCC,LMP_CONG_PRC,TH_NP15_GEN-APND,ALL_APNODES,0,-3.40615,6,1
2023-06-20T01:30:00-00:00,2023-06-20T01:35:00-00:00,2023-06-19,19,TH_NP15_GEN-APND,TH_NP15_GEN-APND,TH_NP15_GEN-APND,RTM,MCC,LMP_CONG_PRC,TH_NP15_GEN-APND,ALL_APNODES,0,-2.64482,7,1
2023-06-20T01:35:00-00:00,2023-06-20T01:40:00-00:00,2023-06-19,19,TH_NP15_GEN-APND,TH_NP15_GEN-APND,TH_NP15_GEN-APND,RTM,MCC,LMP_CONG_PRC,TH_NP15_GEN-APND,ALL_APNODES,0,-5.97197,8,1
2023-06-20T01:40:00-00:00,2023-06-20T01:45:00-00:00,2023-06-19,19,TH_NP15_GEN-APND,TH_NP15_GEN-APND,TH_NP15_GEN-APND,RTM,MCC,LMP_CONG_PRC,TH_NP15_GEN-APND,ALL_APNODES,0,0.0,9,1
2023-06-20T01:45:00-00:00,2023-06-20T01:50:00-00:00,2023-06-19,19,TH_NP15_GEN-APND,TH_NP15_GEN-APND,TH_NP15_GEN-APND,RTM,MCC,LMP_CONG_PRC,TH_NP15_GEN-APND,ALL_APNODES,0,-3.37824,10,1
2023-06-20T01:50:00-00:00,2023-06-20T01:55:00-00:00,2023-06-19,19,TH_NP15_GEN-APND,TH_NP15_GEN-APND,TH_NP15_GEN-APND,RTM,MCC,LMP_CONG_PRC,TH_NP15_GEN-APND,ALL_APNODES,0,-0.00145,11,1
2023-06-20T01:55:00-00:00,2023-06-20T02:00:00-00:00,2023-06-19,19,TH_NP15_GEN-APND,TH_NP15_GEN-APND,TH_NP15_GEN-APND,RTM,MCC,LMP_CONG_PRC,TH_NP15_GEN-APND,ALL_APNODES,0,0.0,12,1
2023-06-20T02:00:00-00:00,2023-06-20T02:05:00-00:00,2023-06-19,20,TH_NP15_GEN-APND,TH_NP15_GEN-APND,TH_NP15_GEN-APND,RTM,MCC,LMP_CONG_PRC,TH_NP15_GEN-APND,ALL_APNODES,0,-13.57404,1,1
2023-06-20T02:05:00-00:00,2023-06-20T02:10:00-00:00,2023-06-19,20,TH_NP15_GEN-APND,TH_NP15_GEN-APND,TH_NP15_GEN-APND,RTM,MCC,LMP_CONG_PRC,TH_NP15_GEN-APND,ALL_APNODES,0,-16.78476,2,1
2023-06-20T02:10:00-00:00,2023-06-20T02:15:00-00:00,2023-06-19,20,TH_NP15_GEN-APND,TH_NP15_GEN-APND,TH_NP15_GEN-APND,RTM,MCC,LMP_CONG_PRC,TH_NP15_GEN-APND,ALL_APNODES,0,-17.19403,3,1
2023-06-20T02:15:00-00:00,2023-06-20T02:20:00-00:00,2023-06-19,20,TH_NP15_GEN-APND,TH_NP15_GEN-APND,TH_NP15_GEN-APND,RTM,MCC,LMP_CONG_PRC,TH_NP15_GEN-APND,ALL_APNODES,0,-12.51845,4,1
2023-06-20T02:20:00-00:00,2023-06-20T02:25:00-00:00,2023-06-19,20,TH_NP15_GEN-APND,TH_NP15_GEN-APND,TH_NP15_GEN-APND,RTM,MCC,LMP_CONG_PRC,TH_NP15_GEN-APND,ALL_APNODES,0,-9.37977,5,1
2023-06-20T02:25:00-00:00,2023-06-20T02:30:00-00:00,2023-06-19,20,TH_NP15_GEN-APND,TH_NP15_GEN-APND,TH_NP15_GEN-APND,RTM,MCC,LMP_CONG_PRC,TH_NP15_GEN-APND,ALL_APNODES,0,-8.71161,6,1
2023-06-20T02:30:00-00:00,2023-06-20T02:35:00-00:00,2023-06-19,20,TH_NP15_GEN-APND,TH_NP15_GEN-APND,TH_NP15_GEN-APND,RTM,MCC,LMP_CONG_PRC,TH_NP15_GEN-APND,ALL_APNODES,0,-4.86718,7,1
2023-06-20T02:35:00-00:00,2023-06-20T02:40:00-00:00,2023-06-19,20,TH_NP15_GEN-APND,TH_NP15_GEN-APND,TH_NP15_GEN-APND,RTM,MCC,LMP_CONG_PRC,TH_NP15_GEN-APND,ALL_APNODES,0,-3.61842,8,1
2023-06-20T02:40:00-00:00,2023-06-20T02:45:00-00:00,2023-06-19,20,TH_NP15_GEN-APND,TH_NP15_GEN-APND,TH_NP15_GEN-APND,RTM,MCC,LMP_CONG_PRC,TH_NP15_GEN-APND,ALL_APNODES,0,-4.39937,9,1
2023-06-20T02:45:00-00:00,2023-06-20T02:50:00-00:00,2023-06-19,20,TH_NP15_GEN-APND,TH_NP15_GEN-APND,TH_NP15_GEN-APND,RTM,MCC,LMP_CONG_PRC,TH_NP15_GEN-APND,ALL_APNODES,0,-2.20155,10,1
2023-06-20T02:50:00-00:00,2023-06-20T02:55:00-00:00,2023-06-19,20,TH_NP15_GEN-APND,TH_NP15_GEN-APND,TH_NP15_GEN-APND,RTM,MCC,LMP_CONG_PRC,TH_NP15_GEN-APND,ALL_APNODES,0,-2.06077,11,1
2023-06-20T02:55:00-00:00,2023-06-20T03:00:00-00:00,2023-06-19,20,TH_NP15_GEN-APND,TH_NP15_GEN-APND,TH_NP15_GEN-APND,RTM,MCC,LMP_CONG_PRC,TH_NP15_GEN-APND,ALL_APNODES,0,-1.40682,12,1
2023-06-20T03:00:00-00:00,2023-06-20T03:05:00-00:00,2023-06-19,21,TH_NP15_GEN-APND,TH_NP15_GEN-APND,TH_NP15_GEN-APND,RTM,MCC,LMP_CONG_PRC,TH_NP15_GEN-APND,ALL_APNODES,0,-11.3063,1,1
2023-06-20T03:05:00-00:00,2023-06-20T03:10:00-00:00,2023-06-19,21,TH_NP15_GEN-APND,TH_NP15_GEN-APND,TH_NP15_GEN-APND,RTM,MCC,LMP_CONG_PRC,TH_NP15_GEN-APND,ALL_APNODES,0,-10.96569,2,1
2023-06-20T03:10:00-00:00,2023-06-20T03:15:00-00:00,2023-06-19,21,TH_NP15_GEN-APND,TH_NP15_GEN-APND,TH_NP15_GEN-APND,RTM,MCC,LMP_CONG_PRC,TH_NP15_GEN-APND,ALL_APNODES,0,-4.16616,3,1
2023-06-20T03:15:00-00:00,2023-06-20T03:20:00-00:00,2023-06-19,21,TH_NP15_GEN-APND,TH_NP15_GEN-APND,TH_NP15_GEN-APND,RTM,MCC,LMP_CONG_PRC,TH_NP15_GEN-APND,ALL_APNODES,0,-8.2018,4,1
2023-06-20T03:20:00-00:00,2023-06-20T03:25:00-00:00,2023-06-19,21,TH_NP15_GEN-APND,TH_NP15_GEN-APND,TH_NP15_GEN-APND,RTM,MCC,LMP_CONG_PRC,TH_NP15_GEN-APND,ALL_APNODES,0,-3.62143,5,1
2023-06-20T03:25:00-00:00,2023-06-20T03:30:00-00:00,2023-06-19,21,TH_NP15_GEN-APND,TH_NP15_GEN-APND,TH_NP15_GEN-APND,RTM,MCC,LMP_CONG_PRC,TH_NP15_GEN-APND,ALL_APNODES,0,-8.86038,6,1
2023-06-20T03:30:00-00:00,2023-06-20T03:35:00-00:00,2023-06-19,21,TH_NP15_GEN-APND,TH_NP15_GEN-APND,TH_NP15_GEN-APND,RTM,MCC,LMP_CONG_PRC,TH_NP15_GEN-APND,ALL_APNODES,0,-7.02834,7,1
2023-06-20T03:35:00-00:00,2023-06-20T03:40:00-00:00,2023-06-19,21,TH_NP15_GEN-APND,TH_NP15_GEN-APND,TH_NP15_GEN-APND,RTM,MCC,LMP_CONG_PRC,TH_NP15_GEN-APND,ALL_APNODES,0,-7.02919,8,1
2023-06-20T03:40:00-00:00,2023-06-20T03:45:00-00:00,2023-06-19,21,TH_NP15_GEN-APND,TH_NP15_GEN-APND,TH_NP15_GEN-APND,RTM,MCC,LMP_CONG_PRC,TH_NP15_GEN-APND,ALL_APNODES,0,-5.71267,9,1
2023-06-20T03:45:00-00:00,2023-06-20T03:50:00-00:00,2023-06-19,21,TH_NP15_GEN-APND,TH_NP15_GEN-APND,TH_NP15_GEN-APND,RTM,MCC,LMP_CONG_PRC,TH_NP15_GEN-APND,ALL_APNODES,0,-0.80231,10,1
2023-06-20T03:50:00-00:00,2023-06-20T03:55:00-00:00,2023-06-19,21,TH_NP15_GEN-APND,TH_NP15_GEN-APND,TH_NP15_GEN-APND,RTM,MCC,LMP_CONG_PRC,TH_NP15_GEN-APND,ALL_APNODES,0,-2.76127,11,1
2023-06-20T03:55:00-00:00,2023-06-20T04:00:00-00:00,2023-06-19,21,TH_NP15_GEN-APND,TH_NP15_GEN-APND,TH_NP15_GEN-APND,RTM,MCC,LMP_CONG_PRC,TH_NP15_GEN-APND,ALL_APNODES,0,-1.54573,12,1
2023-06-20T04:00:00-00:00,2023-06-20T04:05:00-00:00,2023-06-19,22,TH_NP15_GEN-APND,TH_NP15_GEN-APND,TH_NP15_GEN-APND,RTM,MCC,LMP_CONG_PRC,TH_NP15_GEN-APND,ALL_APNODES,0,-0.04153,1,1
2023-06-20T04:05:00-00:00,2023-06-20T04:10:00-00:00,2023-06-19,22,TH_NP15_GEN-APND,TH_NP15_GEN-APND,TH_NP15_GEN-APND,RTM,MCC,LMP_CONG_PRC,TH_NP15_GEN-APND,ALL_APNODES,0,0.0,2,1
2023-06-20T04:10:00-00:00,2023-06-20T04:15:00-00:00,2023-06-19,22,TH_NP15_GEN-APND,TH_NP15_GEN-APND,TH_NP15_GEN-APND,RTM,MCC,LMP_CONG_PRC,TH_NP15_GEN-APND,ALL_APNODES,0,0.0,3,1
2023-06-20T04:15:00-00:00,2023-06-20T04:20:00-00:00,2023-06-19,22,TH_NP15_GEN-APND,TH_NP15_GEN-APND,TH_NP15_GEN-APND,RTM,MCC,LMP_CONG_PRC,TH_NP15_GEN-APND,ALL_APNODES,0,0.0,4,1
2023-06-20T04:20:00-00:00,2023-06-20T04:25:00-00:00,2023-06-19,22,TH_NP15_GEN-APND,TH_NP15_GEN-APND,TH_NP15_GEN-APND,RTM,MCC,LMP_CONG_PRC,TH_NP15_GEN-APND,ALL_APNODES,0,0.0,5,1
2023-06-20T04:25:00-00:00,2023-06-20T04:30:00-00:00,2023-06-19,22,TH_NP15_GEN-APND,TH_NP15_GEN-APND,TH_NP15_GEN-APND,RTM,MCC,LMP_CONG_PRC,TH_NP15_GEN-APND,ALL_APNODES,0,0.0,6,1
2023-06-20T04:30:00-00:00,2023-06-20T04:35:00-00:00,2023-06-19,22,TH_NP15_GEN-APND,TH_NP15_GEN-APND,TH_NP15_GEN-APND,RTM,MCC,LMP_CONG_PRC,TH_NP15_GEN-APND,ALL_APNODES,0,0.0,7,1
2023-06-20T04:35:00-00:00,2023-06-20T04:40:00-00:00,2023-06-19,22,TH_NP15_GEN-APND,TH_NP15_GEN-APND,TH_NP15_GEN-APND,RTM,MCC,LMP_CONG_PRC,TH_NP15_GEN-APND,ALL_APNODES,0,0.0,8,1
2023-06-20T04:40:00-00:00,2023-06-20T04:45:00-00:00,2023-06-19,22,TH_NP15_GEN-APND,TH_NP15_GEN-APND,TH_NP15_GEN-APND,RTM,MCC,LMP_CONG_PRC,TH_NP15_GEN-APND,ALL_APNODES,0,0.0,9,1
2023-06-20T04:45:00-00:00,2023-06-20T04:50:00-00:00,2023-06-19,22,TH_NP15_GEN-APND,TH_NP15_GEN-APND,TH_NP15_GEN-APND,RTM,MCC,LMP_CONG_PRC,TH_NP15_GEN-APND,ALL_APNODES,0,0.0,10,1
2023-06-20T04:50:00-00:00,2023-06-20T04:55:00-00:00,2023-06-19,22,TH_NP15_GEN-APND,TH_NP15_GEN-APND,TH_NP15_GEN-APND,RTM,MCC,LMP_CONG_PRC,TH_NP15_GEN-APND,ALL_APNODES,0,0.0,11,1
2023-06-20T04:55:00-00:00,2023-06-20T05:00:00-00:00,2023-06-19,22,TH_NP15_GEN-APND,TH_NP15_GEN-APND,TH_NP15_GEN-APND,RTM,MCC,LMP_CONG_PRC,TH_NP15_GEN-APND,ALL_APNODES,0,0.0,12,1
2023-06-20T05:00:00-00:00,2023-06-20T05:05:00-00:00,2023-06-19,23,TH_NP15_GEN-APND,TH_NP15_GEN-APND,TH_NP15_GEN-APND,RTM,MCC,LMP_CONG_PRC,TH_NP15_GEN-APND,ALL_APNODES,0,0.0,1,1
2023-06-20T05:05:00-00:00,2023-06-20T05:10:00-00:00,2023-06-19,23,TH_NP15_GEN-APND,TH_NP15_GEN-APND,TH_NP15_GEN-APND,RTM,MCC,LMP_CONG_PRC,TH_NP15_GEN-APND,ALL_APNODES,0,0.0,2,1
2023-06-20T05:10:00-00:00,2023-06-20T05:15:00-00:00,2023-06-19,23,TH_NP15_GEN-APND,TH_NP15_GEN-APND,TH_NP15_GEN-APND,RTM,MCC,LMP_CONG_PRC,TH_NP15_GEN-APND,ALL_APNODES,0,0.0,3,1
2023-06-20T05:15:00-00:00,2023-06-20T05:20:00-00:00,2023-06-19,23,TH_NP15_GEN-APND,TH_NP15_GEN-APND,TH_NP15_GEN-APND,RTM,MCC,LMP_CONG_PRC,TH_NP15_GEN-APND,ALL_APNODES,0,0.0,4,1
2023-06-20T05:20:00-00:00,2023-06-20T05:25:00-00:00,2023-06-19,23,TH_NP15_GEN-APND,TH_NP15_GEN-APND,TH_NP15_GEN-APND,RTM,MCC,LMP_CONG_PRC,TH_NP15_GEN-APND,ALL_APNODES,0,0.0,5,1
2023-06-20T05:25:00-00:00,2023-06-20T05:30:00-00:00,2023-06-19,23,TH_NP15_GEN-APND,TH_NP15_GEN-APND,TH_NP15_GEN-APND,RTM,MCC,LMP_CONG_PRC,TH_NP15_GEN-APND,ALL_APNODES,0,0.0,6,1
2023-06-20T05:30:00-00:00,2023-06-20T05:35:00-00:00,2023-06-19,23,TH_NP15_GEN-APND,TH_NP15_GEN-APND,TH_NP15_GEN-APND,RTM,MCC,LMP_CONG_PRC,TH_NP15_GEN-APND,ALL_APNODES,0,0.0,7,1
2023-06-20T05:35:00-00:00,2023-06-20T05:40:00-00:00,2023-06-19,23,TH_NP15_GEN-APND,TH_NP15_GEN-APND,TH_NP15_GEN-APND,RTM,MCC,LMP_CONG_PRC,TH_NP15_GEN-APND,ALL_APNODES,0,0.0,8,1
2023-06-20T05:40:00-00:00,2023-06-20T05:45:00-00:00,2023-06-19,23,TH_NP15_GEN-APND,TH_NP15_GEN-APND,TH_NP15_GEN-APND,RTM,MCC,LMP_CONG_PRC,TH_NP15_GEN-APND,ALL_APNODES,0,0.0,9,1
2023-06-20T05:45:00-00:00,2023-06-20T05:50:00-00:00,2023-06-19,23,TH_NP15_GEN-APND,TH_NP15_GEN-APND,TH_NP15_GEN-APND,RTM,MCC,LMP_CONG_PRC,TH_NP15_GEN-APND,ALL_APNODES,0,0.0,10,1
2023-06-20T05:50:00-00:00,2023-06-20T05:55:00-00:00,2023-06-19,23,TH_NP15_GEN-APND,TH_NP15_GEN-APND,TH_NP15_GEN-APND,RTM,MCC,LMP_CONG_PRC,TH_NP15_GEN-APND,ALL_APNODES,0,0.0,11,1
2023-06-20T05:55:00-00:00,2023-06-20T06:00:00-00:00,2023-06-19,23,TH_NP15_GEN-APND,TH_NP15_GEN-APND,TH_NP15_GEN-APND,RTM,MCC,LMP_CONG_PRC,TH_NP15_GEN-APND,ALL_APNODES,0,0.0,12,1
2023-06-20T06:00:00-00:00,2023-06-20T06:05:00-00:00,2023-06-19,24,TH_NP15_GEN-APND,TH_NP15_GEN-APND,TH_NP15_GEN-APND,RTM,MCC,LMP_CONG_PRC,TH_NP15_GEN-APND,ALL_APNODES,0,0.0,1,1
2023-06-20T06:05:00-00:00,2023-06-20T06:10:00-00:00,2023-06-19,24,TH_NP15_GEN-APND,TH_NP15_GEN-APND,TH_NP15_GEN-APND,RTM,MCC,LMP_CONG_PRC,TH_NP15_GEN-APND,ALL_APNODES,0,0.0,2,1
2023-06-20T06:10:00-00:00,2023-06-20T06:15:00-00:00,2023-06-19,24,TH_NP15_GEN-APND,TH_NP15_GEN-APND,TH_NP15_GEN-APND,RTM,MCC,LMP_CONG_PRC,TH_NP15_GEN-APND,ALL_APNODES,0,0.0,3,1
2023-06-20T06:15:00-00:00,2023-06-20T06:20:00-00:00,2023-06-19,24,TH_NP15_GEN-APND,TH_NP15_GEN-APND,TH_NP15_GEN-APND,RTM,MCC,LMP_CONG_PRC,TH_NP15_GEN-APND,ALL_APNODES,0,0.0,4,1
2023-06-20T06:20:00-00:00,2023-06-20T06:25:00-00:00,2023-06-19,24,TH_NP15_GEN-APND,TH_NP15_GEN-APND,TH_NP15_GEN-APND,RTM,MCC,LMP_CONG_PRC,TH_NP15_GEN-APND,ALL_APNODES,0,0.0,5,1
2023-06-20T06:25:00-00:00,2023-06-20T06:30:00-00:00,2023-06-19,24,TH_NP15_GEN-APND,TH_NP15_GEN-APND,TH_NP15_GEN-APND,RTM,MCC,LMP_CONG_PRC,TH_NP15_GEN-APND,ALL_APNODES,0,0.0,6,1
2023-06-20T06:30:00-00:00,2023-06-20T06:35:00-00:00,2023-06-19,24,TH_NP15_GEN-APND,TH_NP15_GEN-APND,TH_NP15_GEN-APND,RTM,MCC,LMP_CONG_PRC,TH_NP15_GEN-APND,ALL_APNODES,0,0.0,7,1
2023-06-20T06:35:00-00:00,2023-06-20T06:40:00-00:00,2023-06-19,24,TH_NP15_GEN-APND,TH_NP15_GEN-APND,TH_NP15_GEN-APND,RTM,MCC,LMP_CONG_PRC,TH_NP15_GEN-APND,ALL_APNODES,0,0.0,8,1
2023-06-20T06:40:00-00:00,2023-06-20T06:45:00-00:00,2023-06-19,24,TH_NP15_GEN-APND,TH_NP15_GEN-APND,TH_NP15_GEN-APND,RTM,MCC,LMP_CONG_PRC,TH_NP15_GEN-APND,ALL_APNODES,0,0.0,9,1
2023-06-20T06:45:00-00:00,2023-06-20T06:50:00-00:00,2023-06-19,24,TH_NP15_GEN-APND,TH_NP15_GEN-APND,TH_NP15_GEN-APND,RTM,MCC,LMP_CONG_PRC,TH_NP15_GEN-APND,ALL_APNODES,0,0.0,10,1
2023-06-20T06:50:00-00:00,2023-06-20T06:55:00-00:00,2023-06-19,24,TH_NP15_GEN-APND,TH_NP15_GEN-APND,TH_NP15_GEN-APND,RTM,MCC,LMP_CONG_PRC,TH_NP15_GEN-APND,ALL_APNODES,0,0.0,11,1
2023-06-20T06:55:00-00:00,2023-06-20T07:00:00-00:00,2023-06-19,24,TH_NP15_GEN-APND,TH_NP15_GEN-APND,TH_NP15_GEN-APND,RTM,MCC,LMP_CONG_PRC,TH_NP15_GEN-APND,ALL_APNODES,0,0.0,12,1
2023-06-20T00:00:00-00:00,2023-06-20T00:05:00-00:00,2023-06-19,18,TH_NP15_GEN-APND,TH_NP15_GEN-APND,TH_NP15_GEN-APND,RTM,MCE,LMP_ENE_PRC,TH_NP15_GEN-APND,ALL_APNODES,0,12.2335,1,2
2023-06-20T00:05:00-00:00,2023-06-20T00:10:00-00:00,2023-06-19,18,TH_NP15_GEN-APND,TH_NP15_GEN-APND,TH_NP15_GEN-APND,RTM,MCE,LMP_ENE_PRC,TH_NP15_GEN-APND,ALL_APNODES,0,10.41764,2,2
2023-06-20T00:10:00-00:00,2023-06-20T00:15:00-00:00,2023-06-19,18,TH_NP15_GEN-APND,TH_NP15_GEN-APND,TH_NP15_GEN-APND,RTM,MCE,LMP_ENE_PRC,TH_NP15_GEN-APND,ALL_APNODES,0,12.14046,3,2
2023-06-20T00:15:00-00:00,2023-06-20T00:20:00-00:00,2023-06-19,18,TH_NP15_GEN-APND,TH_NP15_GEN-APND,TH_NP15_GEN-APND,RTM,MCE,LMP_ENE_PRC,TH_NP15_GEN-APND,ALL_APNODES,0,1.80701,4,2
2023-06-20T00:20:00-00:00,2023-06-20T00:25:00-00:00,2023-06-19,18,TH_NP15_GEN-APND,TH_NP15_GEN-APND,TH_NP15_GEN-APND,RTM,MCE,LMP_ENE_PRC,TH_NP15_GEN-APND,ALL_APNODES,0,9.68086,5,2
2023-06-20T00:25:00-00:00,2023-06-20T00:30:00-00:00,2023-06-19,18,TH_NP15_GEN-APND,TH_NP15_GEN-APND,TH_NP15_GEN-APND,RTM,MCE,LMP_ENE_PRC,TH_NP15_GEN-APND,ALL_APNODES,0,12.90831,6,2
2023-06-20T00:30:00-00:00,2023-06-20T00:35:00-00:00,2023-06-19,18,TH_NP15_GEN-APND,TH_NP15_GEN-APND,TH_NP15_GEN-APND,RTM,MCE,LMP_ENE_PRC,TH_NP15_GEN-APND,ALL_APNODES,0,13.99079,7,2
2023-06-20T00:35:00-00:00,2023-06-20T00:40:00-00:00,2023-06-19,18,TH_NP15_GEN-APND,TH_NP15_GEN-APND,TH_NP15_GEN-APND,RTM,MCE,LMP_ENE_PRC,TH_NP15_GEN-APND,ALL_APNODES,0,11.78071,8,2
2023-06-20T00:40:00-00:00,2023-06-20T00:45:00-00:00,2023-06-19,18,TH_NP15_GEN-APND,TH_NP15_GEN-APND,TH_NP15_GEN-APND,RTM,MCE,LMP_ENE_PRC,TH_NP15_GEN-APND,ALL_APNODES,0,14.59248,9,2
2023-06-20T00:45:00-00:00,2023-06-20T00:50:00-00:00,2023-06-19,18,TH_NP15_GEN-APND,TH_NP15_GEN-APND,TH_NP15_GEN-APND,RTM,MCE,LMP_ENE_PRC,TH_NP15_GEN-APND,ALL_APNODES,0,15.38991,10,2
2023-06-20T00:50:00-00:00,2023-06-20T00:55:00-00:00,2023-06-19,18,TH_NP15_GEN-APND,TH_NP15_GEN-APND,TH_NP15_GEN-APND,RTM,MCE,LMP_ENE_PRC,TH_NP15_GEN-APND,ALL_APNODES,0,16.37757,11,2
2023-06-20T00:55:00-00:00,2023-06-20T01:00:00-00:00,2023-06-19,18,TH_NP15_GEN-APND,TH_NP15_GEN-APND,TH_NP15_GEN-APND,RTM,MCE,LMP_ENE_PRC,TH_NP15_GEN-APND,ALL_APNODES,0,16.67435,12,2
2023-06-20T01:00:00-00:00,2023-06-20T01:05:00-00:00,2023-06-19,19,TH_NP15_GEN-APND,TH_NP15_GEN-APND,TH_NP15_GEN-APND,RTM,MCE,LMP_ENE_PRC,TH_NP15_GEN-APND,ALL_APNODES,0,11.67838,1,2
2023-06-20T01:05:00-00:00,2023-06-20T01:10:00-00:00,2023-06-19,19,TH_NP15_GEN-APND,TH_NP15_GEN-APND,TH_NP15_GEN-APND,RTM,MCE,LMP_ENE_PRC,TH_NP15_GEN-APND,ALL_APNODES,0,8.68482,2,2
2023-06-20T01:10:00-00:00,2023-06-20T01:15:00-00:00,2023-06-19,19,TH_NP15_GEN-APND,TH_NP15_GEN-APND,TH_NP15_GEN-APND,RTM,MCE,LMP_ENE_PRC,TH_NP15_GEN-APND,ALL_APNODES,0,9.84094,3,2
2023-06-20T01:15:00-00:00,2023-06-20T01:20:00-00:00,2023-06-19,19,TH_NP15_GEN-APND,TH_NP15_GEN-APND,TH_NP15_GEN-APND,RTM,MCE,LMP_ENE_PRC,TH_NP15_GEN-APND,ALL_APNODES,0,13.68475,4,2
2023-06-20T01:20:00-00:00,2023-06-20T01:25:00-00:00,2023-06-19,19,TH_NP15_GEN-APND,TH_NP15_GEN-APND,TH_NP15_GEN-APND,RTM,MCE,LMP_ENE_PRC,TH_NP15_GEN-APND,ALL_APNODES,0,15.01541,5,2
2023-06-20T01:25:00-00:00,2023-06-20T01:30:00-00:00,2023-06-19,19,TH_NP15_GEN-APND,TH_NP15_GEN-APND,TH_NP15_GEN-APND,RTM,MCE,LMP_ENE_PRC,TH_NP15_GEN-APND,ALL_APNODES,0,13.49908,6,2
2023-06-20T01:30:00-00:00,2023-06-20T01:35:00-00:00,2023-06-19,19,TH_NP15_GEN-APND,TH_NP15_GEN-APND,TH_NP15_GEN-APND,RTM,MCE,LMP_ENE_PRC,TH_NP15_GEN-APND,ALL_APNODES,0,16.22715,7,2
2023-06-20T01:35:00-00:00,2023-06-20T01:40:00-00:00,2023-06-19,19,TH_NP15_GEN-APND,TH_NP15_GEN-APND,TH_NP15_GEN-APND,RTM,MCE,LMP_ENE_PRC,TH_NP15_GEN-APND,ALL_APNODES,0,19.59354,8,2
2023-06-20T01:40:00-00:00,2023-06-20T01:45:00-00:00,2023-06-19,19,TH_NP15_GEN-APND,TH_NP15_GEN-APND,TH_NP15_GEN-APND,RTM,MCE,LMP_ENE_PRC,TH_NP15_GEN-APND,ALL_APNODES,0,24.54545,9,2
2023-06-20T01:45:00-00:00,2023-06-20T01:50:00-00:00,2023-06-19,19,TH_NP15_GEN-APND,TH_NP15_GEN-APND,TH_NP15_GEN-APND,RTM,MCE,LMP_ENE_PRC,TH_NP15_GEN-APND,ALL_APNODES,0,28.45028,10,2
2023-06-20T01:50:00-00:00,2023-06-20T01:55:00-00:00,2023-06-19,19,TH_NP15_GEN-APND,TH_NP15_GEN-APND,TH_NP15_GEN-APND,RTM,MCE,LMP_ENE_PRC,TH_NP15_GEN-APND,ALL_APNODES,0,34.08049,11,2
2023-06-20T01:55:00-00:00,2023-06-20T02:00:00-00:00,2023-06-19,19,TH_NP15_GEN-APND,TH_NP15_GEN-APND,TH_NP15_GEN-APND,RTM,MCE,LMP_ENE_PRC,TH_NP15_GEN-APND,ALL_APNODES,0,40.31915,12,2
2023-06-20T02:00:00-00:00,2023-06-20T02:05:00-00:00,2023-06-19,20,TH_NP15_GEN-APND,TH_NP15_GEN-APND,TH_NP15_GEN-APND,RTM,MCE,LMP_ENE_PRC,TH_NP15_GEN-APND,ALL_APNODES,0,16.36321,1,2
2023-06-20T02:05:00-00:00,2023-06-20T02:10:00-00:00,2023-06-19,20,TH_NP15_GEN-APND,TH_NP15_GEN-APND,TH_NP15_GEN-APND,RTM,MCE,LMP_ENE_PRC,TH_NP15_GEN-APND,ALL_APNODES,0,17.04871,2,2
2023-06-20T02:10:00-00:00,2023-06-20T02:15:00-00:00,2023-06-19,20,TH_NP15_GEN-APND,TH_NP15_GEN-APND,TH_NP15_GEN-APND,RTM,MCE,LMP_ENE_PRC,TH_NP15_GEN-APND,ALL_APNODES,0,20.34928,3,2
2023-06-20T02:15:00-00:00,2023-06-20T02:20:00-00:00,2023-06-19,20,TH_NP15_GEN-APND,TH_NP15_GEN-APND,TH_NP15_GEN-APND,RTM,MCE,LMP_ENE_PRC,TH_NP15_GEN-APND,ALL_APNODES,0,19.04852,4,2
2023-06-20T02:20:00-00:00,2023-06-20T02:25:00-00:00,2023-06-19,20,TH_NP15_GEN-APND,TH_NP15_GEN-APND,TH_NP15_GEN-APND,RTM,MCE,LMP_ENE_PRC,TH_NP15_GEN-APND,ALL_APNODES,0,19.72768,5,2
2023-06-20T02:25:00-00:00,2023-06-20T02:30:00-00:00,2023-06-19,20,TH_NP15_GEN-APND,TH_NP15_GEN-APND,TH_NP15_GEN-APND,RTM,MCE,LMP_ENE_PRC,TH_NP15_GEN-APND,ALL_APNODES,0,20.85483,6,2
2023-06-20T02:30:00-00:00,2023-06-20T02:35:00-00:00,2023-06-19,20,TH_NP15_GEN-APND,TH_NP15_GEN-APND,TH_NP15_GEN-APND,RTM,MCE,LMP_ENE_PRC,TH_NP15_GEN-APND,ALL_APNODES,0,28.46447,7,2
2023-06-20T02:35:00-00:00,2023-06-20T02:40:00-00:00,2023-06-19,20,TH_NP15_GEN-APND,TH_NP15_GEN-APND,TH_NP15_GEN-APND,RTM,MCE,LMP_ENE_PRC,TH_NP15_GEN-APND,ALL_APNODES,0,32.2081,8,2
2023-06-20T02:40:00-00:00,2023-06-20T02:45:00-00:00,2023-06-19,20,TH_NP15_GEN-APND,TH_NP15_GEN-APND,TH_NP15_GEN-APND,RTM,MCE,LMP_ENE_PRC,TH_NP15_GEN-APND,ALL_APNODES,0,33.06139,9,2
2023-06-20T02:45:00-00:00,2023-06-20T02:50:00-00:00,2023-06-19,20,TH_NP15_GEN-APND,TH_NP15_GEN-APND,TH_NP15_GEN-APND,RTM,MCE,LMP_ENE_PRC,TH_NP15_GEN-APND,ALL_APNODES,0,33.11704,10,2
2023-06-20T02:50:00-00:00,2023-06-20T02:55:00-00:00,2023-06-19,20,TH_NP15_GEN-APND,TH_NP15_GEN-APND,TH_NP15_GEN-APND,RTM,MCE,LMP_ENE_PRC,TH_NP15_GEN-APND,ALL_APNODES,0,35.01759,11,2
2023-06-20T02:55:00-00:00,2023-06-20T03:00:00-00:00,2023-06-19,20,TH_NP15_GEN-APND,TH_NP15_GEN-APND,TH_NP15_GEN-APND,RTM,MCE,LMP_ENE_PRC,TH_NP15_GEN-APND,ALL_APNODES,0,34.62416,12,2
2023-06-20T03:00:00-00:00,2023-06-20T03:05:00-00:00,2023-06-19,21,TH_NP15_GEN-APND,TH_NP15_GEN-APND,TH_NP15_GEN-APND,RTM,MCE,LMP_ENE_PRC,TH_NP15_GEN-APND,ALL_APNODES,0,27.77919,1,2
2023-06-20T03:05:00-00:00,2023-06-20T03:10:00-00:00,2023-06-19,21,TH_NP15_GEN-APND,TH_NP15_GEN-APND,TH_NP15_GEN-APND,RTM,MCE,LMP_ENE_PRC,TH_NP15_GEN-APND,ALL_APNODES,0,27.33604,2,2
2023-06-20T03:10:00-00:00,2023-06-20T03:15:00-00:00,2023-06-19,21,TH_NP15_GEN-APND,TH_NP15_GEN-APND,TH_NP15_GEN-APND,RTM,MCE,LMP_ENE_PRC,TH_NP15_GEN-APND,ALL_APNODES,0,32.29252,3,2
2023-06-20T03:15:00-00:00,2023-06-20T03:20:00-00:00,2023-06-19,21,TH_NP15_GEN-APND,TH_NP15_GEN-APND,TH_NP15_GEN-APND,RTM,MCE,LMP_ENE_PRC,TH_NP15_GEN-APND,ALL_APNODES,0,29.76505,4,2
2023-06-20T03:20:00-00:00,2023-06-20T03:25:00-00:00,2023-06-19,21,TH_NP15_GEN-APND,TH_NP15_GEN-APND,TH_NP15_GEN-APND,RTM,MCE,LMP_ENE_PRC,TH_NP15_GEN-APND,ALL_APNODES,0,32.67616,5,2
2023-06-20T03:25:00-00:00,2023-06-20T03:30:00-00:00,2023-06-19,21,TH_NP15_GEN-APND,TH_NP15_GEN-APND,TH_NP15_GEN-APND,RTM,MCE,LMP_ENE_PRC,TH_NP15_GEN-APND,ALL_APNODES,0,28.24719,6,2
2023-06-20T03:30:00-00:00,2023-06-20T03:35:00-00:00,2023-06-19,21,TH_NP15_GEN-APND,TH_NP15_GEN-APND,TH_NP15_GEN-APND,RTM,MCE,LMP_ENE_PRC,TH_NP15_GEN-APND,ALL_APNODES,0,29.60546,7,2
2023-06-20T03:35:00-00:00,2023-06-20T03:40:00-00:00,2023-06-19,21,TH_NP15_GEN-APND,TH_NP15_GEN-APND,TH_NP15_GEN-APND,RTM,MCE,LMP_ENE_PRC,TH_NP15_GEN-APND,ALL_APNODES,0,29.6061,8,2
2023-06-20T03:40:00-00:00,2023-06-20T03:45:00-00:00,2023-06-19,21,TH_NP15_GEN-APND,TH_NP15_GEN-APND,TH_NP15_GEN-APND,RTM,MCE,LMP_ENE_PRC,TH_NP15_GEN-APND,ALL_APNODES,0,29.72646,9,2
2023-06-20T03:45:00-00:00,2023-06-20T03:50:00-00:00,2023-06-19,21,TH_NP15_GEN-APND,TH_NP15_GEN-APND,TH_NP15_GEN-APND,RTM,MCE,LMP_ENE_PRC,TH_NP15_GEN-APND,ALL_APNODES,0,33.79681,10,2
2023-06-20T03:50:00-00:00,2023-06-20T03:55:00-00:00,2023-06-19,21,TH_NP15_GEN-APND,TH_NP15_GEN-APND,TH_NP15_GEN-APND,RTM,MCE,LMP_ENE_PRC,TH_NP15_GEN-APND,ALL_APNODES,0,31.47836,11,2
2023-06-20T03:55:00-00:00,2023-06-20T04:00:00-00:00,2023-06-19,21,TH_NP15_GEN-APND,TH_NP15_GEN-APND,TH_NP15_GEN-APND,RTM,MCE,LMP_ENE_PRC,TH_NP15_GEN-APND,ALL_APNODES,0,32.05538,12,2
2023-06-20T04:00:00-00:00,2023-06-20T04:05:00-00:00,2023-06-19,22,TH_NP15_GEN-APND,TH_NP15_GEN-APND,TH_NP15_GEN-APND,RTM,MCE,LMP_ENE_PRC,TH_NP15_GEN-APND,ALL_APNODES,0,33.97031,1,2
2023-06-20T04:05:00-00:00,2023-06-20T04:10:00-00:00,2023-06-19,22,TH_NP15_GEN-APND,TH_NP15_GEN-APND,TH_NP15_GEN-APND,RTM,MCE,LMP_ENE_PRC,TH_NP15_GEN-APND,ALL_APNODES,0,33.90533,2,2
2023-06-20T04:10:00-00:00,2023-06-20T04:15:00-00:00,2023-06-19,22,TH_NP15_GEN-APND,TH_NP15_GEN-APND,TH_NP15_GEN-APND,RTM,MCE,LMP_ENE_PRC,TH_NP15_GEN-APND,ALL_APNODES,0,34.01207,3,2
2023-06-20T04:15:00-00:00,2023-06-20T04:20:00-00:00,2023-06-19,22,TH_NP15_GEN-APND,TH_NP15_GEN-APND,TH_NP15_GEN-APND,RTM,MCE,LMP_ENE_PRC,TH_NP15_GEN-APND,ALL_APNODES,0,35.08829,4,2
2023-06-20T04:20:00-00:00,2023-06-20T04:25:00-00:00,2023-06-19,22,TH_NP15_GEN-APND,TH_NP15_GEN-APND,TH_NP15_GEN-APND,RTM,MCE,LMP_ENE_PRC,TH_NP15_GEN-APND,ALL_APNODES,0,35.08829,5,2
2023-06-20T04:25:00-00:00,2023-06-20T04:30:00-00:00,2023-06-19,22,TH_NP15_GEN-APND,TH_NP15_GEN-APND,TH_NP15_GEN-APND,RTM,MCE,LMP_ENE_PRC,TH_NP15_GEN-APND,ALL_APNODES,0,35.08829,6,2
2023-06-20T04:30:00-00:00,2023-06-20T04:35:00-00:00,2023-06-19,22,TH_NP15_GEN-APND,TH_NP15_GEN-APND,TH_NP15_GEN-APND,RTM,MCE,LMP_ENE_PRC,TH_NP15_GEN-APND,ALL_APNODES,0,33.77911,7,2
2023-06-20T04:35:00-00:00,2023-06-20T04:40:00-00:00,2023-06-19,22,TH_NP15_GEN-APND,TH_NP15_GEN-APND,TH_NP15_GEN-APND,RTM,MCE,LMP_ENE_PRC,TH_NP15_GEN-APND,ALL_APNODES,0,33.43127,8,2
2023-06-20T04:40:00-00:00,2023-06-20T04:45:00-00:00,2023-06-19,22,TH_NP15_GEN-APND,TH_NP15_GEN-APND,TH_NP15_GEN-APND,RTM,MCE,LMP_ENE_PRC,TH_NP15_GEN-APND,ALL_APNODES,0,33.23218,9,2
2023-06-20T04:45:00-00:00,2023-06-20T04:50:00-00:00,2023-06-19,22,TH_NP15_GEN-APND,TH_NP15_GEN-APND,TH_NP15_GEN-APND,RTM,MCE,LMP_ENE_PRC,TH_NP15_GEN-APND,ALL_APNODES,0,32.64668,10,2
2023-06-20T04:50:00-00:00,2023-06-20T04:55:00-00:00,2023-06-19,22,TH_NP15_GEN-APND,TH_NP15_GEN-APND,TH_NP15_GEN-APND,RTM,MCE,LMP_ENE_PRC,TH_NP15_GEN-APND,ALL_APNODES,0,31.17755,11,2
2023-06-20T04:55:00-00:00,2023-06-20T05:00:00-00:00,2023-06-19,22,TH_NP15_GEN-APND,TH_NP15_GEN-APND,TH_NP15_GEN-APND,RTM,MCE,LMP_ENE_PRC,TH_NP15_GEN-APND,ALL_APNODES,0,30.34209,12,2
2023-06-20T05:00:00-00:00,2023-06-20T05:05:00-00:00,2023-06-19,23,TH_NP15_GEN-APND,TH_NP15_GEN-APND,TH_NP15_GEN-APND,RTM,MCE,LMP_ENE_PRC,TH_NP15_GEN-APND,ALL_APNODES,0,39.09712,1,2
2023-06-20T05:05:00-00:00,2023-06-20T05:10:00-00:00,2023-06-19,23,TH_NP15_GEN-APND,TH_NP15_GEN-APND,TH_NP15_GEN-APND,RTM,MCE,LMP_ENE_PRC,TH_NP15_GEN-APND,ALL_APNODES,0,39.09712,2,2
2023-06-20T05:10:00-00:00,2023-06-20T05:15:00-00:00,2023-06-19,23,TH_NP15_GEN-APND,TH_NP15_GEN-APND,TH_NP15_GEN-APND,RTM,MCE,LMP_ENE_PRC,TH_NP15_GEN-APND,ALL_APNODES,0,35.37499,3,2
2023-06-20T05:15:00-00:00,2023-06-20T05:20:00-00:00,2023-06-19,23,TH_NP15_GEN-APND,TH_NP15_GEN-APND,TH_NP15_GEN-APND,RTM,MCE,LMP_ENE_PRC,TH_NP15_GEN-APND,ALL_APNODES,0,35.07318,4,2
2023-06-20T05:20:00-00:00,2023-06-20T05:25:00-00:00,2023-06-19,23,TH_NP15_GEN-APND,TH_NP15_GEN-APND,TH_NP15_GEN-APND,RTM,MCE,LMP_ENE_PRC,TH_NP15_GEN-APND,ALL_APNODES,0,35.07318,5,2
2023-06-20T05:25:00-00:00,2023-06-20T05:30:00-00:00,2023-06-19,23,TH_NP15_GEN-APND,TH_NP15_GEN-APND,TH_NP15_GEN-APND,RTM,MCE,LMP_ENE_PRC,TH_NP15_GEN-APND,ALL_APNODES,0,31.81679,6,2
2023-06-20T05:30:00-00:00,2023-06-20T05:35:00-00:00,2023-06-19,23,TH_NP15_GEN-APND,TH_NP15_GEN-APND,TH_NP15_GEN-APND,RTM,MCE,LMP_ENE_PRC,TH_NP15_GEN-APND,ALL_APNODES,0,29.52286,7,2
2023-06-20T05:35:00-00:00,2023-06-20T05:40:00-00:00,2023-06-19,23,TH_NP15_GEN-APND,TH_NP15_GEN-APND,TH_NP15_GEN-APND,RTM,MCE,LMP_ENE_PRC,TH_NP15_GEN-APND,ALL_APNODES,0,29.52286,8,2
2023-06-20T05:40:00-00:00,2023-06-20T05:45:00-00:00,2023-06-19,23,TH_NP15_GEN-APND,TH_NP15_GEN-APND,TH_NP15_GEN-APND,RTM,MCE,LMP_ENE_PRC,TH_NP15_GEN-APND,ALL_APNODES,0,29.52286,9,2
2023-06-20T05:45:00-00:00,2023-06-20T05:50:00-00:00,2023-06-19,23,TH_NP15_GEN-APND,TH_NP15_GEN-APND,TH_NP15_GEN-APND,RTM,MCE,LMP_ENE_PRC,TH_NP15_GEN-APND,ALL_APNODES,0,29.52286,10,2
2023-06-20T05:50:00-00:00,2023-06-20T05:55:00-00:00,2023-06-19,23,TH_NP15_GEN-APND,TH_NP15_GEN-APND,TH_NP15_GEN-APND,RTM,MCE,LMP_ENE_PRC,TH_NP15_GEN-APND,ALL_APNODES,0,29.52286,11,2
2023-06-20T05:55:00-00:00,2023-06-20T06:00:00-00:00,2023-06-19,23,TH_NP15_GEN-APND,TH_NP15_GEN-APND,TH_NP15_GEN-APND,RTM,MCE,LMP_ENE_PRC,TH_NP15_GEN-APND,ALL_APNODES,0,25.78597,12,2
2023-06-20T06:00:00-00:00,2023-06-20T06:05:00-00:00,2023-06-19,24,TH_NP15_GEN-APND,TH_NP15_GEN-APND,TH_NP15_GEN-APND,RTM,MCE,LMP_ENE_PRC,TH_NP15_GEN-APND,ALL_APNODES,0,28.99674,1,2
2023-06-20T06:05:00-00:00,2023-06-20T06:10:00-00:00,2023-06-19,24,TH_NP15_GEN-APND,TH_NP15_GEN-APND,TH_NP15_GEN-APND,RTM,MCE,LMP_ENE_PRC,TH_NP15_GEN-APND,ALL_APNODES,0,28.25268,2,2
2023-06-20T06:10:00-00:00,2023-06-20T06:15:00-00:00,2023-06-19,24,TH_NP15_GEN-APND,TH_NP15_GEN-APND,TH_NP15_GEN-APND,RTM,MCE,LMP_ENE_PRC,TH_NP15_GEN-APND,ALL_APNODES,0,27.25061,3,2
2023-06-20T06:15:00-00:00,2023-06-20T06:20:00-00:00,2023-06-19,24,TH_NP15_GEN-APND,TH_NP15_GEN-APND,TH_NP15_GEN-APND,RTM,MCE,LMP_ENE_PRC,TH_NP15_GEN-APND,ALL_APNODES,0,26.41765,4,2
2023-06-20T06:20:00-00:00,2023-06-20T06:25:00-00:00,2023-06-19,24,TH_NP15_GEN-APND,TH_NP15_GEN-APND,TH_NP15_GEN-APND,RTM,MCE,LMP_ENE_PRC,TH_NP15_GEN-APND,ALL_APNODES,0,25.83283,5,2
2023-06-20T06:25:00-00:00,2023-06-20T06:30:00-00:00,2023-06-19,24,TH_NP15_GEN-APND,TH_NP15_GEN-APND,TH_NP15_GEN-APND,RTM,MCE,LMP_ENE_PRC,TH_NP15_GEN-APND,ALL_APNODES,0,22.39725,6,2
2023-06-20T06:30:00-00:00,2023-06-20T06:35:00-00:00,2023-06-19,24,TH_NP15_GEN-APND,TH_NP15_GEN-APND,TH_NP15_GEN-APND,RTM,MCE,LMP_ENE_PRC,TH_NP15_GEN-APND,ALL_APNODES,0,22.35161,7,2
2023-06-20T06:35:00-00:00,2023-06-20T06:40:00-00:00,2023-06-19,24,TH_NP15_GEN-APND,TH_NP15_GEN-APND,TH_NP15_GEN-APND,RTM,MCE,LMP_ENE_PRC,TH_NP15_GEN-APND,ALL_APNODES,0,20.08637,8,2
2023-06-20T06:40:00-00:00,2023-06-20T06:45:00-00:00,2023-06-19,24,TH_NP15_GEN-APND,TH_NP15_GEN-APND,TH_NP15_GEN-APND,RTM,MCE,LMP_ENE_PRC,TH_NP15_GEN-APND,ALL_APNODES,0,19.08205,9,2
2023-06-20T06:45:00-00:00,2023-06-20T06:50:00-00:00,2023-06-19,24,TH_NP15_GEN-APND,TH_NP15_GEN-APND,TH_NP15_GEN-APND,RTM,MCE,LMP_ENE_PRC,TH_NP15_GEN-APND,ALL_APNODES,0,19.1691,10,2
2023-06-20T06:50:00-00:00,2023-06-20T06:55:00-00:00,2023-06-19,24,TH_NP15_GEN-APND,TH_NP15_GEN-APND,TH_NP15_GEN-APND,RTM,MCE,LMP_ENE_PRC,TH_NP15_GEN-APND,ALL_APNODES,0,19.70736,11,2
2023-06-20T06:55:00-00:00,2023-06-20T07:00:00-00:00,2023-06-19,24,TH_NP15_GEN-APND,TH_NP15_GEN-APND,TH_NP15_GEN-APND,RTM,MCE,LMP_ENE_PRC,TH_NP15_GEN-APND,ALL_APNODES,0,19.04571,12,2
2023-06-20T00:00:00-00:00,2023-06-20T00:05:00-00:00,2023-06-19,18,TH_NP15_GEN-APND,TH_NP15_GEN-APND,TH_NP15_GEN-APND,RTM,MGHG,LMP_GHG_PRC,TH_NP15_GEN-APND,ALL_APNODES,0,0.0,1,3
2023-06-20T00:05:00-00:00,2023-06-20T00:10:00-00:00,2023-06-19,18,TH_NP15_GEN-APND,TH_NP15_GEN-APND,TH_NP15_GEN-APND,RTM,MGHG,LMP_GHG_PRC,TH_NP15_GEN-APND,ALL_APNODES,0,0.0,2,3
2023-06-20T00:10:00-00:00,2023-06-20T00:15:00-00:00,2023-06-19,18,TH_NP15_GEN-APND,TH_NP15_GEN-APND,TH_NP15_GEN-APND,RTM,MGHG,LMP_GHG_PRC,TH_NP15_GEN-APND,ALL_APNODES,0,0.0,3,3
2023-06-20T00:15:00-00:00,2023-06-20T00:20:00-00:00,2023-06-19,18,TH_NP15_GEN-APND,TH_NP15_GEN-APND,TH_NP15_GEN-APND,RTM,MGHG,LMP_GHG_PRC,TH_NP15_GEN-APND,ALL_APNODES,0,0.0,4,3
2023-06-20T00:20:00-00:00,2023-06-20T00:25:00-00:00,2023-06-19,18,TH_NP15_GEN-APND,TH_NP15_GEN-APND,TH_NP15_GEN-APND,RTM,MGHG,LMP_GHG_PRC,TH_NP15_GEN-APND,ALL_APNODES,0,0.0,5,3
2023-06-20T00:25:00-00:00,2023-06-20T00:30:00-00:00,2023-06-19,18,TH_NP15_GEN-APND,TH_NP15_GEN-APND,TH_NP15_GEN-APND,RTM,MGHG,LMP_GHG_PRC,TH_NP15_GEN-APND,ALL_APNODES,0,0.0,6,3
2023-06-20T00:30:00-00:00,2023-06-20T00:35:00-00:00,2023-06-19,18,TH_NP15_GEN-APND,TH_NP15_GEN-APND,TH_NP15_GEN-APND,RTM,MGHG,LMP_GHG_PRC,TH_NP15_GEN-APND,ALL_APNODES,0,0.0,7,3
2023-06-20T00:35:00-00:00,2023-06-20T00:40:00-00:00,2023-06-19,18,TH_NP15_GEN-APND,TH_NP15_GEN-APND,TH_NP15_GEN-APND,RTM,MGHG,LMP_GHG_PRC,TH_NP15_GEN-APND,ALL_APNODES,0,0.0,8,3
2023-06-20T00:40:00-00:00,2023-06-20T00:45:00-00:00,2023-06-19,18,TH_NP15_GEN-APND,TH_NP15_GEN-APND,TH_NP15_GEN-APND,RTM,MGHG,LMP_GHG_PRC,TH_NP15_GEN-APND,ALL_APNODES,0,0.0,9,3
2023-06-20T00:45:00-00:00,2023-06-20T00:50:00-00:00,2023-06-19,18,TH_NP15_GEN-APND,TH_NP15_GEN-APND,TH_NP15_GEN-APND,RTM,MGHG,LMP_GHG_PRC,TH_NP15_GEN-APND,ALL_APNODES,0,0.0,10,3
2023-06-20T00:50:00-00:00,2023-06-20T00:55:00-00:00,2023-06-19,18,TH_NP15_GEN-APND,TH_NP15_GEN-APND,TH_NP15_GEN-APND,RTM,MGHG,LMP_GHG_PRC,TH_NP15_GEN-APND,ALL_APNODES,0,0.0,11,3
2023-06-20T00:55:00-00:00,2023-06-20T01:00:00-00:00,2023-06-19,18,TH_NP15_GEN-APND,TH_NP15_GEN-APND,TH_NP15_GEN-APND,RTM,MGHG,LMP_GHG_PRC,TH_NP15_GEN-APND,ALL_APNODES,0,0.0,12,3
2023-06-20T01:00:00-00:00,2023-06-20T01:05:00-00:00,2023-06-19,19,TH_NP15_GEN-APND,TH_NP15_GEN-APND,TH_NP15_GEN-APND,RTM,MGHG,LMP_GHG_PRC,TH_NP15_GEN-APND,ALL_APNODES,0,0.0,1,3
2023-06-20T01:05:00-00:00,2023-06-20T01:10:00-00:00,2023-06-19,19,TH_NP15_GEN-APND,TH_NP15_GEN-APND,TH_NP15_GEN-APND,RTM,MGHG,LMP_GHG_PRC,TH_NP15_GEN-APND,ALL_APNODES,0,0.0,2,3
2023-06-20T01:10:00-00:00,2023-06-20T01:15:00-00:00,2023-06-19,19,TH_NP15_GEN-APND,TH_NP15_GEN-APND,TH_NP15_GEN-APND,RTM,MGHG,LMP_GHG_PRC,TH_NP15_GEN-APND,ALL_APNODES,0,0.0,3,3
2023-06-20T01:15:00-00:00,2023-06-20T01:20:00-00:00,2023-06-19,19,TH_NP15_GEN-APND,TH_NP15_GEN-APND,TH_NP15_GEN-APND,RTM,MGHG,LMP_GHG_PRC,TH_NP15_GEN-APND,ALL_APNODES,0,0.0,4,3
2023-06-20T01:20:00-00:00,2023-06-20T01:25:00-00:00,2023-06-19,19,TH_NP15_GEN-APND,TH_NP15_GEN-APND,TH_NP15_GEN-APND,RTM,MGHG,LMP_GHG_PRC,TH_NP15_GEN-APND,ALL_APNODES,0,0.0,5,3
2023-06-20T01:25:00-00:00,2023-06-20T01:30:00-00:00,2023-06-19,19,TH_NP15_GEN-APND,TH_NP15_GEN-APND,TH_NP15_GEN-APND,RTM,MGHG,LMP_GHG_PRC,TH_NP15_GEN-APND,ALL_APNODES,0,0.0,6,3
2023-06-20T01:30:00-00:00,2023-06-20T01:35:00-00:00,2023-06-19,19,TH_NP15_GEN-APND,TH_NP15_GEN-APND,TH_NP15_GEN-APND,RTM,MGHG,LMP_GHG_PRC,TH_NP15_GEN-APND,ALL_APNODES,0,0.0,7,3
2023-06-20T01:35:00-00:00,2023-06-20T01:40:00-00:00,2023-06-19,19,TH_NP15_GEN-APND,TH_NP15_GEN-APND,TH_NP15_GEN-APND,RTM,MGHG,LMP_GHG_PRC,TH_NP15_GEN-APND,ALL_APNODES,0,0.0,8,3
2023-06-20T01:40:00-00:00,2023-06-20T01:45:00-00:00,2023-06-19,19,TH_NP15_GEN-APND,TH_NP15_GEN-APND,TH_NP15_GEN-APND,RTM,MGHG,LMP_GHG_PRC,TH_NP15_GEN-APND,ALL_APNODES,0,0.0,9,3
2023-06-20T01:45:00-00:00,2023-06-20T01:50:00-00:00,2023-06-19,19,TH_NP15_GEN-APND,TH_NP15_GEN-APND,TH_NP15_GEN-APND,RTM,MGHG,LMP_GHG_PRC,TH_NP15_GEN-APND,ALL_APNODES,0,0.0,10,3
2023-06-20T01:50:00-00:00,2023-06-20T01:55:00-00:00,2023-06-19,19,TH_NP15_GEN-APND,TH_NP15_GEN-APND,TH_NP15_GEN-APND,RTM,MGHG,LMP_GHG_PRC,TH_NP15_GEN-APND,ALL_APNODES,0,0.0,11,3
2023-06-20T01:55:00-00:00,2023-06-20T02:00:00-00:00,2023-06-19,19,TH_NP15_GEN-APND,TH_NP15_GEN-APND,TH_NP15_GEN-APND,RTM,MGHG,LMP_GHG_PRC,TH_NP15_GEN-APND,ALL_APNODES,0,0.0,12,3
2023-06-20T02:00:00-00:00,2023-06-20T02:05:00-00:00,2023-06-19,20,TH_NP15_GEN-APND,TH_NP15_GEN-APND,TH_NP15_GEN-APND,RTM,MGHG,LMP_GHG_PRC,TH_NP15_GEN-APND,ALL_APNODES,0,0.0,1,3
2023-06-20T02:05:00-00:00,2023-06-20T02:10:00-00:00,2023-06-19,20,TH_NP15_GEN-APND,TH_NP15_GEN-APND,TH_NP15_GEN-APND,RTM,MGHG,LMP_GHG_PRC,TH_NP15_GEN-APND,ALL_APNODES,0,0.0,2,3
2023-06-20T02:10:00-00:00,2023-06-20T02:15:00-00:00,2023-06-19,20,TH_NP15_GEN-APND,TH_NP15_GEN-APND,TH_NP15_GEN-APND,RTM,MGHG,LMP_GHG_PRC,TH_NP15_GEN-APND,ALL_APNODES,0,0.0,3,3
2023-06-20T02:15:00-00:00,2023-06-20T02:20:00-00:00,2023-06-19,20,TH_NP15_GEN-APND,TH_NP15_GEN-APND,TH_NP15_GEN-APND,RTM,MGHG,LMP_GHG_PRC,TH_NP15_GEN-APND,ALL_APNODES,0,0.0,4,3
2023-06-20T02:20:00-00:00,2023-06-20T02:25:00-00:00,2023-06-19,20,TH_NP15_GEN-APND,TH_NP15_GEN-APND,TH_NP15_GEN-APND,RTM,MGHG,LMP_GHG_PRC,TH_NP15_GEN-APND,ALL_APNODES,0,0.0,5,3
2023-06-20T02:25:00-00:00,2023-06-20T02:30:00-00:00,2023-06-19,20,TH_NP15_GEN-APND,TH_NP15_GEN-APND,TH_NP15_GEN-APND,RTM,MGHG,LMP_GHG_PRC,TH_NP15_GEN-APND,ALL_APNODES,0,0.0,6,3
2023-06-20T02:30:00-00:00,2023-06-20T02:35:00-00:00,2023-06-19,20,TH_NP15_GEN-APND,TH_NP15_GEN-APND,TH_NP15_GEN-APND,RTM,MGHG,LMP_GHG_PRC,TH_NP15_GEN-APND,ALL_APNODES,0,0.0,7,3
2023-06-20T02:35:00-00:00,2023-06-20T02:40:00-00:00,2023-06-19,20,TH_NP15_GEN-APND,TH_NP15_GEN-APND,TH_NP15_GEN-APND,RTM,MGHG,LMP_GHG_PRC,TH_NP15_GEN-APND,ALL_APNODES,0,0.0,8,3
2023-06-20T02:40:00-00:00,2023-06-20T02:45:00-00:00,2023-06-19,20,TH_NP15_GEN-APND,TH_NP15_GEN-APND,TH_NP15_GEN-APND,RTM,MGHG,LMP_GHG_PRC,TH_NP15_GEN-APND,ALL_APNODES,0,0.0,9,3
2023-06-20T02:45:00-00:00,2023-06-20T02:50:00-00:00,2023-06-19,20,TH_NP15_GEN-APND,TH_NP15_GEN-APND,TH_NP15_GEN-APND,RTM,MGHG,LMP_GHG_PRC,TH_NP15_GEN-APND,ALL_APNODES,0,0.0,10,3
2023-06-20T02:50:00-00:00,2023-06-20T02:55:00-00:00,2023-06-19,20,TH_NP15_GEN-APND,TH_NP15_GEN-APND,TH_NP15_GEN-APND,RTM,MGHG,LMP_GHG_PRC,TH_NP15_GEN-APND,ALL_APNODES,0,0.0,11,3
2023-06-20T02:55:00-00:00,2023-06-20T03:00:00-00:00,2023-06-19,20,TH_NP15_GEN-APND,TH_NP15_GEN-APND,TH_NP15_GEN-APND,RTM,MGHG,LMP_GHG_PRC,TH_NP15_GEN-APND,ALL_APNODES,0,0.0,12,3
2023-06-20T03:00:00-00:00,2023-06-20T03:05:00-00:00,2023-06-19,21,TH_NP15_GEN-APND,TH_NP15_GEN-APND,TH_NP15_GEN-APND,RTM,MGHG,LMP_GHG_PRC,TH_NP15_GEN-APND,ALL_APNODES,0,0.0,1,3
2023-06-20T03:05:00-00:00,2023-06-20T03:10:00-00:00,2023-06-19,21,TH_NP15_GEN-APND,TH_NP15_GEN-APND,TH_NP15_GEN-APND,RTM,MGHG,LMP_GHG_PRC,TH_NP15_GEN-APND,ALL_APNODES,0,0.0,2,3
2023-06-20T03:10:00-00:00,2023-06-20T03:15:00-00:00,2023-06-19,21,TH_NP15_GEN-APND,TH_NP15_GEN-APND,TH_NP15_GEN-APND,RTM,MGHG,LMP_GHG_PRC,TH_NP15_GEN-APND,ALL_APNODES,0,0.0,3,3
2023-06-20T03:15:00-00:00,2023-06-20T03:20:00-00:00,2023-06-19,21,TH_NP15_GEN-APND,TH_NP15_GEN-APND,TH_NP15_GEN-APND,RTM,MGHG,LMP_GHG_PRC,TH_NP15_GEN-APND,ALL_APNODES,0,0.0,4,3
2023-06-20T03:20:00-00:00,2023-06-20T03:25:00-00:00,2023-06-19,21,TH_NP15_GEN-APND,TH_NP15_GEN-APND,TH_NP15_GEN-APND,RTM,MGHG,LMP_GHG_PRC,TH_NP15_GEN-APND,ALL_APNODES,0,0.0,5,3
2023-06-20T03:25:00-00:00,2023-06-20T03:30:00-00:00,2023-06-19,21,TH_NP15_GEN-APND,TH_NP15_GEN-APND,TH_NP15_GEN-APND,RTM,MGHG,LMP_GHG_PRC,TH_NP15_GEN-APND,ALL_APNODES,0,0.0,6,3
2023-06-20T03:30:00-00:00,2023-06-20T03:35:00-00:00,2023-06-19,21,TH_NP15_GEN-APND,TH_NP15_GEN-APND,TH_NP15_GEN-APND,RTM,MGHG,LMP_GHG_PRC,TH_NP15_GEN-APND,ALL_APNODES,0,0.0,7,3
2023-06-20T03:35:00-00:00,2023-06-20T03:40:00-00:00,2023-06-19,21,TH_NP15_GEN-APND,TH_NP15_GEN-APND,TH_NP15_GEN-APND,RTM,MGHG,LMP_GHG_PRC,TH_NP15_GEN-APND,ALL_APNODES,0,0.0,8,3
2023-06-20T03:40:00-00:00,2023-06-20T03:45:00-00:00,2023-06-19,21,TH_NP15_GEN-APND,TH_NP15_GEN-APND,TH_NP15_GEN-APND,RTM,MGHG,LMP_GHG_PRC,TH_NP15_GEN-APND,ALL_APNODES,0,0.0,9,3
2023-06-20T03:45:00-00:00,2023-06-20T03:50:00-00:00,2023-06-19,21,TH_NP15_GEN-APND,TH_NP15_GEN-APND,TH_NP15_GEN-APND,RTM,MGHG,LMP_GHG_PRC,TH_NP15_GEN-APND,ALL_APNODES,0,0.0,10,3
2023-06-20T03:50:00-00:00,2023-06-20T03:55:00-00:00,2023-06-19,21,TH_NP15_GEN-APND,TH_NP15_GEN-APND,TH_NP15_GEN-APND,RTM,MGHG,LMP_GHG_PRC,TH_NP15_GEN-APND,ALL_APNODES,0,0.0,11,3
2023-06-20T03:55:00-00:00,2023-06-20T04:00:00-00:00,2023-06-19,21,TH_NP15_GEN-APND,TH_NP15_GEN-APND,TH_NP15_GEN-APND,RTM,MGHG,LMP_GHG_PRC,TH_NP15_GEN-APND,ALL_APNODES,0,0.0,12,3
2023-06-20T04:00:00-00:00,2023-06-20T04:05:00-00:00,2023-06-19,22,TH_NP15_GEN-APND,TH_NP15_GEN-APND,TH_NP15_GEN-APND,RTM,MGHG,LMP_GHG_PRC,TH_NP15_GEN-APND,ALL_APNODES,0,0.0,1,3
2023-06-20T04:05:00-00:00,2023-06-20T04:10:00-00:00,2023-06-19,22,TH_NP15_GEN-APND,TH_NP15_GEN-APND,TH_NP15_GEN-APND,RTM,MGHG,LMP_GHG_PRC,TH_NP15_GEN-APND,ALL_APNODES,0,0.0,2,3
2023-06-20T04:10:00-00:00,2023-06-20T04:15:00-00:00,2023-06-19,22,TH_NP15_GEN-APND,TH_NP15_GEN-APND,TH_NP15_GEN-APND,RTM,MGHG,LMP_GHG_PRC,TH_NP15_GEN-APND,ALL_APNODES,0,0.0,3,3
2023-06-20T04:15:00-00:00,2023-06-20T04:20:00-00:00,2023-06-19,22,TH_NP15_GEN-APND,TH_NP15_GEN-APND,TH_NP15_GEN-APND,RTM,MGHG,LMP_GHG_PRC,TH_NP15_GEN-APND,ALL_APNODES,0,0.0,4,3
2023-06-20T04:20:00-00:00,2023-06-20T04:25:00-00:00,2023-06-19,22,TH_NP15_GEN-APND,TH_NP15_GEN-APND,TH_NP15_GEN-APND,RTM,MGHG,LMP_GHG_PRC,TH_NP15_GEN-APND,ALL_APNODES,0,0.0,5,3
2023-06-20T04:25:00-00:00,2023-06-20T04:30:00-00:00,2023-06-19,22,TH_NP15_GEN-APND,TH_NP15_GEN-APND,TH_NP15_GEN-APND,RTM,MGHG,LMP_GHG_PRC,TH_NP15_GEN-APND,ALL_APNODES,0,0.0,6,3
2023-06-20T04:30:00-00:00,2023-06-20T04:35:00-00:00,2023-06-19,22,TH_NP15_GEN-APND,TH_NP15_GEN-APND,TH_NP15_GEN-APND,RTM,MGHG,LMP_GHG_PRC,TH_NP15_GEN-APND,ALL_APNODES,0,0.0,7,3
2023-06-20T04:35:00-00:00,2023-06-20T04:40:00-00:00,2023-06-19,22,TH_NP15_GEN-APND,TH_NP15_GEN-APND,TH_NP15_GEN-APND,RTM,MGHG,LMP_GHG_PRC,TH_NP15_GEN-APND,ALL_APNODES,0,0.0,8,3
2023-06-20T04:40:00-00:00,2023-06-20T04:45:00-00:00,2023-06-19,22,TH_NP15_GEN-APND,TH_NP15_GEN-APND,TH_NP15_GEN-APND,RTM,MGHG,LMP_GHG_PRC,TH_NP15_GEN-APND,ALL_APNODES,0,0.0,9,3
2023-06-20T04:45:00-00:00,2023-06-20T04:50:00-00:00,2023-06-19,22,TH_NP15_GEN-APND,TH_NP15_GEN-APND,TH_NP15_GEN-APND,RTM,MGHG,LMP_GHG_PRC,TH_NP15_GEN-APND,ALL_APNODES,0,0.0,10,3
2023-06-20T04:50:00-00:00,2023-06-20T04:55:00-00:00,2023-06-19,22,TH_NP15_GEN-APND,TH_NP15_GEN-APND,TH_NP15_GEN-APND,RTM,MGHG,LMP_GHG_PRC,TH_NP15_GEN-APND,ALL_APNODES,0,0.0,11,3
2023-06-20T04:55:00-00:00,2023-06-20T05:00:00-00:00,2023-06-19,22,TH_NP15_GEN-APND,TH_NP15_GEN-APND,TH_NP15_GEN-APND,RTM,MGHG,LMP_GHG_PRC,TH_NP15_GEN-APND,ALL_APNODES,0,0.0,12,3
2023-06-20T05:00:00-00:00,2023-06-20T05:05:00-00:00,2023-06-19,23,TH_NP15_GEN-APND,TH_NP15_GEN-APND,TH_NP15_GEN-APND,RTM,MGHG,LMP_GHG_PRC,TH_NP15_GEN-APND,ALL_APNODES,0,0.0,1,3
2023-06-20T05:05:00-00:00,2023-06-20T05:10:00-00:00,2023-06-19,23,TH_NP15_GEN-APND,TH_NP15_GEN-APND,TH_NP15_GEN-APND,RTM,MGHG,LMP_GHG_PRC,TH_NP15_GEN-APND,ALL_APNODES,0,0.0,2,3
2023-06-20T05:10:00-00:00,2023-06-20T05:15:00-00:00,2023-06-19,23,TH_NP15_GEN-APND,TH_NP15_GEN-APND,TH_NP15_GEN-APND,RTM,MGHG,LMP_GHG_PRC,TH_NP15_GEN-APND,ALL_APNODES,0,0.0,3,3
2023-06-20T05:15:00-00:00,2023-06-20T05:20:00-00:00,2023-06-19,23,TH_NP15_GEN-APND,TH_NP15_GEN-APND,TH_NP15_GEN-APND,RTM,MGHG,LMP_GHG_PRC,TH_NP15_GEN-APND,ALL_APNODES,0,0.0,4,3
2023-06-20T05:20:00-00:00,2023-06-20T05:25:00-00:00,2023-06-19,23,TH_NP15_GEN-APND,TH_NP15_GEN-APND,TH_NP15_GEN-APND,RTM,MGHG,LMP_GHG_PRC,TH_NP15_GEN-APND,ALL_APNODES,0,0.0,5,3
2023-06-20T05:25:00-00:00,2023-06-20T05:30:00-00:00,2023-06-19,23,TH_NP15_GEN-APND,TH_NP15_GEN-APND,TH_NP15_GEN-APND,RTM,MGHG,LMP_GHG_PRC,TH_NP15_GEN-APND,ALL_APNODES,0,0.0,6,3
2023-06-20T05:30:00-00:00,2023-06-20T05:35:00-00:00,2023-06-19,23,TH_NP15_GEN-APND,TH_NP15_GEN-APND,TH_NP15_GEN-APND,RTM,MGHG,LMP_GHG_PRC,TH_NP15_GEN-APND,ALL_APNODES,0,0.0,7,3
2023-06-20T05:35:00-00:00,2023-06-20T05:40:00-00:00,2023-06-19,23,TH_NP15_GEN-APND,TH_NP15_GEN-APND,TH_NP15_GEN-APND,RTM,MGHG,LMP_GHG_PRC,TH_NP15_GEN-APND,ALL_APNODES,0,0.0,8,3
2023-06-20T05:40:00-00:00,2023-06-20T05:45:00-00:00,2023-06-19,23,TH_NP15_GEN-APND,TH_NP15_GEN-APND,TH_NP15_GEN-APND,RTM,MGHG,LMP_GHG_PRC,TH_NP15_GEN-APND,ALL_APNODES,0,0.0,9,3
2023-06-20T05:45:00-00:00,2023-06-20T05:50:00-00:00,2023-06-19,23,TH_NP15_GEN-APND,TH_NP15_GEN-APND,TH_NP15_GEN-APND,RTM,MGHG,LMP_GHG_PRC,TH_NP15_GEN-APND,ALL_APNODES,0,0.0,10,3
2023-06-20T05:50:00-00:00,2023-06-20T05:55:00-00:00,2023-06-19,23,TH_NP15_GEN-APND,TH_NP15_GEN-APND,TH_NP15_GEN-APND,RTM,MGHG,LMP_GHG_PRC,TH_NP15_GEN-APND,ALL_APNODES,0,0.0,11,3
2023-06-20T05:55:00-00:00,2023-06-20T06:00:00-00:00,2023-06-19,23,TH_NP15_GEN-APND,TH_NP15_GEN-APND,TH_NP15_GEN-APND,RTM,MGHG,LMP_GHG_PRC,TH_NP15_GEN-APND,ALL_APNODES,0,0.0,12,3
2023-06-20T06:00:00-00:00,2023-06-20T06:05:00-00:00,2023-06-19,24,TH_NP15_GEN-APND,TH_NP15_GEN-APND,TH_NP15_GEN-APND,RTM,MGHG,LMP_GHG_PRC,TH_NP15_GEN-APND,ALL_APNODES,0,0.0,1,3
2023-06-20T06:05:00-00:00,2023-06-20T06:10:00-00:00,2023-06-19,24,TH_NP15_GEN-APND,TH_NP15_GEN-APND,TH_NP15_GEN-APND,RTM,MGHG,LMP_GHG_PRC,TH_NP15_GEN-APND,ALL_APNODES,0,0.0,2,3
2023-06-20T06:10:00-00:00,2023-06-20T06:15:00-00:00,2023-06-19,24,TH_NP15_GEN-APND,TH_NP15_GEN-APND,TH_NP15_GEN-APND,RTM,MGHG,LMP_GHG_PRC,TH_NP15_GEN-APND,ALL_APNODES,0,0.0,3,3
2023-06-20T06:15:00-00:00,2023-06-20T06:20:00-00:00,2023-06-19,24,TH_NP15_GEN-APND,TH_NP15_GEN-APND,TH_NP15_GEN-APND,RTM,MGHG,LMP_GHG_PRC,TH_NP15_GEN-APND,ALL_APNODES,0,0.0,4,3
2023-06-20T06:20:00-00:00,2023-06-20T06:25:00-00:00,2023-06-19,24,TH_NP15_GEN-APND,TH_NP15_GEN-APND,TH_NP15_GEN-APND,RTM,MGHG,LMP_GHG_PRC,TH_NP15_GEN-APND,ALL_APNODES,0,0.0,5,3
2023-06-20T06:25:00-00:00,2023-06-20T06:30:00-00:00,2023-06-19,24,TH_NP15_GEN-APND,TH_NP15_GEN-APND,TH_NP15_GEN-APND,RTM,MGHG,LMP_GHG_PRC,TH_NP15_GEN-APND,ALL_APNODES,0,0.0,6,3
2023-06-20T06:30:00-00:00,2023-06-20T06:35:00-00:00,2023-06-19,24,TH_NP15_GEN-APND,TH_NP15_GEN-APND,TH_NP15_GEN-APND,RTM,MGHG,LMP_GHG_PRC,TH_NP15_GEN-APND,ALL_APNODES,0,0.0,7,3
2023-06-20T06:35:00-00:00,2023-06-20T06:40:00-00:00,2023-06-19,24,TH_NP15_GEN-APND,TH_NP15_GEN-APND,TH_NP15_GEN-APND,RTM,MGHG,LMP_GHG_PRC,TH_NP15_GEN-APND,ALL_APNODES,0,0.0,8,3
2023-06-20T06:40:00-00:00,2023-06-20T06:45:00-00:00,2023-06-19,24,TH_NP15_GEN-APND,TH_NP15_GEN-APND,TH_NP15_GEN-APND,RTM,MGHG,LMP_GHG_PRC,TH_NP15_GEN-APND,ALL_APNODES,0,0.0,9,3
2023-06-20T06:45:00-00:00,2023-06-20T06:50:00-00:00,2023-06-19,24,TH_NP15_GEN-APND,TH_NP15_GEN-APND,TH_NP15_GEN-APND,RTM,MGHG,LMP_GHG_PRC,TH_NP15_GEN-APND,ALL_APNODES,0,0.0,10,3
2023-06-20T06:50:00-00:00,2023-06-20T06:55:00-00:00,2023-06-19,24,TH_NP15_GEN-APND,TH_NP15_GEN-APND,TH_NP15_GEN-APND,RTM,MGHG,LMP_GHG_PRC,TH_NP15_GEN-APND,ALL_APNODES,0,0.0,11,3
2023-06-20T06:55:00-00:00,2023-06-20T07:00:00-00:00,2023-06-19,24,TH_NP15_GEN-APND,TH_NP15_GEN-APND,TH_NP15_GEN-APND,RTM,MGHG,LMP_GHG_PRC,TH_NP15_GEN-APND,ALL_APNODES,0,0.0,12,3
2023-06-20T00:00:00-00:00,2023-06-20T00:05:00-00:00,2023-06-19,18,TH_NP15_GEN-APND,TH_NP15_GEN-APND,TH_NP15_GEN-APND,RTM,MCL,LMP_LOSS_PRC,TH_NP15_GEN-APND,ALL_APNODES,0,-0.39881,1,4
2023-06-20T00:05:00-00:00,2023-06-20T00:10:00-00:00,2023-06-19,18,TH_NP15_GEN-APND,TH_NP15_GEN-APND,TH_NP15_GEN-APND,RTM,MCL,LMP_LOSS_PRC,TH_NP15_GEN-APND,ALL_APNODES,0,-0.33961,2,4
2023-06-20T00:10:00-00:00,2023-06-20T00:15:00-00:00,2023-06-19,18,TH_NP15_GEN-APND,TH_NP15_GEN-APND,TH_NP15_GEN-APND,RTM,MCL,LMP_LOSS_PRC,TH_NP15_GEN-APND,ALL_APNODES,0,-0.39578,3,4
2023-06-20T00:15:00-00:00,2023-06-20T00:20:00-00:00,2023-06-19,18,TH_NP15_GEN-APND,TH_NP15_GEN-APND,TH_NP15_GEN-APND,RTM,MCL,LMP_LOSS_PRC,TH_NP15_GEN-APND,ALL_APNODES,0,-0.07933,4,4
2023-06-20T00:20:00-00:00,2023-06-20T00:25:00-00:00,2023-06-19,18,TH_NP15_GEN-APND,TH_NP15_GEN-APND,TH_NP15_GEN-APND,RTM,MCL,LMP_LOSS_PRC,TH_NP15_GEN-APND,ALL_APNODES,0,-0.42499,5,4
2023-06-20T00:25:00-00:00,2023-06-20T00:30:00-00:00,2023-06-19,18,TH_NP15_GEN-APND,TH_NP15_GEN-APND,TH_NP15_GEN-APND,RTM,MCL,LMP_LOSS_PRC,TH_NP15_GEN-APND,ALL_APNODES,0,-0.56667,6,4
2023-06-20T00:30:00-00:00,2023-06-20T00:35:00-00:00,2023-06-19,18,TH_NP15_GEN-APND,TH_NP15_GEN-APND,TH_NP15_GEN-APND,RTM,MCL,LMP_LOSS_PRC,TH_NP15_GEN-APND,ALL_APNODES,0,-0.67436,7,4
2023-06-20T00:35:00-00:00,2023-06-20T00:40:00-00:00,2023-06-19,18,TH_NP15_GEN-APND,TH_NP15_GEN-APND,TH_NP15_GEN-APND,RTM,MCL,LMP_LOSS_PRC,TH_NP15_GEN-APND,ALL_APNODES,0,-0.56783,8,4
2023-06-20T00:40:00-00:00,2023-06-20T00:45:00-00:00,2023-06-19,18,TH_NP15_GEN-APND,TH_NP15_GEN-APND,TH_NP15_GEN-APND,RTM,MCL,LMP_LOSS_PRC,TH_NP15_GEN-APND,ALL_APNODES,0,-0.70336,9,4
2023-06-20T00:45:00-00:00,2023-06-20T00:50:00-00:00,2023-06-19,18,TH_NP15_GEN-APND,TH_NP15_GEN-APND,TH_NP15_GEN-APND,RTM,MCL,LMP_LOSS_PRC,TH_NP15_GEN-APND,ALL_APNODES,0,-0.75411,10,4
2023-06-20T00:50:00-00:00,2023-06-20T00:55:00-00:00,2023-06-19,18,TH_NP15_GEN-APND,TH_NP15_GEN-APND,TH_NP15_GEN-APND,RTM,MCL,LMP_LOSS_PRC,TH_NP15_GEN-APND,ALL_APNODES,0,-0.8025,11,4
2023-06-20T00:55:00-00:00,2023-06-20T01:00:00-00:00,2023-06-19,18,TH_NP15_GEN-APND,TH_NP15_GEN-APND,TH_NP15_GEN-APND,RTM,MCL,LMP_LOSS_PRC,TH_NP15_GEN-APND,ALL_APNODES,0,-0.81704,12,4
2023-06-20T01:00:00-00:00,2023-06-20T01:05:00-00:00,2023-06-19,19,TH_NP15_GEN-APND,TH_NP15_GEN-APND,TH_NP15_GEN-APND,RTM,MCL,LMP_LOSS_PRC,TH_NP15_GEN-APND,ALL_APNODES,0,-0.75909,1,4
2023-06-20T01:05:00-00:00,2023-06-20T01:10:00-00:00,2023-06-19,19,TH_NP15_GEN-APND,TH_NP15_GEN-APND,TH_NP15_GEN-APND,RTM,MCL,LMP_LOSS_PRC,TH_NP15_GEN-APND,ALL_APNODES,0,-0.56451,2,4
2023-06-20T01:10:00-00:00,2023-06-20T01:15:00-00:00,2023-06-19,19,TH_NP15_GEN-APND,TH_NP15_GEN-APND,TH_NP15_GEN-APND,RTM,MCL,LMP_LOSS_PRC,TH_NP15_GEN-APND,ALL_APNODES,0,-0.63966,3,4
2023-06-20T01:15:00-00:00,2023-06-20T01:20:00-00:00,2023-06-19,19,TH_NP15_GEN-APND,TH_NP15_GEN-APND,TH_NP15_GEN-APND,RTM,MCL,LMP_LOSS_PRC,TH_NP15_GEN-APND,ALL_APNODES,0,-0.82382,4,4
2023-06-20T01:20:00-00:00,2023-06-20T01:25:00-00:00,2023-06-19,19,TH_NP15_GEN-APND,TH_NP15_GEN-APND,TH_NP15_GEN-APND,RTM,MCL,LMP_LOSS_PRC,TH_NP15_GEN-APND,ALL_APNODES,0,-0.90393,5,4
2023-06-20T01:25:00-00:00,2023-06-20T01:30:00-00:00,2023-06-19,19,TH_NP15_GEN-APND,TH_NP15_GEN-APND,TH_NP15_GEN-APND,RTM,MCL,LMP_LOSS_PRC,TH_NP15_GEN-APND,ALL_APNODES,0,-0.81264,6,4
2023-06-20T01:30:00-00:00,2023-06-20T01:35:00-00:00,2023-06-19,19,TH_NP15_GEN-APND,TH_NP15_GEN-APND,TH_NP15_GEN-APND,RTM,MCL,LMP_LOSS_PRC,TH_NP15_GEN-APND,ALL_APNODES,0,0.0,7,4
2023-06-20T01:35:00-00:00,2023-06-20T01:40:00-00:00,2023-06-19,19,TH_NP15_GEN-APND,TH_NP15_GEN-APND,TH_NP15_GEN-APND,RTM,MCL,LMP_LOSS_PRC,TH_NP15_GEN-APND,ALL_APNODES,0,0.0,8,4
2023-06-20T01:40:00-00:00,2023-06-20T01:45:00-00:00,2023-06-19,19,TH_NP15_GEN-APND,TH_NP15_GEN-APND,TH_NP15_GEN-APND,RTM,MCL,LMP_LOSS_PRC,TH_NP15_GEN-APND,ALL_APNODES,0,0.0,9,4
2023-06-20T01:45:00-00:00,2023-06-20T01:50:00-00:00,2023-06-19,19,TH_NP15_GEN-APND,TH_NP15_GEN-APND,TH_NP15_GEN-APND,RTM,MCL,LMP_LOSS_PRC,TH_NP15_GEN-APND,ALL_APNODES,0,-1.79237,10,4
2023-06-20T01:50:00-00:00,2023-06-20T01:55:00-00:00,2023-06-19,19,TH_NP15_GEN-APND,TH_NP15_GEN-APND,TH_NP15_GEN-APND,RTM,MCL,LMP_LOSS_PRC,TH_NP15_GEN-APND,ALL_APNODES,0,-2.14707,11,4
2023-06-20T01:55:00-00:00,2023-06-20T02:00:00-00:00,2023-06-19,19,TH_NP15_GEN-APND,TH_NP15_GEN-APND,TH_NP15_GEN-APND,RTM,MCL,LMP_LOSS_PRC,TH_NP15_GEN-APND,ALL_APNODES,0,-2.54011,12,4
2023-06-20T02:00:00-00:00,2023-06-20T02:05:00-00:00,2023-06-19,20,TH_NP15_GEN-APND,TH_NP15_GEN-APND,TH_NP15_GEN-APND,RTM,MCL,LMP_LOSS_PRC,TH_NP15_GEN-APND,ALL_APNODES,0,-0.94416,1,4
2023-06-20T02:05:00-00:00,2023-06-20T02:10:00-00:00,2023-06-19,20,TH_NP15_GEN-APND,TH_NP15_GEN-APND,TH_NP15_GEN-APND,RTM,MCL,LMP_LOSS_PRC,TH_NP15_GEN-APND,ALL_APNODES,0,-0.98371,2,4
2023-06-20T02:10:00-00:00,2023-06-20T02:15:00-00:00,2023-06-19,20,TH_NP15_GEN-APND,TH_NP15_GEN-APND,TH_NP15_GEN-APND,RTM,MCL,LMP_LOSS_PRC,TH_NP15_GEN-APND,ALL_APNODES,0,-1.17415,3,4
2023-06-20T02:15:00-00:00,2023-06-20T02:20:00-00:00,2023-06-19,20,TH_NP15_GEN-APND,TH_NP15_GEN-APND,TH_NP15_GEN-APND,RTM,MCL,LMP_LOSS_PRC,TH_NP15_GEN-APND,ALL_APNODES,0,-1.20577,4,4
2023-06-20T02:20:00-00:00,2023-06-20T02:25:00-00:00,2023-06-19,20,TH_NP15_GEN-APND,TH_NP15_GEN-APND,TH_NP15_GEN-APND,RTM,MCL,LMP_LOSS_PRC,TH_NP15_GEN-APND,ALL_APNODES,0,-1.24876,5,4
2023-06-20T02:25:00-00:00,2023-06-20T02:30:00-00:00,2023-06-19,20,TH_NP15_GEN-APND,TH_NP15_GEN-APND,TH_NP15_GEN-APND,RTM,MCL,LMP_LOSS_PRC,TH_NP15_GEN-APND,ALL_APNODES,0,-1.32011,6,4
2023-06-20T02:30:00-00:00,2023-06-20T02:35:00-00:00,2023-06-19,20,TH_NP15_GEN-APND,TH_NP15_GEN-APND,TH_NP15_GEN-APND,RTM,MCL,LMP_LOSS_PRC,TH_NP15_GEN-APND,ALL_APNODES,0,-1.86158,7,4
2023-06-20T02:35:00-00:00,2023-06-20T02:40:00-00:00,2023-06-19,20,TH_NP15_GEN-APND,TH_NP15_GEN-APND,TH_NP15_GEN-APND,RTM,MCL,LMP_LOSS_PRC,TH_NP15_GEN-APND,ALL_APNODES,0,-2.10641,8,4
2023-06-20T02:40:00-00:00,2023-06-20T02:45:00-00:00,2023-06-19,20,TH_NP15_GEN-APND,TH_NP15_GEN-APND,TH_NP15_GEN-APND,RTM,MCL,LMP_LOSS_PRC,TH_NP15_GEN-APND,ALL_APNODES,0,-2.16221,9,4
2023-06-20T02:45:00-00:00,2023-06-20T02:50:00-00:00,2023-06-19,20,TH_NP15_GEN-APND,TH_NP15_GEN-APND,TH_NP15_GEN-APND,RTM,MCL,LMP_LOSS_PRC,TH_NP15_GEN-APND,ALL_APNODES,0,-2.16254,10,4
2023-06-20T02:50:00-00:00,2023-06-20T02:55:00-00:00,2023-06-19,20,TH_NP15_GEN-APND,TH_NP15_GEN-APND,TH_NP15_GEN-APND,RTM,MCL,LMP_LOSS_PRC,TH_NP15_GEN-APND,ALL_APNODES,0,-2.28665,11,4
2023-06-20T02:55:00-00:00,2023-06-20T03:00:00-00:00,2023-06-19,20,TH_NP15_GEN-APND,TH_NP15_GEN-APND,TH_NP15_GEN-APND,RTM,MCL,LMP_LOSS_PRC,TH_NP15_GEN-APND,ALL_APNODES,0,-2.26096,12,4
2023-06-20T03:00:00-00:00,2023-06-20T03:05:00-00:00,2023-06-19,21,TH_NP15_GEN-APND,TH_NP15_GEN-APND,TH_NP15_GEN-APND,RTM,MCL,LMP_LOSS_PRC,TH_NP15_GEN-APND,ALL_APNODES,0,-1.7362,1,4
2023-06-20T03:05:00-00:00,2023-06-20T03:10:00-00:00,2023-06-19,21,TH_NP15_GEN-APND,TH_NP15_GEN-APND,TH_NP15_GEN-APND,RTM,MCL,LMP_LOSS_PRC,TH_NP15_GEN-APND,ALL_APNODES,0,-1.7085,2,4
2023-06-20T03:10:00-00:00,2023-06-20T03:15:00-00:00,2023-06-19,21,TH_NP15_GEN-APND,TH_NP15_GEN-APND,TH_NP15_GEN-APND,RTM,MCL,LMP_LOSS_PRC,TH_NP15_GEN-APND,ALL_APNODES,0,-2.01828,3,4
2023-06-20T03:15:00-00:00,2023-06-20T03:20:00-00:00,2023-06-19,21,TH_NP15_GEN-APND,TH_NP15_GEN-APND,TH_NP15_GEN-APND,RTM,MCL,LMP_LOSS_PRC,TH_NP15_GEN-APND,ALL_APNODES,0,-1.92282,4,4
2023-06-20T03:20:00-00:00,2023-06-20T03:25:00-00:00,2023-06-19,21,TH_NP15_GEN-APND,TH_NP15_GEN-APND,TH_NP15_GEN-APND,RTM,MCL,LMP_LOSS_PRC,TH_NP15_GEN-APND,ALL_APNODES,0,-2.11088,5,4
2023-06-20T03:25:00-00:00,2023-06-20T03:30:00-00:00,2023-06-19,21,TH_NP15_GEN-APND,TH_NP15_GEN-APND,TH_NP15_GEN-APND,RTM,MCL,LMP_LOSS_PRC,TH_NP15_GEN-APND,ALL_APNODES,0,-1.82477,6,4
2023-06-20T03:30:00-00:00,2023-06-20T03:35:00-00:00,2023-06-19,21,TH_NP15_GEN-APND,TH_NP15_GEN-APND,TH_NP15_GEN-APND,RTM,MCL,LMP_LOSS_PRC,TH_NP15_GEN-APND,ALL_APNODES,0,-1.92732,7,4
2023-06-20T03:35:00-00:00,2023-06-20T03:40:00-00:00,2023-06-19,21,TH_NP15_GEN-APND,TH_NP15_GEN-APND,TH_NP15_GEN-APND,RTM,MCL,LMP_LOSS_PRC,TH_NP15_GEN-APND,ALL_APNODES,0,-1.92736,8,4
2023-06-20T03:40:00-00:00,2023-06-20T03:45:00-00:00,2023-06-19,21,TH_NP15_GEN-APND,TH_NP15_GEN-APND,TH_NP15_GEN-APND,RTM,MCL,LMP_LOSS_PRC,TH_NP15_GEN-APND,ALL_APNODES,0,-1.93519,9,4
2023-06-20T03:45:00-00:00,2023-06-20T03:50:00-00:00,2023-06-19,21,TH_NP15_GEN-APND,TH_NP15_GEN-APND,TH_NP15_GEN-APND,RTM,MCL,LMP_LOSS_PRC,TH_NP15_GEN-APND,ALL_APNODES,0,-2.1123,10,4
2023-06-20T03:50:00-00:00,2023-06-20T03:55:00-00:00,2023-06-19,21,TH_NP15_GEN-APND,TH_NP15_GEN-APND,TH_NP15_GEN-APND,RTM,MCL,LMP_LOSS_PRC,TH_NP15_GEN-APND,ALL_APNODES,0,-1.9674,11,4
2023-06-20T03:55:00-00:00,2023-06-20T04:00:00-00:00,2023-06-19,21,TH_NP15_GEN-APND,TH_NP15_GEN-APND,TH_NP15_GEN-APND,RTM,MCL,LMP_LOSS_PRC,TH_NP15_GEN-APND,ALL_APNODES,0,-2.00346,12,4
2023-06-20T04:00:00-00:00,2023-06-20T04:05:00-00:00,2023-06-19,22,TH_NP15_GEN-APND,TH_NP15_GEN-APND,TH_NP15_GEN-APND,RTM,MCL,LMP_LOSS_PRC,TH_NP15_GEN-APND,ALL_APNODES,0,-1.90234,1,4
2023-06-20T04:05:00-00:00,2023-06-20T04:10:00-00:00,2023-06-19,22,TH_NP15_GEN-APND,TH_NP15_GEN-APND,TH_NP15_GEN-APND,RTM,MCL,LMP_LOSS_PRC,TH_NP15_GEN-APND,ALL_APNODES,0,-1.8987,2,4
2023-06-20T04:10:00-00:00,2023-06-20T04:15:00-00:00,2023-06-19,22,TH_NP15_GEN-APND,TH_NP15_GEN-APND,TH_NP15_GEN-APND,RTM,MCL,LMP_LOSS_PRC,TH_NP15_GEN-APND,ALL_APNODES,0,-1.90468,3,4
2023-06-20T04:15:00-00:00,2023-06-20T04:20:00-00:00,2023-06-19,22,TH_NP15_GEN-APND,TH_NP15_GEN-APND,TH_NP15_GEN-APND,RTM,MCL,LMP_LOSS_PRC,TH_NP15_GEN-APND,ALL_APNODES,0,-1.98249,4,4
2023-06-20T04:20:00-00:00,2023-06-20T04:25:00-00:00,2023-06-19,22,TH_NP15_GEN-APND,TH_NP15_GEN-APND,TH_NP15_GEN-APND,RTM,MCL,LMP_LOSS_PRC,TH_NP15_GEN-APND,ALL_APNODES,0,-1.98249,5,4
2023-06-20T04:25:00-00:00,2023-06-20T04:30:00-00:00,2023-06-19,22,TH_NP15_GEN-APND,TH_NP15_GEN-APND,TH_NP15_GEN-APND,RTM,MCL,LMP_LOSS_PRC,TH_NP15_GEN-APND,ALL_APNODES,0,-1.98249,6,4
2023-06-20T04:30:00-00:00,2023-06-20T04:35:00-00:00,2023-06-19,22,TH_NP15_GEN-APND,TH_NP15_GEN-APND,TH_NP15_GEN-APND,RTM,MCL,LMP_LOSS_PRC,TH_NP15_GEN-APND,ALL_APNODES,0,-1.96932,7,4
2023-06-20T04:35:00-00:00,2023-06-20T04:40:00-00:00,2023-06-19,22,TH_NP15_GEN-APND,TH_NP15_GEN-APND,TH_NP15_GEN-APND,RTM,MCL,LMP_LOSS_PRC,TH_NP15_GEN-APND,ALL_APNODES,0,-1.94904,8,4
2023-06-20T04:40:00-00:00,2023-06-20T04:45:00-00:00,2023-06-19,22,TH_NP15_GEN-APND,TH_NP15_GEN-APND,TH_NP15_GEN-APND,RTM,MCL,LMP_LOSS_PRC,TH_NP15_GEN-APND,ALL_APNODES,0,-1.93744,9,4
2023-06-20T04:45:00-00:00,2023-06-20T04:50:00-00:00,2023-06-19,22,TH_NP15_GEN-APND,TH_NP15_GEN-APND,TH_NP15_GEN-APND,RTM,MCL,LMP_LOSS_PRC,TH_NP15_GEN-APND,ALL_APNODES,0,-1.88045,10,4
2023-06-20T04:50:00-00:00,2023-06-20T04:55:00-00:00,2023-06-19,22,TH_NP15_GEN-APND,TH_NP15_GEN-APND,TH_NP15_GEN-APND,RTM,MCL,LMP_LOSS_PRC,TH_NP15_GEN-APND,ALL_APNODES,0,-1.79583,11,4
2023-06-20T04:55:00-00:00,2023-06-20T05:00:00-00:00,2023-06-19,22,TH_NP15_GEN-APND,TH_NP15_GEN-APND,TH_NP15_GEN-APND,RTM,MCL,LMP_LOSS_PRC,TH_NP15_GEN-APND,ALL_APNODES,0,-1.7477,12,4
2023-06-20T05:00:00-00:00,2023-06-20T05:05:00-00:00,2023-06-19,23,TH_NP15_GEN-APND,TH_NP15_GEN-APND,TH_NP15_GEN-APND,RTM,MCL,LMP_LOSS_PRC,TH_NP15_GEN-APND,ALL_APNODES,0,-1.35667,1,4
2023-06-20T05:05:00-00:00,2023-06-20T05:10:00-00:00,2023-06-19,23,TH_NP15_GEN-APND,TH_NP15_GEN-APND,TH_NP15_GEN-APND,RTM,MCL,LMP_LOSS_PRC,TH_NP15_GEN-APND,ALL_APNODES,0,-1.35667,2,4
2023-06-20T05:10:00-00:00,2023-06-20T05:15:00-00:00,2023-06-19,23,TH_NP15_GEN-APND,TH_NP15_GEN-APND,TH_NP15_GEN-APND,RTM,MCL,LMP_LOSS_PRC,TH_NP15_GEN-APND,ALL_APNODES,0,-1.22751,3,4
2023-06-20T05:15:00-00:00,2023-06-20T05:20:00-00:00,2023-06-19,23,TH_NP15_GEN-APND,TH_NP15_GEN-APND,TH_NP15_GEN-APND,RTM,MCL,LMP_LOSS_PRC,TH_NP15_GEN-APND,ALL_APNODES,0,-1.31875,4,4
2023-06-20T05:20:00-00:00,2023-06-20T05:25:00-00:00,2023-06-19,23,TH_NP15_GEN-APND,TH_NP15_GEN-APND,TH_NP15_GEN-APND,RTM,MCL,LMP_LOSS_PRC,TH_NP15_GEN-APND,ALL_APNODES,0,-1.31875,5,4
2023-06-20T05:25:00-00:00,2023-06-20T05:30:00-00:00,2023-06-19,23,TH_NP15_GEN-APND,TH_NP15_GEN-APND,TH_NP15_GEN-APND,RTM,MCL,LMP_LOSS_PRC,TH_NP15_GEN-APND,ALL_APNODES,0,-1.19631,6,4
2023-06-20T05:30:00-00:00,2023-06-20T05:35:00-00:00,2023-06-19,23,TH_NP15_GEN-APND,TH_NP15_GEN-APND,TH_NP15_GEN-APND,RTM,MCL,LMP_LOSS_PRC,TH_NP15_GEN-APND,ALL_APNODES,0,-1.25767,7,4
2023-06-20T05:35:00-00:00,2023-06-20T05:40:00-00:00,2023-06-19,23,TH_NP15_GEN-APND,TH_NP15_GEN-APND,TH_NP15_GEN-APND,RTM,MCL,LMP_LOSS_PRC,TH_NP15_GEN-APND,ALL_APNODES,0,-1.25767,8,4
2023-06-20T05:40:00-00:00,2023-06-20T05:45:00-00:00,2023-06-19,23,TH_NP15_GEN-APND,TH_NP15_GEN-APND,TH_NP15_GEN-APND,RTM,MCL,LMP_LOSS_PRC,TH_NP15_GEN-APND,ALL_APNODES,0,-1.25767,9,4
2023-06-20T05:45:00-00:00,2023-06-20T05:50:00-00:00,2023-06-19,23,TH_NP15_GEN-APND,TH_NP15_GEN-APND,TH_NP15_GEN-APND,RTM,MCL,LMP_LOSS_PRC,TH_NP15_GEN-APND,ALL_APNODES,0,-1.25767,10,4
2023-06-20T05:50:00-00:00,2023-06-20T05:55:00-00:00,2023-06-19,23,TH_NP15_GEN-APND,TH_NP15_GEN-APND,TH_NP15_GEN-APND,RTM,MCL,LMP_LOSS_PRC,TH_NP15_GEN-APND,ALL_APNODES,0,-1.25767,11,4
2023-06-20T05:55:00-00:00,2023-06-20T06:00:00-00:00,2023-06-19,23,TH_NP15_GEN-APND,TH_NP15_GEN-APND,TH_NP15_GEN-APND,RTM,MCL,LMP_LOSS_PRC,TH_NP15_GEN-APND,ALL_APNODES,0,-1.19647,12,4
2023-06-20T06:00:00-00:00,2023-06-20T06:05:00-00:00,2023-06-19,24,TH_NP15_GEN-APND,TH_NP15_GEN-APND,TH_NP15_GEN-APND,RTM,MCL,LMP_LOSS_PRC,TH_NP15_GEN-APND,ALL_APNODES,0,-1.17437,1,4
2023-06-20T06:05:00-00:00,2023-06-20T06:10:00-00:00,2023-06-19,24,TH_NP15_GEN-APND,TH_NP15_GEN-APND,TH_NP15_GEN-APND,RTM,MCL,LMP_LOSS_PRC,TH_NP15_GEN-APND,ALL_APNODES,0,-1.14423,2,4
2023-06-20T06:10:00-00:00,2023-06-20T06:15:00-00:00,2023-06-19,24,TH_NP15_GEN-APND,TH_NP15_GEN-APND,TH_NP15_GEN-APND,RTM,MCL,LMP_LOSS_PRC,TH_NP15_GEN-APND,ALL_APNODES,0,-1.10365,3,4
2023-06-20T06:15:00-00:00,2023-06-20T06:20:00-00:00,2023-06-19,24,TH_NP15_GEN-APND,TH_NP15_GEN-APND,TH_NP15_GEN-APND,RTM,MCL,LMP_LOSS_PRC,TH_NP15_GEN-APND,ALL_APNODES,0,-0.90877,4,4
2023-06-20T06:20:00-00:00,2023-06-20T06:25:00-00:00,2023-06-19,24,TH_NP15_GEN-APND,TH_NP15_GEN-APND,TH_NP15_GEN-APND,RTM,MCL,LMP_LOSS_PRC,TH_NP15_GEN-APND,ALL_APNODES,0,-0.88865,5,4
2023-06-20T06:25:00-00:00,2023-06-20T06:30:00-00:00,2023-06-19,24,TH_NP15_GEN-APND,TH_NP15_GEN-APND,TH_NP15_GEN-APND,RTM,MCL,LMP_LOSS_PRC,TH_NP15_GEN-APND,ALL_APNODES,0,-0.77047,6,4
2023-06-20T06:30:00-00:00,2023-06-20T06:35:00-00:00,2023-06-19,24,TH_NP15_GEN-APND,TH_NP15_GEN-APND,TH_NP15_GEN-APND,RTM,MCL,LMP_LOSS_PRC,TH_NP15_GEN-APND,ALL_APNODES,0,-0.94771,7,4
2023-06-20T06:35:00-00:00,2023-06-20T06:40:00-00:00,2023-06-19,24,TH_NP15_GEN-APND,TH_NP15_GEN-APND,TH_NP15_GEN-APND,RTM,MCL,LMP_LOSS_PRC,TH_NP15_GEN-APND,ALL_APNODES,0,-0.85166,8,4
2023-06-20T06:40:00-00:00,2023-06-20T06:45:00-00:00,2023-06-19,24,TH_NP15_GEN-APND,TH_NP15_GEN-APND,TH_NP15_GEN-APND,RTM,MCL,LMP_LOSS_PRC,TH_NP15_GEN-APND,ALL_APNODES,0,-0.80908,9,4
2023-06-20T06:45:00-00:00,2023-06-20T06:50:00-00:00,2023-06-19,24,TH_NP15_GEN-APND,TH_NP15_GEN-APND,TH_NP15_GEN-APND,RTM,MCL,LMP_LOSS_PRC,TH_NP15_GEN-APND,ALL_APNODES,0,-0.85111,10,4
2023-06-20T06:50:00-00:00,2023-06-20T06:55:00-00:00,2023-06-19,24,TH_NP15_GEN-APND,TH_NP15_GEN-APND,TH_NP15_GEN-APND,RTM,MCL,LMP_LOSS_PRC,TH_NP15_GEN-APND,ALL_APNODES,0,-0.87501,11,4
2023-06-20T06:55:00-00:00,2023-06-20T07:00:00-00:00,2023-06-19,24,TH_NP15_GEN-APND,TH_NP15_GEN-APND,TH_NP15_GEN-APND,RTM,MCL,LMP_LOSS_PRC,TH_NP15_GEN-APND,ALL_APNODES,0,-0.84563,12,4
2023-06-20T00:00:00-00:00,2023-06-20T00:05:00-00:00,2023-06-19,18,TH_NP15_GEN-APND,TH_NP15_GEN-APND,TH_NP15_GEN-APND,RTM,LMP,LMP_PRC,TH_NP15_GEN-APND,ALL_APNODES,0,11.83469,1,5
2023-06-20T00:05:00-00:00,2023-06-20T00:10:00-00:00,2023-06-19,18,TH_NP15_GEN-APND,TH_NP15_GEN-APND,TH_NP15_GEN-APND,RTM,LMP,LMP_PRC,TH_NP15_GEN-APND,ALL_APNODES,0,10.07802,2,5
2023-06-20T00:10:00-00:00,2023-06-20T00:15:00-00:00,2023-06-19,18,TH_NP15_GEN-APND,TH_NP15_GEN-APND,TH_NP15_GEN-APND,RTM,LMP,LMP_PRC,TH_NP15_GEN-APND,ALL_APNODES,0,11.74468,3,5
2023-06-20T00:15:00-00:00,2023-06-20T00:20:00-00:00,2023-06-19,18,TH_NP15_GEN-APND,TH_NP15_GEN-APND,TH_NP15_GEN-APND,RTM,LMP,LMP_PRC,TH_NP15_GEN-APND,ALL_APNODES,0,1.72768,4,5
2023-06-20T00:20:00-00:00,2023-06-20T00:25:00-00:00,2023-06-19,18,TH_NP15_GEN-APND,TH_NP15_GEN-APND,TH_NP15_GEN-APND,RTM,LMP,LMP_PRC,TH_NP15_GEN-APND,ALL_APNODES,0,9.25587,5,5
2023-06-20T00:25:00-00:00,2023-06-20T00:30:00-00:00,2023-06-19,18,TH_NP15_GEN-APND,TH_NP15_GEN-APND,TH_NP15_GEN-APND,RTM,LMP,LMP_PRC,TH_NP15_GEN-APND,ALL_APNODES,0,12.34164,6,5
2023-06-20T00:30:00-00:00,2023-06-20T00:35:00-00:00,2023-06-19,18,TH_NP15_GEN-APND,TH_NP15_GEN-APND,TH_NP15_GEN-APND,RTM,LMP,LMP_PRC,TH_NP15_GEN-APND,ALL_APNODES,0,13.31643,7,5
2023-06-20T00:35:00-00:00,2023-06-20T00:40:00-00:00,2023-06-19,18,TH_NP15_GEN-APND,TH_NP15_GEN-APND,TH_NP15_GEN-APND,RTM,LMP,LMP_PRC,TH_NP15_GEN-APND,ALL_APNODES,0,11.21288,8,5
2023-06-20T00:40:00-00:00,2023-06-20T00:45:00-00:00,2023-06-19,18,TH_NP15_GEN-APND,TH_NP15_GEN-APND,TH_NP15_GEN-APND,RTM,LMP,LMP_PRC,TH_NP15_GEN-APND,ALL_APNODES,0,13.88912,9,5
2023-06-20T00:45:00-00:00,2023-06-20T00:50:00-00:00,2023-06-19,18,TH_NP15_GEN-APND,TH_NP15_GEN-APND,TH_NP15_GEN-APND,RTM,LMP,LMP_PRC,TH_NP15_GEN-APND,ALL_APNODES,0,14.63581,10,5
2023-06-20T00:50:00-00:00,2023-06-20T00:55:00-00:00,2023-06-19,18,TH_NP15_GEN-APND,TH_NP15_GEN-APND,TH_NP15_GEN-APND,RTM,LMP,LMP_PRC,TH_NP15_GEN-APND,ALL_APNODES,0,15.57507,11,5
2023-06-20T00:55:00-00:00,2023-06-20T01:00:00-00:00,2023-06-19,18,TH_NP15_GEN-APND,TH_NP15_GEN-APND,TH_NP15_GEN-APND,RTM,LMP,LMP_PRC,TH_NP15_GEN-APND,ALL_APNODES,0,15.85731,12,5
2023-06-20T01:00:00-00:00,2023-06-20T01:05:00-00:00,2023-06-19,19,TH_NP15_GEN-APND,TH_NP15_GEN-APND,TH_NP15_GEN-APND,RTM,LMP,LMP_PRC,TH_NP15_GEN-APND,ALL_APNODES,0,7.92179,1,5
2023-06-20T01:05:00-00:00,2023-06-20T01:10:00-00:00,2023-06-19,19,TH_NP15_GEN-APND,TH_NP15_GEN-APND,TH_NP15_GEN-APND,RTM,LMP,LMP_PRC,TH_NP15_GEN-APND,ALL_APNODES,0,1.13839,2,5
2023-06-20T01:10:00-00:00,2023-06-20T01:15:00-00:00,2023-06-19,19,TH_NP15_GEN-APND,TH_NP15_GEN-APND,TH_NP15_GEN-APND,RTM,LMP,LMP_PRC,TH_NP15_GEN-APND,ALL_APNODES,0,1.35793,3,5
2023-06-20T01:15:00-00:00,2023-06-20T01:20:00-00:00,2023-06-19,19,TH_NP15_GEN-APND,TH_NP15_GEN-APND,TH_NP15_GEN-APND,RTM,LMP,LMP_PRC,TH_NP15_GEN-APND,ALL_APNODES,0,9.93969,4,5
2023-06-20T01:20:00-00:00,2023-06-20T01:25:00-00:00,2023-06-19,19,TH_NP15_GEN-APND,TH_NP15_GEN-APND,TH_NP15_GEN-APND,RTM,LMP,LMP_PRC,TH_NP15_GEN-APND,ALL_APNODES,0,12.22943,5,5
2023-06-20T01:25:00-00:00,2023-06-20T01:30:00-00:00,2023-06-19,19,TH_NP15_GEN-APND,TH_NP15_GEN-APND,TH_NP15_GEN-APND,RTM,LMP,LMP_PRC,TH_NP15_GEN-APND,ALL_APNODES,0,9.28029,6,5
2023-06-20T01:30:00-00:00,2023-06-20T01:35:00-00:00,2023-06-19,19,TH_NP15_GEN-APND,TH_NP15_GEN-APND,TH_NP15_GEN-APND,RTM,LMP,LMP_PRC,TH_NP15_GEN-APND,ALL_APNODES,0,13.58233,7,5
2023-06-20T01:35:00-00:00,2023-06-20T01:40:00-00:00,2023-06-19,19,TH_NP15_GEN-APND,TH_NP15_GEN-APND,TH_NP15_GEN-APND,RTM,LMP,LMP_PRC,TH_NP15_GEN-APND,ALL_APNODES,0,13.62157,8,5
2023-06-20T01:40:00-00:00,2023-06-20T01:45:00-00:00,2023-06-19,19,TH_NP15_GEN-APND,TH_NP15_GEN-APND,TH_NP15_GEN-APND,RTM,LMP,LMP_PRC,TH_NP15_GEN-APND,ALL_APNODES,0,24.54545,9,5
2023-06-20T01:45:00-00:00,2023-06-20T01:50:00-00:00,2023-06-19,19,TH_NP15_GEN-APND,TH_NP15_GEN-APND,TH_NP15_GEN-APND,RTM,LMP,LMP_PRC,TH_NP15_GEN-APND,ALL_APNODES,0,23.27967,10,5
2023-06-20T01:50:00-00:00,2023-06-20T01:55:00-00:00,2023-06-19,19,TH_NP15_GEN-APND,TH_NP15_GEN-APND,TH_NP15_GEN-APND,RTM,LMP,LMP_PRC,TH_NP15_GEN-APND,ALL_APNODES,0,31.93196,11,5
2023-06-20T01:55:00-00:00,2023-06-20T02:00:00-00:00,2023-06-19,19,TH_NP15_GEN-APND,TH_NP15_GEN-APND,TH_NP15_GEN-APND,RTM,LMP,LMP_PRC,TH_NP15_GEN-APND,ALL_APNODES,0,37.77904,12,5
2023-06-20T02:00:00-00:00,2023-06-20T02:05:00-00:00,2023-06-19,20,TH_NP15_GEN-APND,TH_NP15_GEN-APND,TH_NP15_GEN-APND,RTM,LMP,LMP_PRC,TH_NP15_GEN-APND,ALL_APNODES,0,1.84501,1,5
2023-06-20T02:05:00-00:00,2023-06-20T02:10:00-00:00,2023-06-19,20,TH_NP15_GEN-APND,TH_NP15_GEN-APND,TH_NP15_GEN-APND,RTM,LMP,LMP_PRC,TH_NP15_GEN-APND,ALL_APNODES,0,-0.71976,2,5
2023-06-20T02:10:00-00:00,2023-06-20T02:15:00-00:00,2023-06-19,20,TH_NP15_GEN-APND,TH_NP15_GEN-APND,TH_NP15_GEN-APND,RTM,LMP,LMP_PRC,TH_NP15_GEN-APND,ALL_APNODES,0,1.9811,3,5
2023-06-20T02:15:00-00:00,2023-06-20T02:20:00-00:00,2023-06-19,20,TH_NP15_GEN-APND,TH_NP15_GEN-APND,TH_NP15_GEN-APND,RTM,LMP,LMP_PRC,TH_NP15_GEN-APND,ALL_APNODES,0,5.3243,4,5
2023-06-20T02:20:00-00:00,2023-06-20T02:25:00-00:00,2023-06-19,20,TH_NP15_GEN-APND,TH_NP15_GEN-APND,TH_NP15_GEN-APND,RTM,LMP,LMP_PRC,TH_NP15_GEN-APND,ALL_APNODES,0,9.09915,5,5
2023-06-20T02:25:00-00:00,2023-06-20T02:30:00-00:00,2023-06-19,20,TH_NP15_GEN-APND,TH_NP15_GEN-APND,TH_NP15_GEN-APND,RTM,LMP,LMP_PRC,TH_NP15_GEN-APND,ALL_APNODES,0,10.82311,6,5
2023-06-20T02:30:00-00:00,2023-06-20T02:35:00-00:00,2023-06-19,20,TH_NP15_GEN-APND,TH_NP15_GEN-APND,TH_NP15_GEN-APND,RTM,LMP,LMP_PRC,TH_NP15_GEN-APND,ALL_APNODES,0,21.73571,7,5
2023-06-20T02:35:00-00:00,2023-06-20T02:40:00-00:00,2023-06-19,20,TH_NP15_GEN-APND,TH_NP15_GEN-APND,TH_NP15_GEN-APND,RTM,LMP,LMP_PRC,TH_NP15_GEN-APND,ALL_APNODES,0,26.48327,8,5
2023-06-20T02:40:00-00:00,2023-06-20T02:45:00-00:00,2023-06-19,20,TH_NP15_GEN-APND,TH_NP15_GEN-APND,TH_NP15_GEN-APND,RTM,LMP,LMP_PRC,TH_NP15_GEN-APND,ALL_APNODES,0,26.4998,9,5
2023-06-20T02:45:00-00:00,2023-06-20T02:50:00-00:00,2023-06-19,20,TH_NP15_GEN-APND,TH_NP15_GEN-APND,TH_NP15_GEN-APND,RTM,LMP,LMP_PRC,TH_NP15_GEN-APND,ALL_APNODES,0,28.75295,10,5
2023-06-20T02:50:00-00:00,2023-06-20T02:55:00-00:00,2023-06-19,20,TH_NP15_GEN-APND,TH_NP15_GEN-APND,TH_NP15_GEN-APND,RTM,LMP,LMP_PRC,TH_NP15_GEN-APND,ALL_APNODES,0,30.67018,11,5
2023-06-20T02:55:00-00:00,2023-06-20T03:00:00-00:00,2023-06-19,20,TH_NP15_GEN-APND,TH_NP15_GEN-APND,TH_NP15_GEN-APND,RTM,LMP,LMP_PRC,TH_NP15_GEN-APND,ALL_APNODES,0,30.95638,12,5
2023-06-20T03:00:00-00:00,2023-06-20T03:05:00-00:00,2023-06-19,21,TH_NP15_GEN-APND,TH_NP15_GEN-APND,TH_NP15_GEN-APND,RTM,LMP,LMP_PRC,TH_NP15_GEN-APND,ALL_APNODES,0,14.73669,1,5
2023-06-20T03:05:00-00:00,2023-06-20T03:10:00-00:00,2023-06-19,21,TH_NP15_GEN-APND,TH_NP15_GEN-APND,TH_NP15_GEN-APND,RTM,LMP,LMP_PRC,TH_NP15_GEN-APND,ALL_APNODES,0,14.66185,2,5
2023-06-20T03:10:00-00:00,2023-06-20T03:15:00-00:00,2023-06-19,21,TH_NP15_GEN-APND,TH_NP15_GEN-APND,TH_NP15_GEN-APND,RTM,LMP,LMP_PRC,TH_NP15_GEN-APND,ALL_APNODES,0,26.10808,3,5
2023-06-20T03:15:00-00:00,2023-06-20T03:20:00-00:00,2023-06-19,21,TH_NP15_GEN-APND,TH_NP15_GEN-APND,TH_NP15_GEN-APND,RTM,LMP,LMP_PRC,TH_NP15_GEN-APND,ALL_APNODES,0,19.64042,4,5
2023-06-20T03:20:00-00:00,2023-06-20T03:25:00-00:00,2023-06-19,21,TH_NP15_GEN-APND,TH_NP15_GEN-APND,TH_NP15_GEN-APND,RTM,LMP,LMP_PRC,TH_NP15_GEN-APND,ALL_APNODES,0,26.94385,5,5
2023-06-20T03:25:00-00:00,2023-06-20T03:30:00-00:00,2023-06-19,21,TH_NP15_GEN-APND,TH_NP15_GEN-APND,TH_NP15_GEN-APND,RTM,LMP,LMP_PRC,TH_NP15_GEN-APND,ALL_APNODES,0,17.56204,6,5
2023-06-20T03:30:00-00:00,2023-06-20T03:35:00-00:00,2023-06-19,21,TH_NP15_GEN-APND,TH_NP15_GEN-APND,TH_NP15_GEN-APND,RTM,LMP,LMP_PRC,TH_NP15_GEN-APND,ALL_APNODES,0,20.64981,7,5
2023-06-20T03:35:00-00:00,2023-06-20T03:40:00-00:00,2023-06-19,21,TH_NP15_GEN-APND,TH_NP15_GEN-APND,TH_NP15_GEN-APND,RTM,LMP,LMP_PRC,TH_NP15_GEN-APND,ALL_APNODES,0,20.64955,8,5
2023-06-20T03:40:00-00:00,2023-06-20T03:45:00-00:00,2023-06-19,21,TH_NP15_GEN-APND,TH_NP15_GEN-APND,TH_NP15_GEN-APND,RTM,LMP,LMP_PRC,TH_NP15_GEN-APND,ALL_APNODES,0,22.0786,9,5
2023-06-20T03:45:00-00:00,2023-06-20T03:50:00-00:00,2023-06-19,21,TH_NP15_GEN-APND,TH_NP15_GEN-APND,TH_NP15_GEN-APND,RTM,LMP,LMP_PRC,TH_NP15_GEN-APND,ALL_APNODES,0,30.8822,10,5
2023-06-20T03:50:00-00:00,2023-06-20T03:55:00-00:00,2023-06-19,21,TH_NP15_GEN-APND,TH_NP15_GEN-APND,TH_NP15_GEN-APND,RTM,LMP,LMP_PRC,TH_NP15_GEN-APND,ALL_APNODES,0,26.74969,11,5
2023-06-20T03:55:00-00:00,2023-06-20T04:00:00-00:00,2023-06-19,21,TH_NP15_GEN-APND,TH_NP15_GEN-APND,TH_NP15_GEN-APND,RTM,LMP,LMP_PRC,TH_NP15_GEN-APND,ALL_APNODES,0,28.50619,12,5
2023-06-20T04:00:00-00:00,2023-06-20T04:05:00-00:00,2023-06-19,22,TH_NP15_GEN-APND,TH_NP15_GEN-APND,TH_NP15_GEN-APND,RTM,LMP,LMP_PRC,TH_NP15_GEN-APND,ALL_APNODES,0,32.02645,1,5
2023-06-20T04:05:00-00:00,2023-06-20T04:10:00-00:00,2023-06-19,22,TH_NP15_GEN-APND,TH_NP15_GEN-APND,TH_NP15_GEN-APND,RTM,LMP,LMP_PRC,TH_NP15_GEN-APND,ALL_APNODES,0,32.00663,2,5
2023-06-20T04:10:00-00:00,2023-06-20T04:15:00-00:00,2023-06-19,22,TH_NP15_GEN-APND,TH_NP15_GEN-APND,TH_NP15_GEN-APND,RTM,LMP,LMP_PRC,TH_NP15_GEN-APND,ALL_APNODES,0,32.10739,3,5
2023-06-20T04:15:00-00:00,2023-06-20T04:20:00-00:00,2023-06-19,22,TH_NP15_GEN-APND,TH_NP15_GEN-APND,TH_NP15_GEN-APND,RTM,LMP,LMP_PRC,TH_NP15_GEN-APND,ALL_APNODES,0,33.1058,4,5
2023-06-20T04:20:00-00:00,2023-06-20T04:25:00-00:00,2023-06-19,22,TH_NP15_GEN-APND,TH_NP15_GEN-APND,TH_NP15_GEN-APND,RTM,LMP,LMP_PRC,TH_NP15_GEN-APND,ALL_APNODES,0,33.1058,5,5
2023-06-20T04:25:00-00:00,2023-06-20T04:30:00-00:00,2023-06-19,22,TH_NP15_GEN-APND,TH_NP15_GEN-APND,TH_NP15_GEN-APND,RTM,LMP,LMP_PRC,TH_NP15_GEN-APND,ALL_APNODES,0,33.1058,6,5
2023-06-20T04:30:00-00:00,2023-06-20T04:35:00-00:00,2023-06-19,22,TH_NP15_GEN-APND,TH_NP15_GEN-APND,TH_NP15_GEN-APND,RTM,LMP,LMP_PRC,TH_NP15_GEN-APND,ALL_APNODES,0,31.80979,7,5
2023-06-20T04:35:00-00:00,2023-06-20T04:40:00-00:00,2023-06-19,22,TH_NP15_GEN-APND,TH_NP15_GEN-APND,TH_NP15_GEN-APND,RTM,LMP,LMP_PRC,TH_NP15_GEN-APND,ALL_APNODES,0,31.48223,8,5
2023-06-20T04:40:00-00:00,2023-06-20T04:45:00-00:00,2023-06-19,22,TH_NP15_GEN-APND,TH_NP15_GEN-APND,TH_NP15_GEN-APND,RTM,LMP,LMP_PRC,TH_NP15_GEN-APND,ALL_APNODES,0,31.29475,9,5
2023-06-20T04:45:00-00:00,2023-06-20T04:50:00-00:00,2023-06-19,22,TH_NP15_GEN-APND,TH_NP15_GEN-APND,TH_NP15_GEN-APND,RTM,LMP,LMP_PRC,TH_NP15_GEN-APND,ALL_APNODES,0,30.76623,10,5
2023-06-20T04:50:00-00:00,2023-06-20T04:55:00-00:00,2023-06-19,22,TH_NP15_GEN-APND,TH_NP15_GEN-APND,TH_NP15_GEN-APND,RTM,LMP,LMP_PRC,TH_NP15_GEN-APND,ALL_APNODES,0,29.38172,11,5
2023-06-20T04:55:00-00:00,2023-06-20T05:00:00-00:00,2023-06-19,22,TH_NP15_GEN-APND,TH_NP15_GEN-APND,TH_NP15_GEN-APND,RTM,LMP,LMP_PRC,TH_NP15_GEN-APND,ALL_APNODES,0,28.59439,12,5
2023-06-20T05:00:00-00:00,2023-06-20T05:05:00-00:00,2023-06-19,23,TH_NP15_GEN-APND,TH_NP15_GEN-APND,TH_NP15_GEN-APND,RTM,LMP,LMP_PRC,TH_NP15_GEN-APND,ALL_APNODES,0,37.74045,1,5
2023-06-20T05:05:00-00:00,2023-06-20T05:10:00-00:00,2023-06-19,23,TH_NP15_GEN-APND,TH_NP15_GEN-APND,TH_NP15_GEN-APND,RTM,LMP,LMP_PRC,TH_NP15_GEN-APND,ALL_APNODES,0,37.74045,2,5
2023-06-20T05:10:00-00:00,2023-06-20T05:15:00-00:00,2023-06-19,23,TH_NP15_GEN-APND,TH_NP15_GEN-APND,TH_NP15_GEN-APND,RTM,LMP,LMP_PRC,TH_NP15_GEN-APND,ALL_APNODES,0,34.14748,3,5
2023-06-20T05:15:00-00:00,2023-06-20T05:20:00-00:00,2023-06-19,23,TH_NP15_GEN-APND,TH_NP15_GEN-APND,TH_NP15_GEN-APND,RTM,LMP,LMP_PRC,TH_NP15_GEN-APND,ALL_APNODES,0,33.75443,4,5
2023-06-20T05:20:00-00:00,2023-06-20T05:25:00-00:00,2023-06-19,23,TH_NP15_GEN-APND,TH_NP15_GEN-APND,TH_NP15_GEN-APND,RTM,LMP,LMP_PRC,TH_NP15_GEN-APND,ALL_APNODES,0,33.75443,5,5
2023-06-20T05:25:00-00:00,2023-06-20T05:30:00-00:00,2023-06-19,23,TH_NP15_GEN-APND,TH_NP15_GEN-APND,TH_NP15_GEN-APND,RTM,LMP,LMP_PRC,TH_NP15_GEN-APND,ALL_APNODES,0,30.62048,6,5
2023-06-20T05:30:00-00:00,2023-06-20T05:35:00-00:00,2023-06-19,23,TH_NP15_GEN-APND,TH_NP15_GEN-APND,TH_NP15_GEN-APND,RTM,LMP,LMP_PRC,TH_NP15_GEN-APND,ALL_APNODES,0,28.26519,7,5
2023-06-20T05:35:00-00:00,2023-06-20T05:40:00-00:00,2023-06-19,23,TH_NP15_GEN-APND,TH_NP15_GEN-APND,TH_NP15_GEN-APND,RTM,LMP,LMP_PRC,TH_NP15_GEN-APND,ALL_APNODES,0,28.26519,8,5
2023-06-20T05:40:00-00:00,2023-06-20T05:45:00-00:00,2023-06-19,23,TH_NP15_GEN-APND,TH_NP15_GEN-APND,TH_NP15_GEN-APND,RTM,LMP,LMP_PRC,TH_NP15_GEN-APND,ALL_APNODES,0,28.26519,9,5
2023-06-20T05:45:00-00:00,2023-06-20T05:50:00-00:00,2023-06-19,23,TH_NP15_GEN-APND,TH_NP15_GEN-APND,TH_NP15_GEN-APND,RTM,LMP,LMP_PRC,TH_NP15_GEN-APND,ALL_APNODES,0,28.26519,10,5
2023-06-20T05:50:00-00:00,2023-06-20T05:55:00-00:00,2023-06-19,23,TH_NP15_GEN-APND,TH_NP15_GEN-APND,TH_NP15_GEN-APND,RTM,LMP,LMP_PRC,TH_NP15_GEN-APND,ALL_APNODES,0,28.26519,11,5
2023-06-20T05:55:00-00:00,2023-06-20T06:00:00-00:00,2023-06-19,23,TH_NP15_GEN-APND,TH_NP15_GEN-APND,TH_NP15_GEN-APND,RTM,LMP,LMP_PRC,TH_NP15_GEN-APND,ALL_APNODES,0,24.5895,12,5
2023-06-20T06:00:00-00:00,2023-06-20T06:05:00-00:00,2023-06-19,24,TH_NP15_GEN-APND,TH_NP15_GEN-APND,TH_NP15_GEN-APND,RTM,LMP,LMP_PRC,TH_NP15_GEN-APND,ALL_APNODES,0,27.82237,1,5
2023-06-20T06:05:00-00:00,2023-06-20T06:10:00-00:00,2023-06-19,24,TH_NP15_GEN-APND,TH_NP15_GEN-APND,TH_NP15_GEN-APND,RTM,LMP,LMP_PRC,TH_NP15_GEN-APND,ALL_APNODES,0,27.10844,2,5
2023-06-20T06:10:00-00:00,2023-06-20T06:15:00-00:00,2023-06-19,24,TH_NP15_GEN-APND,TH_NP15_GEN-APND,TH_NP15_GEN-APND,RTM,LMP,LMP_PRC,TH_NP15_GEN-APND,ALL_APNODES,0,26.14696,3,5
2023-06-20T06:15:00-00:00,2023-06-20T06:20:00-00:00,2023-06-19,24,TH_NP15_GEN-APND,TH_NP15_GEN-APND,TH_NP15_GEN-APND,RTM,LMP,LMP_PRC,TH_NP15_GEN-APND,ALL_APNODES,0,25.50889,4,5
2023-06-20T06:20:00-00:00,2023-06-20T06:25:00-00:00,2023-06-19,24,TH_NP15_GEN-APND,TH_NP15_GEN-APND,TH_NP15_GEN-APND,RTM,LMP,LMP_PRC,TH_NP15_GEN-APND,ALL_APNODES,0,24.94418,5,5
2023-06-20T06:25:00-00:00,2023-06-20T06:30:00-00:00,2023-06-19,24,TH_NP15_GEN-APND,TH_NP15_GEN-APND,TH_NP15_GEN-APND,RTM,LMP,LMP_PRC,TH_NP15_GEN-APND,ALL_APNODES,0,21.62679,6,5
2023-06-20T06:30:00-00:00,2023-06-20T06:35:00-00:00,2023-06-19,24,TH_NP15_GEN-APND,TH_NP15_GEN-APND,TH_NP15_GEN-APND,RTM,LMP,LMP_PRC,TH_NP15_GEN-APND,ALL_APNODES,0,21.4039,7,5
2023-06-20T06:35:00-00:00,2023-06-20T06:40:00-00:00,2023-06-19,24,TH_NP15_GEN-APND,TH_NP15_GEN-APND,TH_NP15_GEN-APND,RTM,LMP,LMP_PRC,TH_NP15_GEN-APND,ALL_APNODES,0,19.23471,8,5
2023-06-20T06:40:00-00:00,2023-06-20T06:45:00-00:00,2023-06-19,24,TH_NP15_GEN-APND,TH_NP15_GEN-APND,TH_NP15_GEN-APND,RTM,LMP,LMP_PRC,TH_NP15_GEN-APND,ALL_APNODES,0,18.27297,9,5
2023-06-20T06:45:00-00:00,2023-06-20T06:50:00-00:00,2023-06-19,24,TH_NP15_GEN-APND,TH_NP15_GEN-APND,TH_NP15_GEN-APND,RTM,LMP,LMP_PRC,TH_NP15_GEN-APND,ALL_APNODES,0,18.31799,10,5
2023-06-20T06:50:00-00:00,2023-06-20T06:55:00-00:00,2023-06-19,24,TH_NP15_GEN-APND,TH_NP15_GEN-APND,TH_NP15_GEN-APND,RTM,LMP,LMP_PRC,TH_NP15_GEN-APND,ALL_APNODES,0,18.83235,11,5
2023-06-20T06:55:00-00:00,2023-06-20T07:00:00-00:00,2023-06-19,24,TH_NP15_GEN-APND,TH_NP15_GEN-APND,TH_NP15_GEN-APND,RTM,LMP,LMP_PRC,TH_NP15_GEN-APND,ALL_APNODES,0,18.20008,12,5
2023-06-20T07:00:00-00:00,2023-06-20T07:05:00-00:00,2023-06-20,1,TH_NP15_GEN-APND,TH_NP15_GEN-APND,TH_NP15_GEN-APND,RTM,MCC,LMP_CONG_PRC,TH_NP15_GEN-APND,ALL_APNODES,0,0.0,1,6
2023-06-20T07:05:00-00:00,2023-06-20T07:10:00-00:00,2023-06-20,1,TH_NP15_GEN-APND,TH_NP15_GEN-APND,TH_NP15_GEN-APND,RTM,MCC,LMP_CONG_PRC,TH_NP15_GEN-APND,ALL_APNODES,0,0.0,2,6
2023-06-20T07:10:00-00:00,2023-06-20T07:15:00-00:00,2023-06-20,1,TH_NP15_GEN-APND,TH_NP15_GEN-APND,TH_NP15_GEN-APND,RTM,MCC,LMP_CONG_PRC,TH_NP15_GEN-APND,ALL_APNODES,0,0.0,3,6
2023-06-20T07:15:00-00:00,2023-06-20T07:20:00-00:00,2023-06-20,1,TH_NP15_GEN-APND,TH_NP15_GEN-APND,TH_NP15_GEN-APND,RTM,MCC,LMP_CONG_PRC,TH_NP15_GEN-APND,ALL_APNODES,0,0.0,4,6
2023-06-20T07:20:00-00:00,2023-06-20T07:25:00-00:00,2023-06-20,1,TH_NP15_GEN-APND,TH_NP15_GEN-APND,TH_NP15_GEN-APND,RTM,MCC,LMP_CONG_PRC,TH_NP15_GEN-APND,ALL_APNODES,0,0.0,5,6
2023-06-20T07:25:00-00:00,2023-06-20T07:30:00-00:00,2023-06-20,1,TH_NP15_GEN-APND,TH_NP15_GEN-APND,TH_NP15_GEN-APND,RTM,MCC,LMP_CONG_PRC,TH_NP15_GEN-APND,ALL_APNODES,0,0.0,6,6
2023-06-20T07:30:00-00:00,2023-06-20T07:35:00-00:00,2023-06-20,1,TH_NP15_GEN-APND,TH_NP15_GEN-APND,TH_NP15_GEN-APND,RTM,MCC,LMP_CONG_PRC,TH_NP15_GEN-APND,ALL_APNODES,0,0.0,7,6
2023-06-20T07:35:00-00:00,2023-06-20T07:40:00-00:00,2023-06-20,1,TH_NP15_GEN-APND,TH_NP15_GEN-APND,TH_NP15_GEN-APND,RTM,MCC,LMP_CONG_PRC,TH_NP15_GEN-APND,ALL_APNODES,0,0.0,8,6
2023-06-20T07:40:00-00:00,2023-06-20T07:45:00-00:00,2023-06-20,1,TH_NP15_GEN-APND,TH_NP15_GEN-APND,TH_NP15_GEN-APND,RTM,MCC,LMP_CONG_PRC,TH_NP15_GEN-APND,ALL_APNODES,0,0.0,9,6
2023-06-20T07:45:00-00:00,2023-06-20T07:50:00-00:00,2023-06-20,1,TH_NP15_GEN-APND,TH_NP15_GEN-APND,TH_NP15_GEN-APND,RTM,MCC,LMP_CONG_PRC,TH_NP15_GEN-APND,ALL_APNODES,0,0.0,10,6
2023-06-20T07:50:00-00:00,2023-06-20T07:55:00-00:00,2023-06-20,1,TH_NP15_GEN-APND,TH_NP15_GEN-APND,TH_NP15_GEN-APND,RTM,MCC,LMP_CONG_PRC,TH_NP15_GEN-APND,ALL_APNODES,0,0.0,11,6
2023-06-20T07:55:00-00:00,2023-06-20T08:00:00-00:00,2023-06-20,1,TH_NP15_GEN-APND,TH_NP15_GEN-APND,TH_NP15_GEN-APND,RTM,MCC,LMP_CONG_PRC,TH_NP15_GEN-APND,ALL_APNODES,0,0.0,12,6
2023-06-20T08:00:00-00:00,2023-06-20T08:05:00-00:00,2023-06-20,2,TH_NP15_GEN-APND,TH_NP15_GEN-APND,TH_NP15_GEN-APND,RTM,MCC,LMP_CONG_PRC,TH_NP15_GEN-APND,ALL_APNODES,0,0.0,1,6
2023-06-20T08:05:00-00:00,2023-06-20T08:10:00-00:00,2023-06-20,2,TH_NP15_GEN-APND,TH_NP15_GEN-APND,TH_NP15_GEN-APND,RTM,MCC,LMP_CONG_PRC,TH_NP15_GEN-APND,ALL_APNODES,0,0.0,2,6
2023-06-20T08:10:00-00:00,2023-06-20T08:15:00-00:00,2023-06-20,2,TH_NP15_GEN-APND,TH_NP15_GEN-APND,TH_NP15_GEN-APND,RTM,MCC,LMP_CONG_PRC,TH_NP15_GEN-APND,ALL_APNODES,0,0.0,3,6
2023-06-20T08:15:00-00:00,2023-06-20T08:20:00-00:00,2023-06-20,2,TH_NP15_GEN-APND,TH_NP15_GEN-APND,TH_NP15_GEN-APND,RTM,MCC,LMP_CONG_PRC,TH_NP15_GEN-APND,ALL_APNODES,0,0.0,4,6
2023-06-20T08:20:00-00:00,2023-06-20T08:25:00-00:00,2023-06-20,2,TH_NP15_GEN-APND,TH_NP15_GEN-APND,TH_NP15_GEN-APND,RTM,MCC,LMP_CONG_PRC,TH_NP15_GEN-APND,ALL_APNODES,0,0.0,5,6
2023-06-20T08:25:00-00:00,2023-06-20T08:30:00-00:00,2023-06-20,2,TH_NP15_GEN-APND,TH_NP15_GEN-APND,TH_NP15_GEN-APND,RTM,MCC,LMP_CONG_PRC,TH_NP15_GEN-APND,ALL_APNODES,0,0.0,6,6
2023-06-20T08:30:00-00:00,2023-06-20T08:35:00-00:00,2023-06-20,2,TH_NP15_GEN-APND,TH_NP15_GEN-APND,TH_NP15_GEN-APND,RTM,MCC,LMP_CONG_PRC,TH_NP15_GEN-APND,ALL_APNODES,0,0.0,7,6
2023-06-20T08:35:00-00:00,2023-06-20T08:40:00-00:00,2023-06-20,2,TH_NP15_GEN-APND,TH_NP15_GEN-APND,TH_NP15_GEN-APND,RTM,MCC,LMP_CONG_PRC,TH_NP15_GEN-APND,ALL_APNODES,0,0.0,8,6
2023-06-20T08:40:00-00:00,2023-06-20T08:45:00-00:00,2023-06-20,2,TH_NP15_GEN-APND,TH_NP15_GEN-APND,TH_NP15_GEN-APND,RTM,MCC,LMP_CONG_PRC,TH_NP15_GEN-APND,ALL_APNODES,0,0.0,9,6
2023-06-20T08:45:00-00:00,2023-06-20T08:50:00-00:00,2023-06-20,2,TH_NP15_GEN-APND,TH_NP15_GEN-APND,TH_NP15_GEN-APND,RTM,MCC,LMP_CONG_PRC,TH_NP15_GEN-APND,ALL_APNODES,0,0.0,10,6
2023-06-20T08:50:00-00:00,2023-06-20T08:55:00-00:00,2023-06-20,2,TH_NP15_GEN-APND,TH_NP15_GEN-APND,TH_NP15_GEN-APND,RTM,MCC,LMP_CONG_PRC,TH_NP15_GEN-APND,ALL_APNODES,0,0.0,11,6
2023-06-20T08:55:00-00:00,2023-06-20T09:00:00-00:00,2023-06-20,2,TH_NP15_GEN-APND,TH_NP15_GEN-APND,TH_NP15_GEN-APND,RTM,MCC,LMP_CONG_PRC,TH_NP15_GEN-APND,ALL_APNODES,0,0.0,12,6
2023-06-20T09:00:00-00:00,2023-06-20T09:05:00-00:00,2023-06-20,3,TH_NP15_GEN-APND,TH_NP15_GEN-APND,TH_NP15_GEN-APND,RTM,MCC,LMP_CONG_PRC,TH_NP15_GEN-APND,ALL_APNODES,0,0.0,1,6
2023-06-20T09:05:00-00:00,2023-06-20T09:10:00-00:00,2023-06-20,3,TH_NP15_GEN-APND,TH_NP15_GEN-APND,TH_NP15_GEN-APND,RTM,MCC,LMP_CONG_PRC,TH_NP15_GEN-APND,ALL_APNODES,0,0.0,2,6
2023-06-20T09:10:00-00:00,2023-06-20T09:15:00-00:00,2023-06-20,3,TH_NP15_GEN-APND,TH_NP15_GEN-APND,TH_NP15_GEN-APND,RTM,MCC,LMP_CONG_PRC,TH_NP15_GEN-APND,ALL_APNODES,0,0.0,3,6
2023-06-20T09:15:00-00:00,2023-06-20T09:20:00-00:00,2023-06-20,3,TH_NP15_GEN-APND,TH_NP15_GEN-APND,TH_NP15_GEN-APND,RTM,MCC,LMP_CONG_PRC,TH_NP15_GEN-APND,ALL_APNODES,0,0.0,4,6
2023-06-20T09:20:00-00:00,2023-06-20T09:25:00-00:00,2023-06-20,3,TH_NP15_GEN-APND,TH_NP15_GEN-APND,TH_NP15_GEN-APND,RTM,MCC,LMP_CONG_PRC,TH_NP15_GEN-APND,ALL_APNODES,0,0.0,5,6
2023-06-20T09:25:00-00:00,2023-06-20T09:30:00-00:00,2023-06-20,3,TH_NP15_GEN-APND,TH_NP15_GEN-APND,TH_NP15_GEN-APND,RTM,MCC,LMP_CONG_PRC,TH_NP15_GEN-APND,ALL_APNODES,0,0.0,6,6
2023-06-20T09:30:00-00:00,2023-06-20T09:35:00-00:00,2023-06-20,3,TH_NP15_GEN-APND,TH_NP15_GEN-APND,TH_NP15_GEN-APND,RTM,MCC,LMP_CONG_PRC,TH_NP15_GEN-APND,ALL_APNODES,0,0.0,7,6
2023-06-20T09:35:00-00:00,2023-06-20T09:40:00-00:00,2023-06-20,3,TH_NP15_GEN-APND,TH_NP15_GEN-APND,TH_NP15_GEN-APND,RTM,MCC,LMP_CONG_PRC,TH_NP15_GEN-APND,ALL_APNODES,0,0.0,8,6
2023-06-20T09:40:00-00:00,2023-06-20T09:45:00-00:00,2023-06-20,3,TH_NP15_GEN-APND,TH_NP15_GEN-APND,TH_NP15_GEN-APND,RTM,MCC,LMP_CONG_PRC,TH_NP15_GEN-APND,ALL_APNODES,0,0.0,9,6
2023-06-20T09:45:00-00:00,2023-06-20T09:50:00-00:00,2023-06-20,3,TH_NP15_GEN-APND,TH_NP15_GEN-APND,TH_NP15_GEN-APND,RTM,MCC,LMP_CONG_PRC,TH_NP15_GEN-APND,ALL_APNODES,0,0.0,10,6
2023-06-20T09:50:00-00:00,2023-06-20T09:55:00-00:00,2023-06-20,3,TH_NP15_GEN-APND,TH_NP15_GEN-APND,TH_NP15_GEN-APND,RTM,MCC,LMP_CONG_PRC,TH_NP15_GEN-APND,ALL_APNODES,0,0.0,11,6
2023-06-20T09:55:00-00:00,2023-06-20T10:00:00-00:00,2023-06-20,3,TH_NP15_GEN-APND,TH_NP15_GEN-APND,TH_NP15_GEN-APND,RTM,MCC,LMP_CONG_PRC,TH_NP15_GEN-APND,ALL_APNODES,0,0.0,12,6
2023-06-20T10:00:00-00:00,2023-06-20T10:05:00-00:00,2023-06-20,4,TH_NP15_GEN-APND,TH_NP15_GEN-APND,TH_NP15_GEN-APND,RTM,MCC,LMP_CONG_PRC,TH_NP15_GEN-APND,ALL_APNODES,0,0.0,1,6
2023-06-20T10:05:00-00:00,2023-06-20T10:10:00-00:00,2023-06-20,4,TH_NP15_GEN-APND,TH_NP15_GEN-APND,TH_NP15_GEN-APND,RTM,MCC,LMP_CONG_PRC,TH_NP15_GEN-APND,ALL_APNODES,0,0.0,2,6
2023-06-20T10:10:00-00:00,2023-06-20T10:15:00-00:00,2023-06-20,4,TH_NP15_GEN-APND,TH_NP15_GEN-APND,TH_NP15_GEN-APND,RTM,MCC,LMP_CONG_PRC,TH_NP15_GEN-APND,ALL_APNODES,0,0.0,3,6
2023-06-20T10:15:00-00:00,2023-06-20T10:20:00-00:00,2023-06-20,4,TH_NP15_GEN-APND,TH_NP15_GEN-APND,TH_NP15_GEN-APND,RTM,MCC,LMP_CONG_PRC,TH_NP15_GEN-APND,ALL_APNODES,0,0.0,4,6
2023-06-20T10:20:00-00:00,2023-06-20T10:25:00-00:00,2023-06-20,4,TH_NP15_GEN-APND,TH_NP15_GEN-APND,TH_NP15_GEN-APND,RTM,MCC,LMP_CONG_PRC,TH_NP15_GEN-APND,ALL_APNODES,0,0.0,5,6
2023-06-20T10:25:00-00:00,2023-06-20T10:30:00-00:00,2023-06-20,4,TH_NP15_GEN-APND,TH_NP15_GEN-APND,TH_NP15_GEN-APND,RTM,MCC,LMP_CONG_PRC,TH_NP15_GEN-APND,ALL_APNODES,0,0.0,6,6
2023-06-20T10:30:00-00:00,2023-06-20T10:35:00-00:00,2023-06-20,4,TH_NP15_GEN-APND,TH_NP15_GEN-APND,TH_NP15_GEN-APND,RTM,MCC,LMP_CONG_PRC,TH_NP15_GEN-APND,ALL_APNODES,0,0.0,7,6
2023-06-20T10:35:00-00:00,2023-06-20T10:40:00-00:00,2023-06-20,4,TH_NP15_GEN-APND,TH_NP15_GEN-APND,TH_NP15_GEN-APND,RTM,MCC,LMP_CONG_PRC,TH_NP15_GEN-APND,ALL_APNODES,0,0.0,8,6
2023-06-20T10:40:00-00:00,2023-06-20T10:45:00-00:00,2023-06-20,4,TH_NP15_GEN-APND,TH_NP15_GEN-APND,TH_NP15_GEN-APND,RTM,MCC,LMP_CONG_PRC,TH_NP15_GEN-APND,ALL_APNODES,0,0.0,9,6
2023-06-20T10:45:00-00:00,2023-06-20T10:50:00-00:00,2023-06-20,4,TH_NP15_GEN-APND,TH_NP15_GEN-APND,TH_NP15_GEN-APND,RTM,MCC,LMP_CONG_PRC,TH_NP15_GEN-APND,ALL_APNODES,0,0.0,10,6
2023-06-20T10:50:00-00:00,2023-06-20T10:55:00-00:00,2023-06-20,4,TH_NP15_GEN-APND,TH_NP15_GEN-APND,TH_NP15_GEN-APND,RTM,MCC,LMP_CONG_PRC,TH_NP15_GEN-APND,ALL_APNODES,0,0.0,11,6
2023-06-20T10:55:00-00:00,2023-06-20T11:00:00-00:00,2023-06-20,4,TH_NP15_GEN-APND,TH_NP15_GEN-APND,TH_NP15_GEN-APND,RTM,MCC,LMP_CONG_PRC,TH_NP15_GEN-APND,ALL_APNODES,0,0.0,12,6
2023-06-20T11:00:00-00:00,2023-06-20T11:05:00-00:00,2023-06-20,5,TH_NP15_GEN-APND,TH_NP15_GEN-APND,TH_NP15_GEN-APND,RTM,MCC,LMP_CONG_PRC,TH_NP15_GEN-APND,ALL_APNODES,0,0.0,1,6
2023-06-20T11:05:00-00:00,2023-06-20T11:10:00-00:00,2023-06-20,5,TH_NP15_GEN-APND,TH_NP15_GEN-APND,TH_NP15_GEN-APND,RTM,MCC,LMP_CONG_PRC,TH_NP15_GEN-APND,ALL_APNODES,0,0.0,2,6
2023-06-20T11:10:00-00:00,2023-06-20T11:15:00-00:00,2023-06-20,5,TH_NP15_GEN-APND,TH_NP15_GEN-APND,TH_NP15_GEN-APND,RTM,MCC,LMP_CONG_PRC,TH_NP15_GEN-APND,ALL_APNODES,0,0.0,3,6
2023-06-20T11:15:00-00:00,2023-06-20T11:20:00-00:00,2023-06-20,5,TH_NP15_GEN-APND,TH_NP15_GEN-APND,TH_NP15_GEN-APND,RTM,MCC,LMP_CONG_PRC,TH_NP15_GEN-APND,ALL_APNODES,0,0.0,4,6
2023-06-20T11:20:00-00:00,2023-06-20T11:25:00-00:00,2023-06-20,5,TH_NP15_GEN-APND,TH_NP15_GEN-APND,TH_NP15_GEN-APND,RTM,MCC,LMP_CONG_PRC,TH_NP15_GEN-APND,ALL_APNODES,0,0.0,5,6
2023-06-20T11:25:00-00:00,2023-06-20T11:30:00-00:00,2023-06-20,5,TH_NP15_GEN-APND,TH_NP15_GEN-APND,TH_NP15_GEN-APND,RTM,MCC,LMP_CONG_PRC,TH_NP15_GEN-APND,ALL_APNODES,0,0.0,6,6
2023-06-20T11:30:00-00:00,2023-06-20T11:35:00-00:00,2023-06-20,5,TH_NP15_GEN-APND,TH_NP15_GEN-APND,TH_NP15_GEN-APND,RTM,MCC,LMP_CONG_PRC,TH_NP15_GEN-APND,ALL_APNODES,0,0.0,7,6
2023-06-20T11:35:00-00:00,2023-06-20T11:40:00-00:00,2023-06-20,5,TH_NP15_GEN-APND,TH_NP15_GEN-APND,TH_NP15_GEN-APND,RTM,MCC,LMP_CONG_PRC,TH_NP15_GEN-APND,ALL_APNODES,0,0.0,8,6
2023-06-20T11:40:00-00:00,2023-06-20T11:45:00-00:00,2023-06-20,5,TH_NP15_GEN-APND,TH_NP15_GEN-APND,TH_NP15_GEN-APND,RTM,MCC,LMP_CONG_PRC,TH_NP15_GEN-APND,ALL_APNODES,0,0.0,9,6
2023-06-20T11:45:00-00:00,2023-06-20T11:50:00-00:00,2023-06-20,5,TH_NP15_GEN-APND,TH_NP15_GEN-APND,TH_NP15_GEN-APND,RTM,MCC,LMP_CONG_PRC,TH_NP15_GEN-APND,ALL_APNODES,0,0.0,10,6
2023-06-20T11:50:00-00:00,2023-06-20T11:55:00-00:00,2023-06-20,5,TH_NP15_GEN-APND,TH_NP15_GEN-APND,TH_NP15_GEN-APND,RTM,MCC,LMP_CONG_PRC,TH_NP15_GEN-APND,ALL_APNODES,0,0.0,11,6
2023-06-20T11:55:00-00:00,2023-06-20T12:00:00-00:00,2023-06-20,5,TH_NP15_GEN-APND,TH_NP15_GEN-APND,TH_NP15_GEN-APND,RTM,MCC,LMP_CONG_PRC,TH_NP15_GEN-APND,ALL_APNODES,0,0.0,12,6
2023-06-20T12:00:00-00:00,2023-06-20T12:05:00-00:00,2023-06-20,6,TH_NP15_GEN-APND,TH_NP15_GEN-APND,TH_NP15_GEN-APND,RTM,MCC,LMP_CONG_PRC,TH_NP15_GEN-APND,ALL_APNODES,0,0.0,1,6
2023-06-20T12:05:00-00:00,2023-06-20T12:10:00-00:00,2023-06-20,6,TH_NP15_GEN-APND,TH_NP15_GEN-APND,TH_NP15_GEN-APND,RTM,MCC,LMP_CONG_PRC,TH_NP15_GEN-APND,ALL_APNODES,0,0.0,2,6
2023-06-20T12:10:00-00:00,2023-06-20T12:15:00-00:00,2023-06-20,6,TH_NP15_GEN-APND,TH_NP15_GEN-APND,TH_NP15_GEN-APND,RTM,MCC,LMP_CONG_PRC,TH_NP15_GEN-APND,ALL_APNODES,0,0.0,3,6
2023-06-20T12:15:00-00:00,2023-06-20T12:20:00-00:00,2023-06-20,6,TH_NP15_GEN-APND,TH_NP15_GEN-APND,TH_NP15_GEN-APND,RTM,MCC,LMP_CONG_PRC,TH_NP15_GEN-APND,ALL_APNODES,0,0.0,4,6
2023-06-20T12:20:00-00:00,2023-06-20T12:25:00-00:00,2023-06-20,6,TH_NP15_GEN-APND,TH_NP15_GEN-APND,TH_NP15_GEN-APND,RTM,MCC,LMP_CONG_PRC,TH_NP15_GEN-APND,ALL_APNODES,0,0.0,5,6
2023-06-20T12:25:00-00:00,2023-06-20T12:30:00-00:00,2023-06-20,6,TH_NP15_GEN-APND,TH_NP15_GEN-APND,TH_NP15_GEN-APND,RTM,MCC,LMP_CONG_PRC,TH_NP15_GEN-APND,ALL_APNODES,0,0.0,6,6
2023-06-20T12:30:00-00:00,2023-06-20T12:35:00-00:00,2023-06-20,6,TH_NP15_GEN-APND,TH_NP15_GEN-APND,TH_NP15_GEN-APND,RTM,MCC,LMP_CONG_PRC,TH_NP15_GEN-APND,ALL_APNODES,0,0.0,7,6
2023-06-20T12:35:00-00:00,2023-06-20T12:40:00-00:00,2023-06-20,6,TH_NP15_GEN-APND,TH_NP15_GEN-APND,TH_NP15_GEN-APND,RTM,MCC,LMP_CONG_PRC,TH_NP15_GEN-APND,ALL_APNODES,0,0.0,8,6
2023-06-20T12:40:00-00:00,2023-06-20T12:45:00-00:00,2023-06-20,6,TH_NP15_GEN-APND,TH_NP15_GEN-APND,TH_NP15_GEN-APND,RTM,MCC,LMP_CONG_PRC,TH_NP15_GEN-APND,ALL_APNODES,0,0.0,9,6
2023-06-20T12:45:00-00:00,2023-06-20T12:50:00-00:00,2023-06-20,6,TH_NP15_GEN-APND,TH_NP15_GEN-APND,TH_NP15_GEN-APND,RTM,MCC,LMP_CONG_PRC,TH_NP15_GEN-APND,ALL_APNODES,0,0.0,10,6
2023-06-20T12:50:00-00:00,2023-06-20T12:55:00-00:00,2023-06-20,6,TH_NP15_GEN-APND,TH_NP15_GEN-APND,TH_NP15_GEN-APND,RTM,MCC,LMP_CONG_PRC,TH_NP15_GEN-APND,ALL_APNODES,0,0.0,11,6
2023-06-20T12:55:00-00:00,2023-06-20T13:00:00-00:00,2023-06-20,6,TH_NP15_GEN-APND,TH_NP15_GEN-APND,TH_NP15_GEN-APND,RTM,MCC,LMP_CONG_PRC,TH_NP15_GEN-APND,ALL_APNODES,0,0.0,12,6
2023-06-20T13:00:00-00:00,2023-06-20T13:05:00-00:00,2023-06-20,7,TH_NP15_GEN-APND,TH_NP15_GEN-APND,TH_NP15_GEN-APND,RTM,MCC,LMP_CONG_PRC,TH_NP15_GEN-APND,ALL_APNODES,0,0.0,1,6
2023-06-20T13:05:00-00:00,2023-06-20T13:10:00-00:00,2023-06-20,7,TH_NP15_GEN-APND,TH_NP15_GEN-APND,TH_NP15_GEN-APND,RTM,MCC,LMP_CONG_PRC,TH_NP15_GEN-APND,ALL_APNODES,0,0.0,2,6
2023-06-20T13:10:00-00:00,2023-06-20T13:15:00-00:00,2023-06-20,7,TH_NP15_GEN-APND,TH_NP15_GEN-APND,TH_NP15_GEN-APND,RTM,MCC,LMP_CONG_PRC,TH_NP15_GEN-APND,ALL_APNODES,0,0.0,3,6
2023-06-20T13:15:00-00:00,2023-06-20T13:20:00-00:00,2023-06-20,7,TH_NP15_GEN-APND,TH_NP15_GEN-APND,TH_NP15_GEN-APND,RTM,MCC,LMP_CONG_PRC,TH_NP15_GEN-APND,ALL_APNODES,0,0.0,4,6
2023-06-20T13:20:00-00:00,2023-06-20T13:25:00-00:00,2023-06-20,7,TH_NP15_GEN-APND,TH_NP15_GEN-APND,TH_NP15_GEN-APND,RTM,MCC,LMP_CONG_PRC,TH_NP15_GEN-APND,ALL_APNODES,0,0.0,5,6
2023-06-20T13:25:00-00:00,2023-06-20T13:30:00-00:00,2023-06-20,7,TH_NP15_GEN-APND,TH_NP15_GEN-APND,TH_NP15_GEN-APND,RTM,MCC,LMP_CONG_PRC,TH_NP15_GEN-APND,ALL_APNODES,0,0.0,6,6
2023-06-20T13:30:00-00:00,2023-06-20T13:35:00-00:00,2023-06-20,7,TH_NP15_GEN-APND,TH_NP15_GEN-APND,TH_NP15_GEN-APND,RTM,MCC,LMP_CONG_PRC,TH_NP15_GEN-APND,ALL_APNODES,0,0.0,7,6
2023-06-20T13:35:00-00:00,2023-06-20T13:40:00-00:00,2023-06-20,7,TH_NP15_GEN-APND,TH_NP15_GEN-APND,TH_NP15_GEN-APND,RTM,MCC,LMP_CONG_PRC,TH_NP15_GEN-APND,ALL_APNODES,0,0.0,8,6
2023-06-20T13:40:00-00:00,2023-06-20T13:45:00-00:00,2023-06-20,7,TH_NP15_GEN-APND,TH_NP15_GEN-APND,TH_NP15_GEN-APND,RTM,MCC,LMP_CONG_PRC,TH_NP15_GEN-APND,ALL_APNODES,0,0.0,9,6
2023-06-20T13:45:00-00:00,2023-06-20T13:50:00-00:00,2023-06-20,7,TH_NP15_GEN-APND,TH_NP15_GEN-APND,TH_NP15_GEN-APND,RTM,MCC,LMP_CONG_PRC,TH_NP15_GEN-APND,ALL_APNODES,0,0.0,10,6
2023-06-20T13:50:00-00:00,2023-06-20T13:55:00-00:00,2023-06-20,7,TH_NP15_GEN-APND,TH_NP15_GEN-APND,TH_NP15_GEN-APND,RTM,MCC,LMP_CONG_PRC,TH_NP15_GEN-APND,ALL_APNODES,0,0.0,11,6
2023-06-20T13:55:00-00:00,2023-06-20T14:00:00-00:00,2023-06-20,7,TH_NP15_GEN-APND,TH_NP15_GEN-APND,TH_NP15_GEN-APND,RTM,MCC,LMP_CONG_PRC,TH_NP15_GEN-APND,ALL_APNODES,0,0.0,12,6
2023-06-20T14:00:00-00:00,2023-06-20T14:05:00-00:00,2023-06-20,8,TH_NP15_GEN-APND,TH_NP15_GEN-APND,TH_NP15_GEN-APND,RTM,MCC,LMP_CONG_PRC,TH_NP15_GEN-APND,ALL_APNODES,0,0.0,1,6
2023-06-20T14:05:00-00:00,2023-06-20T14:10:00-00:00,2023-06-20,8,TH_NP15_GEN-APND,TH_NP15_GEN-APND,TH_NP15_GEN-APND,RTM,MCC,LMP_CONG_PRC,TH_NP15_GEN-APND,ALL_APNODES,0,0.0,2,6
2023-06-20T14:10:00-00:00,2023-06-20T14:15:00-00:00,2023-06-20,8,TH_NP15_GEN-APND,TH_NP15_GEN-APND,TH_NP15_GEN-APND,RTM,MCC,LMP_CONG_PRC,TH_NP15_GEN-APND,ALL_APNODES,0,0.0,3,6
2023-06-20T14:15:00-00:00,2023-06-20T14:20:00-00:00,2023-06-20,8,TH_NP15_GEN-APND,TH_NP15_GEN-APND,TH_NP15_GEN-APND,RTM,MCC,LMP_CONG_PRC,TH_NP15_GEN-APND,ALL_APNODES,0,0.0,4,6
2023-06-20T14:20:00-00:00,2023-06-20T14:25:00-00:00,2023-06-20,8,TH_NP15_GEN-APND,TH_NP15_GEN-APND,TH_NP15_GEN-APND,RTM,MCC,LMP_CONG_PRC,TH_NP15_GEN-APND,ALL_APNODES,0,0.0,5,6
2023-06-20T14:25:00-00:00,2023-06-20T14:30:00-00:00,2023-06-20,8,TH_NP15_GEN-APND,TH_NP15_GEN-APND,TH_NP15_GEN-APND,RTM,MCC,LMP_CONG_PRC,TH_NP15_GEN-APND,ALL_APNODES,0,0.0,6,6
2023-06-20T14:30:00-00:00,2023-06-20T14:35:00-00:00,2023-06-20,8,TH_NP15_GEN-APND,TH_NP15_GEN-APND,TH_NP15_GEN-APND,RTM,MCC,LMP_CONG_PRC,TH_NP15_GEN-APND,ALL_APNODES,0,0.0,7,6
2023-06-20T14:35:00-00:00,2023-06-20T14:40:00-00:00,2023-06-20,8,TH_NP15_GEN-APND,TH_NP15_GEN-APND,TH_NP15_GEN-APND,RTM,MCC,LMP_CONG_PRC,TH_NP15_GEN-APND,ALL_APNODES,0,0.0,8,6
2023-06-20T14:40:00-00:00,2023-06-20T14:45:00-00:00,2023-06-20,8,TH_NP15_GEN-APND,TH_NP15_GEN-APND,TH_NP15_GEN-APND,RTM,MCC,LMP_CONG_PRC,TH_NP15_GEN-APND,ALL_APNODES,0,0.0,9,6
2023-06-20T14:45:00-00:00,2023-06-20T14:50:00-00:00,2023-06-20,8,TH_NP15_GEN-APND,TH_NP15_GEN-APND,TH_NP15_GEN-APND,RTM,MCC,LMP_CONG_PRC,TH_NP15_GEN-APND,ALL_APNODES,0,0.0,10,6
2023-06-20T14:50:00-00:00,2023-06-20T14:55:00-00:00,2023-06-20,8,TH_NP15_GEN-APND,TH_NP15_GEN-APND,TH_NP15_GEN-APND,RTM,MCC,LMP_CONG_PRC,TH_NP15_GEN-APND,ALL_APNODES,0,0.00479,11,6
2023-06-20T14:55:00-00:00,2023-06-20T15:00:00-00:00,2023-06-20,8,TH_NP15_GEN-APND,TH_NP15_GEN-APND,TH_NP15_GEN-APND,RTM,MCC,LMP_CONG_PRC,TH_NP15_GEN-APND,ALL_APNODES,0,0.13977,12,6
2023-06-20T15:00:00-00:00,2023-06-20T15:05:00-00:00,2023-06-20,9,TH_NP15_GEN-APND,TH_NP15_GEN-APND,TH_NP15_GEN-APND,RTM,MCC,LMP_CONG_PRC,TH_NP15_GEN-APND,ALL_APNODES,0,0.0,1,6
2023-06-20T15:05:00-00:00,2023-06-20T15:10:00-00:00,2023-06-20,9,TH_NP15_GEN-APND,TH_NP15_GEN-APND,TH_NP15_GEN-APND,RTM,MCC,LMP_CONG_PRC,TH_NP15_GEN-APND,ALL_APNODES,0,1.21534,2,6
2023-06-20T15:10:00-00:00,2023-06-20T15:15:00-00:00,2023-06-20,9,TH_NP15_GEN-APND,TH_NP15_GEN-APND,TH_NP15_GEN-APND,RTM,MCC,LMP_CONG_PRC,TH_NP15_GEN-APND,ALL_APNODES,0,0.0,3,6
2023-06-20T15:15:00-00:00,2023-06-20T15:20:00-00:00,2023-06-20,9,TH_NP15_GEN-APND,TH_NP15_GEN-APND,TH_NP15_GEN-APND,RTM,MCC,LMP_CONG_PRC,TH_NP15_GEN-APND,ALL_APNODES,0,1.51606,4,6
2023-06-20T15:20:00-00:00,2023-06-20T15:25:00-00:00,2023-06-20,9,TH_NP15_GEN-APND,TH_NP15_GEN-APND,TH_NP15_GEN-APND,RTM,MCC,LMP_CONG_PRC,TH_NP15_GEN-APND,ALL_APNODES,0,3.63661,5,6
2023-06-20T15:25:00-00:00,2023-06-20T15:30:00-00:00,2023-06-20,9,TH_NP15_GEN-APND,TH_NP15_GEN-APND,TH_NP15_GEN-APND,RTM,MCC,LMP_CONG_PRC,TH_NP15_GEN-APND,ALL_APNODES,0,3.63466,6,6
2023-06-20T15:30:00-00:00,2023-06-20T15:35:00-00:00,2023-06-20,9,TH_NP15_GEN-APND,TH_NP15_GEN-APND,TH_NP15_GEN-APND,RTM,MCC,LMP_CONG_PRC,TH_NP15_GEN-APND,ALL_APNODES,0,3.61196,7,6
2023-06-20T15:35:00-00:00,2023-06-20T15:40:00-00:00,2023-06-20,9,TH_NP15_GEN-APND,TH_NP15_GEN-APND,TH_NP15_GEN-APND,RTM,MCC,LMP_CONG_PRC,TH_NP15_GEN-APND,ALL_APNODES,0,3.8395,8,6
2023-06-20T15:40:00-00:00,2023-06-20T15:45:00-00:00,2023-06-20,9,TH_NP15_GEN-APND,TH_NP15_GEN-APND,TH_NP15_GEN-APND,RTM,MCC,LMP_CONG_PRC,TH_NP15_GEN-APND,ALL_APNODES,0,4.98034,9,6
2023-06-20T15:45:00-00:00,2023-06-20T15:50:00-00:00,2023-06-20,9,TH_NP15_GEN-APND,TH_NP15_GEN-APND,TH_NP15_GEN-APND,RTM,MCC,LMP_CONG_PRC,TH_NP15_GEN-APND,ALL_APNODES,0,5.43965,10,6
2023-06-20T15:50:00-00:00,2023-06-20T15:55:00-00:00,2023-06-20,9,TH_NP15_GEN-APND,TH_NP15_GEN-APND,TH_NP15_GEN-APND,RTM,MCC,LMP_CONG_PRC,TH_NP15_GEN-APND,ALL_APNODES,0,6.49407,11,6
2023-06-20T15:55:00-00:00,2023-06-20T16:00:00-00:00,2023-06-20,9,TH_NP15_GEN-APND,TH_NP15_GEN-APND,TH_NP15_GEN-APND,RTM,MCC,LMP_CONG_PRC,TH_NP15_GEN-APND,ALL_APNODES,0,7.32908,12,6
2023-06-20T16:00:00-00:00,2023-06-20T16:05:00-00:00,2023-06-20,10,TH_NP15_GEN-APND,TH_NP15_GEN-APND,TH_NP15_GEN-APND,RTM,MCC,LMP_CONG_PRC,TH_NP15_GEN-APND,ALL_APNODES,0,7.0519,1,6
2023-06-20T16:05:00-00:00,2023-06-20T16:10:00-00:00,2023-06-20,10,TH_NP15_GEN-APND,TH_NP15_GEN-APND,TH_NP15_GEN-APND,RTM,MCC,LMP_CONG_PRC,TH_NP15_GEN-APND,ALL_APNODES,0,7.07368,2,6
2023-06-20T16:10:00-00:00,2023-06-20T16:15:00-00:00,2023-06-20,10,TH_NP15_GEN-APND,TH_NP15_GEN-APND,TH_NP15_GEN-APND,RTM,MCC,LMP_CONG_PRC,TH_NP15_GEN-APND,ALL_APNODES,0,7.70627,3,6
2023-06-20T16:15:00-00:00,2023-06-20T16:20:00-00:00,2023-06-20,10,TH_NP15_GEN-APND,TH_NP15_GEN-APND,TH_NP15_GEN-APND,RTM,MCC,LMP_CONG_PRC,TH_NP15_GEN-APND,ALL_APNODES,0,7.14822,4,6
2023-06-20T16:20:00-00:00,2023-06-20T16:25:00-00:00,2023-06-20,10,TH_NP15_GEN-APND,TH_NP15_GEN-APND,TH_NP15_GEN-APND,RTM,MCC,LMP_CONG_PRC,TH_NP15_GEN-APND,ALL_APNODES,0,7.66813,5,6
2023-06-20T16:25:00-00:00,2023-06-20T16:30:00-00:00,2023-06-20,10,TH_NP15_GEN-APND,TH_NP15_GEN-APND,TH_NP15_GEN-APND,RTM,MCC,LMP_CONG_PRC,TH_NP15_GEN-APND,ALL_APNODES,0,7.65992,6,6
2023-06-20T16:30:00-00:00,2023-06-20T16:35:00-00:00,2023-06-20,10,TH_NP15_GEN-APND,TH_NP15_GEN-APND,TH_NP15_GEN-APND,RTM,MCC,LMP_CONG_PRC,TH_NP15_GEN-APND,ALL_APNODES,0,7.67816,7,6
2023-06-20T16:35:00-00:00,2023-06-20T16:40:00-00:00,2023-06-20,10,TH_NP15_GEN-APND,TH_NP15_GEN-APND,TH_NP15_GEN-APND,RTM,MCC,LMP_CONG_PRC,TH_NP15_GEN-APND,ALL_APNODES,0,8.21741,8,6
2023-06-20T16:40:00-00:00,2023-06-20T16:45:00-00:00,2023-06-20,10,TH_NP15_GEN-APND,TH_NP15_GEN-APND,TH_NP15_GEN-APND,RTM,MCC,LMP_CONG_PRC,TH_NP15_GEN-APND,ALL_APNODES,0,7.72271,9,6
2023-06-20T16:45:00-00:00,2023-06-20T16:50:00-00:00,2023-06-20,10,TH_NP15_GEN-APND,TH_NP15_GEN-APND,TH_NP15_GEN-APND,RTM,MCC,LMP_CONG_PRC,TH_NP15_GEN-APND,ALL_APNODES,0,7.54686,10,6
2023-06-20T16:50:00-00:00,2023-06-20T16:55:00-00:00,2023-06-20,10,TH_NP15_GEN-APND,TH_NP15_GEN-APND,TH_NP15_GEN-APND,RTM,MCC,LMP_CONG_PRC,TH_NP15_GEN-APND,ALL_APNODES,0,7.74412,11,6
2023-06-20T16:55:00-00:00,2023-06-20T17:00:00-00:00,2023-06-20,10,TH_NP15_GEN-APND,TH_NP15_GEN-APND,TH_NP15_GEN-APND,RTM,MCC,LMP_CONG_PRC,TH_NP15_GEN-APND,ALL_APNODES,0,7.8862,12,6
2023-06-20T17:00:00-00:00,2023-06-20T17:05:00-00:00,2023-06-20,11,TH_NP15_GEN-APND,TH_NP15_GEN-APND,TH_NP15_GEN-APND,RTM,MCC,LMP_CONG_PRC,TH_NP15_GEN-APND,ALL_APNODES,0,7.62721,1,6
2023-06-20T17:05:00-00:00,2023-06-20T17:10:00-00:00,2023-06-20,11,TH_NP15_GEN-APND,TH_NP15_GEN-APND,TH_NP15_GEN-APND,RTM,MCC,LMP_CONG_PRC,TH_NP15_GEN-APND,ALL_APNODES,0,7.62601,2,6
2023-06-20T17:10:00-00:00,2023-06-20T17:15:00-00:00,2023-06-20,11,TH_NP15_GEN-APND,TH_NP15_GEN-APND,TH_NP15_GEN-APND,RTM,MCC,LMP_CONG_PRC,TH_NP15_GEN-APND,ALL_APNODES,0,7.62721,3,6
2023-06-20T17:15:00-00:00,2023-06-20T17:20:00-00:00,2023-06-20,11,TH_NP15_GEN-APND,TH_NP15_GEN-APND,TH_NP15_GEN-APND,RTM,MCC,LMP_CONG_PRC,TH_NP15_GEN-APND,ALL_APNODES,0,6.612,4,6
2023-06-20T17:20:00-00:00,2023-06-20T17:25:00-00:00,2023-06-20,11,TH_NP15_GEN-APND,TH_NP15_GEN-APND,TH_NP15_GEN-APND,RTM,MCC,LMP_CONG_PRC,TH_NP15_GEN-APND,ALL_APNODES,0,7.01437,5,6
2023-06-20T17:25:00-00:00,2023-06-20T17:30:00-00:00,2023-06-20,11,TH_NP15_GEN-APND,TH_NP15_GEN-APND,TH_NP15_GEN-APND,RTM,MCC,LMP_CONG_PRC,TH_NP15_GEN-APND,ALL_APNODES,0,7.03569,6,6
2023-06-20T17:30:00-00:00,2023-06-20T17:35:00-00:00,2023-06-20,11,TH_NP15_GEN-APND,TH_NP15_GEN-APND,TH_NP15_GEN-APND,RTM,MCC,LMP_CONG_PRC,TH_NP15_GEN-APND,ALL_APNODES,0,6.41574,7,6
2023-06-20T17:35:00-00:00,2023-06-20T17:40:00-00:00,2023-06-20,11,TH_NP15_GEN-APND,TH_NP15_GEN-APND,TH_NP15_GEN-APND,RTM,MCC,LMP_CONG_PRC,TH_NP15_GEN-APND,ALL_APNODES,0,6.93492,8,6
2023-06-20T17:40:00-00:00,2023-06-20T17:45:00-00:00,2023-06-20,11,TH_NP15_GEN-APND,TH_NP15_GEN-APND,TH_NP15_GEN-APND,RTM,MCC,LMP_CONG_PRC,TH_NP15_GEN-APND,ALL_APNODES,0,5.00967,9,6
2023-06-20T17:45:00-00:00,2023-06-20T17:50:00-00:00,2023-06-20,11,TH_NP15_GEN-APND,TH_NP15_GEN-APND,TH_NP15_GEN-APND,RTM,MCC,LMP_CONG_PRC,TH_NP15_GEN-APND,ALL_APNODES,0,4.33223,10,6
2023-06-20T17:50:00-00:00,2023-06-20T17:55:00-00:00,2023-06-20,11,TH_NP15_GEN-APND,TH_NP15_GEN-APND,TH_NP15_GEN-APND,RTM,MCC,LMP_CONG_PRC,TH_NP15_GEN-APND,ALL_APNODES,0,4.99238,11,6
2023-06-20T17:55:00-00:00,2023-06-20T18:00:00-00:00,2023-06-20,11,TH_NP15_GEN-APND,TH_NP15_GEN-APND,TH_NP15_GEN-APND,RTM,MCC,LMP_CONG_PRC,TH_NP15_GEN-APND,ALL_APNODES,0,6.23199,12,6
2023-06-20T18:00:00-00:00,2023-06-20T18:05:00-00:00,2023-06-20,12,TH_NP15_GEN-APND,TH_NP15_GEN-APND,TH_NP15_GEN-APND,RTM,MCC,LMP_CONG_PRC,TH_NP15_GEN-APND,ALL_APNODES,0,7.2551,1,6
2023-06-20T18:05:00-00:00,2023-06-20T18:10:00-00:00,2023-06-20,12,TH_NP15_GEN-APND,TH_NP15_GEN-APND,TH_NP15_GEN-APND,RTM,MCC,LMP_CONG_PRC,TH_NP15_GEN-APND,ALL_APNODES,0,7.2551,2,6
2023-06-20T18:10:00-00:00,2023-06-20T18:15:00-00:00,2023-06-20,12,TH_NP15_GEN-APND,TH_NP15_GEN-APND,TH_NP15_GEN-APND,RTM,MCC,LMP_CONG_PRC,TH_NP15_GEN-APND,ALL_APNODES,0,7.44188,3,6
2023-06-20T18:15:00-00:00,2023-06-20T18:20:00-00:00,2023-06-20,12,TH_NP15_GEN-APND,TH_NP15_GEN-APND,TH_NP15_GEN-APND,RTM,MCC,LMP_CONG_PRC,TH_NP15_GEN-APND,ALL_APNODES,0,7.49406,4,6
2023-06-20T18:20:00-00:00,2023-06-20T18:25:00-00:00,2023-06-20,12,TH_NP15_GEN-APND,TH_NP15_GEN-APND,TH_NP15_GEN-APND,RTM,MCC,LMP_CONG_PRC,TH_NP15_GEN-APND,ALL_APNODES,0,9.25411,5,6
2023-06-20T18:25:00-00:00,2023-06-20T18:30:00-00:00,2023-06-20,12,TH_NP15_GEN-APND,TH_NP15_GEN-APND,TH_NP15_GEN-APND,RTM,MCC,LMP_CONG_PRC,TH_NP15_GEN-APND,ALL_APNODES,0,9.01069,6,6
2023-06-20T18:30:00-00:00,2023-06-20T18:35:00-00:00,2023-06-20,12,TH_NP15_GEN-APND,TH_NP15_GEN-APND,TH_NP15_GEN-APND,RTM,MCC,LMP_CONG_PRC,TH_NP15_GEN-APND,ALL_APNODES,0,6.43245,7,6
2023-06-20T18:35:00-00:00,2023-06-20T18:40:00-00:00,2023-06-20,12,TH_NP15_GEN-APND,TH_NP15_GEN-APND,TH_NP15_GEN-APND,RTM,MCC,LMP_CONG_PRC,TH_NP15_GEN-APND,ALL_APNODES,0,8.29572,8,6
2023-06-20T18:40:00-00:00,2023-06-20T18:45:00-00:00,2023-06-20,12,TH_NP15_GEN-APND,TH_NP15_GEN-APND,TH_NP15_GEN-APND,RTM,MCC,LMP_CONG_PRC,TH_NP15_GEN-APND,ALL_APNODES,0,12.98228,9,6
2023-06-20T18:45:00-00:00,2023-06-20T18:50:00-00:00,2023-06-20,12,TH_NP15_GEN-APND,TH_NP15_GEN-APND,TH_NP15_GEN-APND,RTM,MCC,LMP_CONG_PRC,TH_NP15_GEN-APND,ALL_APNODES,0,9.16688,10,6
2023-06-20T18:50:00-00:00,2023-06-20T18:55:00-00:00,2023-06-20,12,TH_NP15_GEN-APND,TH_NP15_GEN-APND,TH_NP15_GEN-APND,RTM,MCC,LMP_CONG_PRC,TH_NP15_GEN-APND,ALL_APNODES,0,8.6891,11,6
2023-06-20T18:55:00-00:00,2023-06-20T19:00:00-00:00,2023-06-20,12,TH_NP15_GEN-APND,TH_NP15_GEN-APND,TH_NP15_GEN-APND,RTM,MCC,LMP_CONG_PRC,TH_NP15_GEN-APND,ALL_APNODES,0,8.49994,12,6
2023-06-20T19:00:00-00:00,2023-06-20T19:05:00-00:00,2023-06-20,13,TH_NP15_GEN-APND,TH_NP15_GEN-APND,TH_NP15_GEN-APND,RTM,MCC,LMP_CONG_PRC,TH_NP15_GEN-APND,ALL_APNODES,0,6.22203,1,6
2023-06-20T19:05:00-00:00,2023-06-20T19:10:00-00:00,2023-06-20,13,TH_NP15_GEN-APND,TH_NP15_GEN-APND,TH_NP15_GEN-APND,RTM,MCC,LMP_CONG_PRC,TH_NP15_GEN-APND,ALL_APNODES,0,6.23559,2,6
2023-06-20T19:10:00-00:00,2023-06-20T19:15:00-00:00,2023-06-20,13,TH_NP15_GEN-APND,TH_NP15_GEN-APND,TH_NP15_GEN-APND,RTM,MCC,LMP_CONG_PRC,TH_NP15_GEN-APND,ALL_APNODES,0,6.22203,3,6
2023-06-20T19:15:00-00:00,2023-06-20T19:20:00-00:00,2023-06-20,13,TH_NP15_GEN-APND,TH_NP15_GEN-APND,TH_NP15_GEN-APND,RTM,MCC,LMP_CONG_PRC,TH_NP15_GEN-APND,ALL_APNODES,0,5.04187,4,6
2023-06-20T19:20:00-00:00,2023-06-20T19:25:00-00:00,2023-06-20,13,TH_NP15_GEN-APND,TH_NP15_GEN-APND,TH_NP15_GEN-APND,RTM,MCC,LMP_CONG_PRC,TH_NP15_GEN-APND,ALL_APNODES,0,5.37342,5,6
2023-06-20T19:25:00-00:00,2023-06-20T19:30:00-00:00,2023-06-20,13,TH_NP15_GEN-APND,TH_NP15_GEN-APND,TH_NP15_GEN-APND,RTM,MCC,LMP_CONG_PRC,TH_NP15_GEN-APND,ALL_APNODES,0,5.15696,6,6
2023-06-20T19:30:00-00:00,2023-06-20T19:35:00-00:00,2023-06-20,13,TH_NP15_GEN-APND,TH_NP15_GEN-APND,TH_NP15_GEN-APND,RTM,MCC,LMP_CONG_PRC,TH_NP15_GEN-APND,ALL_APNODES,0,5.69432,7,6
2023-06-20T19:35:00-00:00,2023-06-20T19:40:00-00:00,2023-06-20,13,TH_NP15_GEN-APND,TH_NP15_GEN-APND,TH_NP15_GEN-APND,RTM,MCC,LMP_CONG_PRC,TH_NP15_GEN-APND,ALL_APNODES,0,5.71374,8,6
2023-06-20T19:40:00-00:00,2023-06-20T19:45:00-00:00,2023-06-20,13,TH_NP15_GEN-APND,TH_NP15_GEN-APND,TH_NP15_GEN-APND,RTM,MCC,LMP_CONG_PRC,TH_NP15_GEN-APND,ALL_APNODES,0,5.01534,9,6
2023-06-20T19:45:00-00:00,2023-06-20T19:50:00-00:00,2023-06-20,13,TH_NP15_GEN-APND,TH_NP15_GEN-APND,TH_NP15_GEN-APND,RTM,MCC,LMP_CONG_PRC,TH_NP15_GEN-APND,ALL_APNODES,0,1.65083,10,6
2023-06-20T19:50:00-00:00,2023-06-20T19:55:00-00:00,2023-06-20,13,TH_NP15_GEN-APND,TH_NP15_GEN-APND,TH_NP15_GEN-APND,RTM,MCC,LMP_CONG_PRC,TH_NP15_GEN-APND,ALL_APNODES,0,1.75876,11,6
2023-06-20T19:55:00-00:00,2023-06-20T20:00:00-00:00,2023-06-20,13,TH_NP15_GEN-APND,TH_NP15_GEN-APND,TH_NP15_GEN-APND,RTM,MCC,LMP_CONG_PRC,TH_NP15_GEN-APND,ALL_APNODES,0,3.84245,12,6
2023-06-20T20:00:00-00:00,2023-06-20T20:05:00-00:00,2023-06-20,14,TH_NP15_GEN-APND,TH_NP15_GEN-APND,TH_NP15_GEN-APND,RTM,MCC,LMP_CONG_PRC,TH_NP15_GEN-APND,ALL_APNODES,0,6.07554,1,6
2023-06-20T20:05:00-00:00,2023-06-20T20:10:00-00:00,2023-06-20,14,TH_NP15_GEN-APND,TH_NP15_GEN-APND,TH_NP15_GEN-APND,RTM,MCC,LMP_CONG_PRC,TH_NP15_GEN-APND,ALL_APNODES,0,5.52013,2,6
2023-06-20T20:10:00-00:00,2023-06-20T20:15:00-00:00,2023-06-20,14,TH_NP15_GEN-APND,TH_NP15_GEN-APND,TH_NP15_GEN-APND,RTM,MCC,LMP_CONG_PRC,TH_NP15_GEN-APND,ALL_APNODES,0,5.65723,3,6
2023-06-20T20:15:00-00:00,2023-06-20T20:20:00-00:00,2023-06-20,14,TH_NP15_GEN-APND,TH_NP15_GEN-APND,TH_NP15_GEN-APND,RTM,MCC,LMP_CONG_PRC,TH_NP15_GEN-APND,ALL_APNODES,0,6.1681,4,6
2023-06-20T20:20:00-00:00,2023-06-20T20:25:00-00:00,2023-06-20,14,TH_NP15_GEN-APND,TH_NP15_GEN-APND,TH_NP15_GEN-APND,RTM,MCC,LMP_CONG_PRC,TH_NP15_GEN-APND,ALL_APNODES,0,5.81374,5,6
2023-06-20T20:25:00-00:00,2023-06-20T20:30:00-00:00,2023-06-20,14,TH_NP15_GEN-APND,TH_NP15_GEN-APND,TH_NP15_GEN-APND,RTM,MCC,LMP_CONG_PRC,TH_NP15_GEN-APND,ALL_APNODES,0,6.27746,6,6
2023-06-20T20:30:00-00:00,2023-06-20T20:35:00-00:00,2023-06-20,14,TH_NP15_GEN-APND,TH_NP15_GEN-APND,TH_NP15_GEN-APND,RTM,MCC,LMP_CONG_PRC,TH_NP15_GEN-APND,ALL_APNODES,0,0.0,7,6
2023-06-20T20:35:00-00:00,2023-06-20T20:40:00-00:00,2023-06-20,14,TH_NP15_GEN-APND,TH_NP15_GEN-APND,TH_NP15_GEN-APND,RTM,MCC,LMP_CONG_PRC,TH_NP15_GEN-APND,ALL_APNODES,0,2.41572,8,6
2023-06-20T20:40:00-00:00,2023-06-20T20:45:00-00:00,2023-06-20,14,TH_NP15_GEN-APND,TH_NP15_GEN-APND,TH_NP15_GEN-APND,RTM,MCC,LMP_CONG_PRC,TH_NP15_GEN-APND,ALL_APNODES,0,1.71256,9,6
2023-06-20T20:45:00-00:00,2023-06-20T20:50:00-00:00,2023-06-20,14,TH_NP15_GEN-APND,TH_NP15_GEN-APND,TH_NP15_GEN-APND,RTM,MCC,LMP_CONG_PRC,TH_NP15_GEN-APND,ALL_APNODES,0,1.83887,10,6
2023-06-20T20:50:00-00:00,2023-06-20T20:55:00-00:00,2023-06-20,14,TH_NP15_GEN-APND,TH_NP15_GEN-APND,TH_NP15_GEN-APND,RTM,MCC,LMP_CONG_PRC,TH_NP15_GEN-APND,ALL_APNODES,0,3.15044,11,6
2023-06-20T20:55:00-00:00,2023-06-20T21:00:00-00:00,2023-06-20,14,TH_NP15_GEN-APND,TH_NP15_GEN-APND,TH_NP15_GEN-APND,RTM,MCC,LMP_CONG_PRC,TH_NP15_GEN-APND,ALL_APNODES,0,4.06339,12,6
2023-06-20T21:00:00-00:00,2023-06-20T21:05:00-00:00,2023-06-20,15,TH_NP15_GEN-APND,TH_NP15_GEN-APND,TH_NP15_GEN-APND,RTM,MCC,LMP_CONG_PRC,TH_NP15_GEN-APND,ALL_APNODES,0,4.73238,1,6
2023-06-20T21:05:00-00:00,2023-06-20T21:10:00-00:00,2023-06-20,15,TH_NP15_GEN-APND,TH_NP15_GEN-APND,TH_NP15_GEN-APND,RTM,MCC,LMP_CONG_PRC,TH_NP15_GEN-APND,ALL_APNODES,0,5.4397,2,6
2023-06-20T21:10:00-00:00,2023-06-20T21:15:00-00:00,2023-06-20,15,TH_NP15_GEN-APND,TH_NP15_GEN-APND,TH_NP15_GEN-APND,RTM,MCC,LMP_CONG_PRC,TH_NP15_GEN-APND,ALL_APNODES,0,6.0802,3,6
2023-06-20T21:15:00-00:00,2023-06-20T21:20:00-00:00,2023-06-20,15,TH_NP15_GEN-APND,TH_NP15_GEN-APND,TH_NP15_GEN-APND,RTM,MCC,LMP_CONG_PRC,TH_NP15_GEN-APND,ALL_APNODES,0,4.4412,4,6
2023-06-20T21:20:00-00:00,2023-06-20T21:25:00-00:00,2023-06-20,15,TH_NP15_GEN-APND,TH_NP15_GEN-APND,TH_NP15_GEN-APND,RTM,MCC,LMP_CONG_PRC,TH_NP15_GEN-APND,ALL_APNODES,0,3.1875,5,6
2023-06-20T21:25:00-00:00,2023-06-20T21:30:00-00:00,2023-06-20,15,TH_NP15_GEN-APND,TH_NP15_GEN-APND,TH_NP15_GEN-APND,RTM,MCC,LMP_CONG_PRC,TH_NP15_GEN-APND,ALL_APNODES,0,3.27061,6,6
2023-06-20T21:30:00-00:00,2023-06-20T21:35:00-00:00,2023-06-20,15,TH_NP15_GEN-APND,TH_NP15_GEN-APND,TH_NP15_GEN-APND,RTM,MCC,LMP_CONG_PRC,TH_NP15_GEN-APND,ALL_APNODES,0,0.0,7,6
2023-06-20T21:35:00-00:00,2023-06-20T21:40:00-00:00,2023-06-20,15,TH_NP15_GEN-APND,TH_NP15_GEN-APND,TH_NP15_GEN-APND,RTM,MCC,LMP_CONG_PRC,TH_NP15_GEN-APND,ALL_APNODES,0,0.5419,8,6
2023-06-20T21:40:00-00:00,2023-06-20T21:45:00-00:00,2023-06-20,15,TH_NP15_GEN-APND,TH_NP15_GEN-APND,TH_NP15_GEN-APND,RTM,MCC,LMP_CONG_PRC,TH_NP15_GEN-APND,ALL_APNODES,0,0.0,9,6
2023-06-20T21:45:00-00:00,2023-06-20T21:50:00-00:00,2023-06-20,15,TH_NP15_GEN-APND,TH_NP15_GEN-APND,TH_NP15_GEN-APND,RTM,MCC,LMP_CONG_PRC,TH_NP15_GEN-APND,ALL_APNODES,0,1.43421,10,6
2023-06-20T21:50:00-00:00,2023-06-20T21:55:00-00:00,2023-06-20,15,TH_NP15_GEN-APND,TH_NP15_GEN-APND,TH_NP15_GEN-APND,RTM,MCC,LMP_CONG_PRC,TH_NP15_GEN-APND,ALL_APNODES,0,0.54639,11,6
2023-06-20T21:55:00-00:00,2023-06-20T22:00:00-00:00,2023-06-20,15,TH_NP15_GEN-APND,TH_NP15_GEN-APND,TH_NP15_GEN-APND,RTM,MCC,LMP_CONG_PRC,TH_NP15_GEN-APND,ALL_APNODES,0,0.5429,12,6
2023-06-20T22:00:00-00:00,2023-06-20T22:05:00-00:00,2023-06-20,16,TH_NP15_GEN-APND,TH_NP15_GEN-APND,TH_NP15_GEN-APND,RTM,MCC,LMP_CONG_PRC,TH_NP15_GEN-APND,ALL_APNODES,0,1.6841,1,6
2023-06-20T22:05:00-00:00,2023-06-20T22:10:00-00:00,2023-06-20,16,TH_NP15_GEN-APND,TH_NP15_GEN-APND,TH_NP15_GEN-APND,RTM,MCC,LMP_CONG_PRC,TH_NP15_GEN-APND,ALL_APNODES,0,2.22454,2,6
2023-06-20T22:10:00-00:00,2023-06-20T22:15:00-00:00,2023-06-20,16,TH_NP15_GEN-APND,TH_NP15_GEN-APND,TH_NP15_GEN-APND,RTM,MCC,LMP_CONG_PRC,TH_NP15_GEN-APND,ALL_APNODES,0,0.48869,3,6
2023-06-20T22:15:00-00:00,2023-06-20T22:20:00-00:00,2023-06-20,16,TH_NP15_GEN-APND,TH_NP15_GEN-APND,TH_NP15_GEN-APND,RTM,MCC,LMP_CONG_PRC,TH_NP15_GEN-APND,ALL_APNODES,0,0.00879,4,6
2023-06-20T22:20:00-00:00,2023-06-20T22:25:00-00:00,2023-06-20,16,TH_NP15_GEN-APND,TH_NP15_GEN-APND,TH_NP15_GEN-APND,RTM,MCC,LMP_CONG_PRC,TH_NP15_GEN-APND,ALL_APNODES,0,0.0,5,6
2023-06-20T22:25:00-00:00,2023-06-20T22:30:00-00:00,2023-06-20,16,TH_NP15_GEN-APND,TH_NP15_GEN-APND,TH_NP15_GEN-APND,RTM,MCC,LMP_CONG_PRC,TH_NP15_GEN-APND,ALL_APNODES,0,0.0,6,6
2023-06-20T22:30:00-00:00,2023-06-20T22:35:00-00:00,2023-06-20,16,TH_NP15_GEN-APND,TH_NP15_GEN-APND,TH_NP15_GEN-APND,RTM,MCC,LMP_CONG_PRC,TH_NP15_GEN-APND,ALL_APNODES,0,0.0,7,6
2023-06-20T22:35:00-00:00,2023-06-20T22:40:00-00:00,2023-06-20,16,TH_NP15_GEN-APND,TH_NP15_GEN-APND,TH_NP15_GEN-APND,RTM,MCC,LMP_CONG_PRC,TH_NP15_GEN-APND,ALL_APNODES,0,0.0,8,6
2023-06-20T22:40:00-00:00,2023-06-20T22:45:00-00:00,2023-06-20,16,TH_NP15_GEN-APND,TH_NP15_GEN-APND,TH_NP15_GEN-APND,RTM,MCC,LMP_CONG_PRC,TH_NP15_GEN-APND,ALL_APNODES,0,0.0,9,6
2023-06-20T22:45:00-00:00,2023-06-20T22:50:00-00:00,2023-06-20,16,TH_NP15_GEN-APND,TH_NP15_GEN-APND,TH_NP15_GEN-APND,RTM,MCC,LMP_CONG_PRC,TH_NP15_GEN-APND,ALL_APNODES,0,0.0,10,6
2023-06-20T22:50:00-00:00,2023-06-20T22:55:00-00:00,2023-06-20,16,TH_NP15_GEN-APND,TH_NP15_GEN-APND,TH_NP15_GEN-APND,RTM,MCC,LMP_CONG_PRC,TH_NP15_GEN-APND,ALL_APNODES,0,0.0,11,6
2023-06-20T22:55:00-00:00,2023-06-20T23:00:00-00:00,2023-06-20,16,TH_NP15_GEN-APND,TH_NP15_GEN-APND,TH_NP15_GEN-APND,RTM,MCC,LMP_CONG_PRC,TH_NP15_GEN-APND,ALL_APNODES,0,0.0,12,6
2023-06-20T23:00:00-00:00,2023-06-20T23:05:00-00:00,2023-06-20,17,TH_NP15_GEN-APND,TH_NP15_GEN-APND,TH_NP15_GEN-APND,RTM,MCC,LMP_CONG_PRC,TH_NP15_GEN-APND,ALL_APNODES,0,0.0,1,6
2023-06-20T23:05:00-00:00,2023-06-20T23:10:00-00:00,2023-06-20,17,TH_NP15_GEN-APND,TH_NP15_GEN-APND,TH_NP15_GEN-APND,RTM,MCC,LMP_CONG_PRC,TH_NP15_GEN-APND,ALL_APNODES,0,0.0,2,6
2023-06-20T23:10:00-00:00,2023-06-20T23:15:00-00:00,2023-06-20,17,TH_NP15_GEN-APND,TH_NP15_GEN-APND,TH_NP15_GEN-APND,RTM,MCC,LMP_CONG_PRC,TH_NP15_GEN-APND,ALL_APNODES,0,0.0,3,6
2023-06-20T23:15:00-00:00,2023-06-20T23:20:00-00:00,2023-06-20,17,TH_NP15_GEN-APND,TH_NP15_GEN-APND,TH_NP15_GEN-APND,RTM,MCC,LMP_CONG_PRC,TH_NP15_GEN-APND,ALL_APNODES,0,0.0,4,6
2023-06-20T23:20:00-00:00,2023-06-20T23:25:00-00:00,2023-06-20,17,TH_NP15_GEN-APND,TH_NP15_GEN-APND,TH_NP15_GEN-APND,RTM,MCC,LMP_CONG_PRC,TH_NP15_GEN-APND,ALL_APNODES,0,0.0,5,6
2023-06-20T23:25:00-00:00,2023-06-20T23:30:00-00:00,2023-06-20,17,TH_NP15_GEN-APND,TH_NP15_GEN-APND,TH_NP15_GEN-APND,RTM,MCC,LMP_CONG_PRC,TH_NP15_GEN-APND,ALL_APNODES,0,0.0,6,6
2023-06-20T23:30:00-00:00,2023-06-20T23:35:00-00:00,2023-06-20,17,TH_NP15_GEN-APND,TH_NP15_GEN-APND,TH_NP15_GEN-APND,RTM,MCC,LMP_CONG_PRC,TH_NP15_GEN-APND,ALL_APNODES,0,3.13281,7,6
2023-06-20T23:35:00-00:00,2023-06-20T23:40:00-00:00,2023-06-20,17,TH_NP15_GEN-APND,TH_NP15_GEN-APND,TH_NP15_GEN-APND,RTM,MCC,LMP_CONG_PRC,TH_NP15_GEN-APND,ALL_APNODES,0,5.98002,8,6
2023-06-20T23:40:00-00:00,2023-06-20T23:45:00-00:00,2023-06-20,17,TH_NP15_GEN-APND,TH_NP15_GEN-APND,TH_NP15_GEN-APND,RTM,MCC,LMP_CONG_PRC,TH_NP15_GEN-APND,ALL_APNODES,0,7.49194,9,6
2023-06-20T23:45:00-00:00,2023-06-20T23:50:00-00:00,2023-06-20,17,TH_NP15_GEN-APND,TH_NP15_GEN-APND,TH_NP15_GEN-APND,RTM,MCC,LMP_CONG_PRC,TH_NP15_GEN-APND,ALL_APNODES,0,5.95379,10,6
2023-06-20T23:50:00-00:00,2023-06-20T23:55:00-00:00,2023-06-20,17,TH_NP15_GEN-APND,TH_NP15_GEN-APND,TH_NP15_GEN-APND,RTM,MCC,LMP_CONG_PRC,TH_NP15_GEN-APND,ALL_APNODES,0,4.45119,11,6
2023-06-20T23:55:00-00:00,2023-06-21T00:00:00-00:00,2023-06-20,17,TH_NP15_GEN-APND,TH_NP15_GEN-APND,TH_NP15_GEN-APND,RTM,MCC,LMP_CONG_PRC,TH_NP15_GEN-APND,ALL_APNODES,0,3.46662,12,6
2023-06-21T00:00:00-00:00,2023-06-21T00:05:00-00:00,2023-06-20,18,TH_NP15_GEN-APND,TH_NP15_GEN-APND,TH_NP15_GEN-APND,RTM,MCC,LMP_CONG_PRC,TH_NP15_GEN-APND,ALL_APNODES,0,5.95063,1,6
2023-06-21T00:05:00-00:00,2023-06-21T00:10:00-00:00,2023-06-20,18,TH_NP15_GEN-APND,TH_NP15_GEN-APND,TH_NP15_GEN-APND,RTM,MCC,LMP_CONG_PRC,TH_NP15_GEN-APND,ALL_APNODES,0,5.17796,2,6
2023-06-21T00:10:00-00:00,2023-06-21T00:15:00-00:00,2023-06-20,18,TH_NP15_GEN-APND,TH_NP15_GEN-APND,TH_NP15_GEN-APND,RTM,MCC,LMP_CONG_PRC,TH_NP15_GEN-APND,ALL_APNODES,0,0.50918,3,6
2023-06-21T00:15:00-00:00,2023-06-21T00:20:00-00:00,2023-06-20,18,TH_NP15_GEN-APND,TH_NP15_GEN-APND,TH_NP15_GEN-APND,RTM,MCC,LMP_CONG_PRC,TH_NP15_GEN-APND,ALL_APNODES,0,0.7648,4,6
2023-06-21T00:20:00-00:00,2023-06-21T00:25:00-00:00,2023-06-20,18,TH_NP15_GEN-APND,TH_NP15_GEN-APND,TH_NP15_GEN-APND,RTM,MCC,LMP_CONG_PRC,TH_NP15_GEN-APND,ALL_APNODES,0,2.88174,5,6
2023-06-21T00:25:00-00:00,2023-06-21T00:30:00-00:00,2023-06-20,18,TH_NP15_GEN-APND,TH_NP15_GEN-APND,TH_NP15_GEN-APND,RTM,MCC,LMP_CONG_PRC,TH_NP15_GEN-APND,ALL_APNODES,0,0.36383,6,6
2023-06-21T00:30:00-00:00,2023-06-21T00:35:00-00:00,2023-06-20,18,TH_NP15_GEN-APND,TH_NP15_GEN-APND,TH_NP15_GEN-APND,RTM,MCC,LMP_CONG_PRC,TH_NP15_GEN-APND,ALL_APNODES,0,0.0,7,6
2023-06-21T00:35:00-00:00,2023-06-21T00:40:00-00:00,2023-06-20,18,TH_NP15_GEN-APND,TH_NP15_GEN-APND,TH_NP15_GEN-APND,RTM,MCC,LMP_CONG_PRC,TH_NP15_GEN-APND,ALL_APNODES,0,0.0,8,6
2023-06-21T00:40:00-00:00,2023-06-21T00:45:00-00:00,2023-06-20,18,TH_NP15_GEN-APND,TH_NP15_GEN-APND,TH_NP15_GEN-APND,RTM,MCC,LMP_CONG_PRC,TH_NP15_GEN-APND,ALL_APNODES,0,0.0,9,6
2023-06-21T00:45:00-00:00,2023-06-21T00:50:00-00:00,2023-06-20,18,TH_NP15_GEN-APND,TH_NP15_GEN-APND,TH_NP15_GEN-APND,RTM,MCC,LMP_CONG_PRC,TH_NP15_GEN-APND,ALL_APNODES,0,0.0,10,6
2023-06-21T00:50:00-00:00,2023-06-21T00:55:00-00:00,2023-06-20,18,TH_NP15_GEN-APND,TH_NP15_GEN-APND,TH_NP15_GEN-APND,RTM,MCC,LMP_CONG_PRC,TH_NP15_GEN-APND,ALL_APNODES,0,0.0,11,6
2023-06-21T00:55:00-00:00,2023-06-21T01:00:00-00:00,2023-06-20,18,TH_NP15_GEN-APND,TH_NP15_GEN-APND,TH_NP15_GEN-APND,RTM,MCC,LMP_CONG_PRC,TH_NP15_GEN-APND,ALL_APNODES,0,0.0,12,6
2023-06-21T01:00:00-00:00,2023-06-21T01:05:00-00:00,2023-06-20,19,TH_NP15_GEN-APND,TH_NP15_GEN-APND,TH_NP15_GEN-APND,RTM,MCC,LMP_CONG_PRC,TH_NP15_GEN-APND,ALL_APNODES,0,0.0,1,6
2023-06-21T01:05:00-00:00,2023-06-21T01:10:00-00:00,2023-06-20,19,TH_NP15_GEN-APND,TH_NP15_GEN-APND,TH_NP15_GEN-APND,RTM,MCC,LMP_CONG_PRC,TH_NP15_GEN-APND,ALL_APNODES,0,0.0,2,6
2023-06-21T01:10:00-00:00,2023-06-21T01:15:00-00:00,2023-06-20,19,TH_NP15_GEN-APND,TH_NP15_GEN-APND,TH_NP15_GEN-APND,RTM,MCC,LMP_CONG_PRC,TH_NP15_GEN-APND,ALL_APNODES,0,0.0,3,6
2023-06-21T01:15:00-00:00,2023-06-21T01:20:00-00:00,2023-06-20,19,TH_NP15_GEN-APND,TH_NP15_GEN-APND,TH_NP15_GEN-APND,RTM,MCC,LMP_CONG_PRC,TH_NP15_GEN-APND,ALL_APNODES,0,0.0,4,6
2023-06-21T01:20:00-00:00,2023-06-21T01:25:00-00:00,2023-06-20,19,TH_NP15_GEN-APND,TH_NP15_GEN-APND,TH_NP15_GEN-APND,RTM,MCC,LMP_CONG_PRC,TH_NP15_GEN-APND,ALL_APNODES,0,0.0,5,6
2023-06-21T01:25:00-00:00,2023-06-21T01:30:00-00:00,2023-06-20,19,TH_NP15_GEN-APND,TH_NP15_GEN-APND,TH_NP15_GEN-APND,RTM,MCC,LMP_CONG_PRC,TH_NP15_GEN-APND,ALL_APNODES,0,0.0,6,6
2023-06-21T01:30:00-00:00,2023-06-21T01:35:00-00:00,2023-06-20,19,TH_NP15_GEN-APND,TH_NP15_GEN-APND,TH_NP15_GEN-APND,RTM,MCC,LMP_CONG_PRC,TH_NP15_GEN-APND,ALL_APNODES,0,0.0,7,6
2023-06-21T01:35:00-00:00,2023-06-21T01:40:00-00:00,2023-06-20,19,TH_NP15_GEN-APND,TH_NP15_GEN-APND,TH_NP15_GEN-APND,RTM,MCC,LMP_CONG_PRC,TH_NP15_GEN-APND,ALL_APNODES,0,0.0,8,6
2023-06-21T01:40:00-00:00,2023-06-21T01:45:00-00:00,2023-06-20,19,TH_NP15_GEN-APND,TH_NP15_GEN-APND,TH_NP15_GEN-APND,RTM,MCC,LMP_CONG_PRC,TH_NP15_GEN-APND,ALL_APNODES,0,0.0,9,6
2023-06-21T01:45:00-00:00,2023-06-21T01:50:00-00:00,2023-06-20,19,TH_NP15_GEN-APND,TH_NP15_GEN-APND,TH_NP15_GEN-APND,RTM,MCC,LMP_CONG_PRC,TH_NP15_GEN-APND,ALL_APNODES,0,0.0,10,6
2023-06-21T01:50:00-00:00,2023-06-21T01:55:00-00:00,2023-06-20,19,TH_NP15_GEN-APND,TH_NP15_GEN-APND,TH_NP15_GEN-APND,RTM,MCC,LMP_CONG_PRC,TH_NP15_GEN-APND,ALL_APNODES,0,0.0,11,6
2023-06-21T01:55:00-00:00,2023-06-21T02:00:00-00:00,2023-06-20,19,TH_NP15_GEN-APND,TH_NP15_GEN-APND,TH_NP15_GEN-APND,RTM,MCC,LMP_CONG_PRC,TH_NP15_GEN-APND,ALL_APNODES,0,0.0,12,6
2023-06-21T02:00:00-00:00,2023-06-21T02:05:00-00:00,2023-06-20,20,TH_NP15_GEN-APND,TH_NP15_GEN-APND,TH_NP15_GEN-APND,RTM,MCC,LMP_CONG_PRC,TH_NP15_GEN-APND,ALL_APNODES,0,0.0,1,6
2023-06-21T02:05:00-00:00,2023-06-21T02:10:00-00:00,2023-06-20,20,TH_NP15_GEN-APND,TH_NP15_GEN-APND,TH_NP15_GEN-APND,RTM,MCC,LMP_CONG_PRC,TH_NP15_GEN-APND,ALL_APNODES,0,0.0,2,6
2023-06-21T02:10:00-00:00,2023-06-21T02:15:00-00:00,2023-06-20,20,TH_NP15_GEN-APND,TH_NP15_GEN-APND,TH_NP15_GEN-APND,RTM,MCC,LMP_CONG_PRC,TH_NP15_GEN-APND,ALL_APNODES,0,0.0,3,6
2023-06-21T02:15:00-00:00,2023-06-21T02:20:00-00:00,2023-06-20,20,TH_NP15_GEN-APND,TH_NP15_GEN-APND,TH_NP15_GEN-APND,RTM,MCC,LMP_CONG_PRC,TH_NP15_GEN-APND,ALL_APNODES,0,0.0,4,6
2023-06-21T02:20:00-00:00,2023-06-21T02:25:00-00:00,2023-06-20,20,TH_NP15_GEN-APND,TH_NP15_GEN-APND,TH_NP15_GEN-APND,RTM,MCC,LMP_CONG_PRC,TH_NP15_GEN-APND,ALL_APNODES,0,0.0,5,6
2023-06-21T02:25:00-00:00,2023-06-21T02:30:00-00:00,2023-06-20,20,TH_NP15_GEN-APND,TH_NP15_GEN-APND,TH_NP15_GEN-APND,RTM,MCC,LMP_CONG_PRC,TH_NP15_GEN-APND,ALL_APNODES,0,0.0,6,6
2023-06-21T02:30:00-00:00,2023-06-21T02:35:00-00:00,2023-06-20,20,TH_NP15_GEN-APND,TH_NP15_GEN-APND,TH_NP15_GEN-APND,RTM,MCC,LMP_CONG_PRC,TH_NP15_GEN-APND,ALL_APNODES,0,0.0,7,6
2023-06-21T02:35:00-00:00,2023-06-21T02:40:00-00:00,2023-06-20,20,TH_NP15_GEN-APND,TH_NP15_GEN-APND,TH_NP15_GEN-APND,RTM,MCC,LMP_CONG_PRC,TH_NP15_GEN-APND,ALL_APNODES,0,0.0,8,6
2023-06-21T02:40:00-00:00,2023-06-21T02:45:00-00:00,2023-06-20,20,TH_NP15_GEN-APND,TH_NP15_GEN-APND,TH_NP15_GEN-APND,RTM,MCC,LMP_CONG_PRC,TH_NP15_GEN-APND,ALL_APNODES,0,0.0,9,6
2023-06-21T02:45:00-00:00,2023-06-21T02:50:00-00:00,2023-06-20,20,TH_NP15_GEN-APND,TH_NP15_GEN-APND,TH_NP15_GEN-APND,RTM,MCC,LMP_CONG_PRC,TH_NP15_GEN-APND,ALL_APNODES,0,0.0,10,6
2023-06-21T02:50:00-00:00,2023-06-21T02:55:00-00:00,2023-06-20,20,TH_NP15_GEN-APND,TH_NP15_GEN-APND,TH_NP15_GEN-APND,RTM,MCC,LMP_CONG_PRC,TH_NP15_GEN-APND,ALL_APNODES,0,0.0,11,6
2023-06-21T02:55:00-00:00,2023-06-21T03:00:00-00:00,2023-06-20,20,TH_NP15_GEN-APND,TH_NP15_GEN-APND,TH_NP15_GEN-APND,RTM,MCC,LMP_CONG_PRC,TH_NP15_GEN-APND,ALL_APNODES,0,0.0,12,6
2023-06-21T03:00:00-00:00,2023-06-21T03:05:00-00:00,2023-06-20,21,TH_NP15_GEN-APND,TH_NP15_GEN-APND,TH_NP15_GEN-APND,RTM,MCC,LMP_CONG_PRC,TH_NP15_GEN-APND,ALL_APNODES,0,0.0,1,6
2023-06-21T03:05:00-00:00,2023-06-21T03:10:00-00:00,2023-06-20,21,TH_NP15_GEN-APND,TH_NP15_GEN-APND,TH_NP15_GEN-APND,RTM,MCC,LMP_CONG_PRC,TH_NP15_GEN-APND,ALL_APNODES,0,0.0,2,6
2023-06-21T03:10:00-00:00,2023-06-21T03:15:00-00:00,2023-06-20,21,TH_NP15_GEN-APND,TH_NP15_GEN-APND,TH_NP15_GEN-APND,RTM,MCC,LMP_CONG_PRC,TH_NP15_GEN-APND,ALL_APNODES,0,0.0,3,6
2023-06-21T03:15:00-00:00,2023-06-21T03:20:00-00:00,2023-06-20,21,TH_NP15_GEN-APND,TH_NP15_GEN-APND,TH_NP15_GEN-APND,RTM,MCC,LMP_CONG_PRC,TH_NP15_GEN-APND,ALL_APNODES,0,0.0,4,6
2023-06-21T03:20:00-00:00,2023-06-21T03:25:00-00:00,2023-06-20,21,TH_NP15_GEN-APND,TH_NP15_GEN-APND,TH_NP15_GEN-APND,RTM,MCC,LMP_CONG_PRC,TH_NP15_GEN-APND,ALL_APNODES,0,0.0,5,6
2023-06-21T03:25:00-00:00,2023-06-21T03:30:00-00:00,2023-06-20,21,TH_NP15_GEN-APND,TH_NP15_GEN-APND,TH_NP15_GEN-APND,RTM,MCC,LMP_CONG_PRC,TH_NP15_GEN-APND,ALL_APNODES,0,0.0,6,6
2023-06-21T03:30:00-00:00,2023-06-21T03:35:00-00:00,2023-06-20,21,TH_NP15_GEN-APND,TH_NP15_GEN-APND,TH_NP15_GEN-APND,RTM,MCC,LMP_CONG_PRC,TH_NP15_GEN-APND,ALL_APNODES,0,0.0,7,6
2023-06-21T03:35:00-00:00,2023-06-21T03:40:00-00:00,2023-06-20,21,TH_NP15_GEN-APND,TH_NP15_GEN-APND,TH_NP15_GEN-APND,RTM,MCC,LMP_CONG_PRC,TH_NP15_GEN-APND,ALL_APNODES,0,0.0,8,6
2023-06-21T03:40:00-00:00,2023-06-21T03:45:00-00:00,2023-06-20,21,TH_NP15_GEN-APND,TH_NP15_GEN-APND,TH_NP15_GEN-APND,RTM,MCC,LMP_CONG_PRC,TH_NP15_GEN-APND,ALL_APNODES,0,0.0,9,6
2023-06-21T03:45:00-00:00,2023-06-21T03:50:00-00:00,2023-06-20,21,TH_NP15_GEN-APND,TH_NP15_GEN-APND,TH_NP15_GEN-APND,RTM,MCC,LMP_CONG_PRC,TH_NP15_GEN-APND,ALL_APNODES,0,0.0,10,6
2023-06-21T03:50:00-00:00,2023-06-21T03:55:00-00:00,2023-06-20,21,TH_NP15_GEN-APND,TH_NP15_GEN-APND,TH_NP15_GEN-APND,RTM,MCC,LMP_CONG_PRC,TH_NP15_GEN-APND,ALL_APNODES,0,0.0,11,6
2023-06-21T03:55:00-00:00,2023-06-21T04:00:00-00:00,2023-06-20,21,TH_NP15_GEN-APND,TH_NP15_GEN-APND,TH_NP15_GEN-APND,RTM,MCC,LMP_CONG_PRC,TH_NP15_GEN-APND,ALL_APNODES,0,0.0,12,6
2023-06-21T04:00:00-00:00,2023-06-21T04:05:00-00:00,2023-06-20,22,TH_NP15_GEN-APND,TH_NP15_GEN-APND,TH_NP15_GEN-APND,RTM,MCC,LMP_CONG_PRC,TH_NP15_GEN-APND,ALL_APNODES,0,0.0,1,6
2023-06-21T04:05:00-00:00,2023-06-21T04:10:00-00:00,2023-06-20,22,TH_NP15_GEN-APND,TH_NP15_GEN-APND,TH_NP15_GEN-APND,RTM,MCC,LMP_CONG_PRC,TH_NP15_GEN-APND,ALL_APNODES,0,0.0,2,6
2023-06-21T04:10:00-00:00,2023-06-21T04:15:00-00:00,2023-06-20,22,TH_NP15_GEN-APND,TH_NP15_GEN-APND,TH_NP15_GEN-APND,RTM,MCC,LMP_CONG_PRC,TH_NP15_GEN-APND,ALL_APNODES,0,0.0,3,6
2023-06-21T04:15:00-00:00,2023-06-21T04:20:00-00:00,2023-06-20,22,TH_NP15_GEN-APND,TH_NP15_GEN-APND,TH_NP15_GEN-APND,RTM,MCC,LMP_CONG_PRC,TH_NP15_GEN-APND,ALL_APNODES,0,0.0,4,6
2023-06-21T04:20:00-00:00,2023-06-21T04:25:00-00:00,2023-06-20,22,TH_NP15_GEN-APND,TH_NP15_GEN-APND,TH_NP15_GEN-APND,RTM,MCC,LMP_CONG_PRC,TH_NP15_GEN-APND,ALL_APNODES,0,0.0,5,6
2023-06-21T04:25:00-00:00,2023-06-21T04:30:00-00:00,2023-06-20,22,TH_NP15_GEN-APND,TH_NP15_GEN-APND,TH_NP15_GEN-APND,RTM,MCC,LMP_CONG_PRC,TH_NP15_GEN-APND,ALL_APNODES,0,0.0,6,6
2023-06-21T04:30:00-00:00,2023-06-21T04:35:00-00:00,2023-06-20,22,TH_NP15_GEN-APND,TH_NP15_GEN-APND,TH_NP15_GEN-APND,RTM,MCC,LMP_CONG_PRC,TH_NP15_GEN-APND,ALL_APNODES,0,0.0,7,6
2023-06-21T04:35:00-00:00,2023-06-21T04:40:00-00:00,2023-06-20,22,TH_NP15_GEN-APND,TH_NP15_GEN-APND,TH_NP15_GEN-APND,RTM,MCC,LMP_CONG_PRC,TH_NP15_GEN-APND,ALL_APNODES,0,0.0,8,6
2023-06-21T04:40:00-00:00,2023-06-21T04:45:00-00:00,2023-06-20,22,TH_NP15_GEN-APND,TH_NP15_GEN-APND,TH_NP15_GEN-APND,RTM,MCC,LMP_CONG_PRC,TH_NP15_GEN-APND,ALL_APNODES,0,0.0,9,6
2023-06-21T04:45:00-00:00,2023-06-21T04:50:00-00:00,2023-06-20,22,TH_NP15_GEN-APND,TH_NP15_GEN-APND,TH_NP15_GEN-APND,RTM,MCC,LMP_CONG_PRC,TH_NP15_GEN-APND,ALL_APNODES,0,0.0,10,6
2023-06-21T04:50:00-00:00,2023-06-21T04:55:00-00:00,2023-06-20,22,TH_NP15_GEN-APND,TH_NP15_GEN-APND,TH_NP15_GEN-APND,RTM,MCC,LMP_CONG_PRC,TH_NP15_GEN-APND,ALL_APNODES,0,0.0,11,6
2023-06-21T04:55:00-00:00,2023-06-21T05:00:00-00:00,2023-06-20,22,TH_NP15_GEN-APND,TH_NP15_GEN-APND,TH_NP15_GEN-APND,RTM,MCC,LMP_CONG_PRC,TH_NP15_GEN-APND,ALL_APNODES,0,0.0,12,6
2023-06-21T05:00:00-00:00,2023-06-21T05:05:00-00:00,2023-06-20,23,TH_NP15_GEN-APND,TH_NP15_GEN-APND,TH_NP15_GEN-APND,RTM,MCC,LMP_CONG_PRC,TH_NP15_GEN-APND,ALL_APNODES,0,0.0,1,6
2023-06-21T05:05:00-00:00,2023-06-21T05:10:00-00:00,2023-06-20,23,TH_NP15_GEN-APND,TH_NP15_GEN-APND,TH_NP15_GEN-APND,RTM,MCC,LMP_CONG_PRC,TH_NP15_GEN-APND,ALL_APNODES,0,0.0,2,6
2023-06-21T05:10:00-00:00,2023-06-21T05:15:00-00:00,2023-06-20,23,TH_NP15_GEN-APND,TH_NP15_GEN-APND,TH_NP15_GEN-APND,RTM,MCC,LMP_CONG_PRC,TH_NP15_GEN-APND,ALL_APNODES,0,0.0,3,6
2023-06-21T05:15:00-00:00,2023-06-21T05:20:00-00:00,2023-06-20,23,TH_NP15_GEN-APND,TH_NP15_GEN-APND,TH_NP15_GEN-APND,RTM,MCC,LMP_CONG_PRC,TH_NP15_GEN-APND,ALL_APNODES,0,0.0,4,6
2023-06-21T05:20:00-00:00,2023-06-21T05:25:00-00:00,2023-06-20,23,TH_NP15_GEN-APND,TH_NP15_GEN-APND,TH_NP15_GEN-APND,RTM,MCC,LMP_CONG_PRC,TH_NP15_GEN-APND,ALL_APNODES,0,0.0,5,6
2023-06-21T05:25:00-00:00,2023-06-21T05:30:00-00:00,2023-06-20,23,TH_NP15_GEN-APND,TH_NP15_GEN-APND,TH_NP15_GEN-APND,RTM,MCC,LMP_CONG_PRC,TH_NP15_GEN-APND,ALL_APNODES,0,0.0,6,6
2023-06-21T05:30:00-00:00,2023-06-21T05:35:00-00:00,2023-06-20,23,TH_NP15_GEN-APND,TH_NP15_GEN-APND,TH_NP15_GEN-APND,RTM,MCC,LMP_CONG_PRC,TH_NP15_GEN-APND,ALL_APNODES,0,0.0,7,6
2023-06-21T05:35:00-00:00,2023-06-21T05:40:00-00:00,2023-06-20,23,TH_NP15_GEN-APND,TH_NP15_GEN-APND,TH_NP15_GEN-APND,RTM,MCC,LMP_CONG_PRC,TH_NP15_GEN-APND,ALL_APNODES,0,0.0,8,6
2023-06-21T05:40:00-00:00,2023-06-21T05:45:00-00:00,2023-06-20,23,TH_NP15_GEN-APND,TH_NP15_GEN-APND,TH_NP15_GEN-APND,RTM,MCC,LMP_CONG_PRC,TH_NP15_GEN-APND,ALL_APNODES,0,0.0,9,6
2023-06-21T05:45:00-00:00,2023-06-21T05:50:00-00:00,2023-06-20,23,TH_NP15_GEN-APND,TH_NP15_GEN-APND,TH_NP15_GEN-APND,RTM,MCC,LMP_CONG_PRC,TH_NP15_GEN-APND,ALL_APNODES,0,0.0,10,6
2023-06-21T05:50:00-00:00,2023-06-21T05:55:00-00:00,2023-06-20,23,TH_NP15_GEN-APND,TH_NP15_GEN-APND,TH_NP15_GEN-APND,RTM,MCC,LMP_CONG_PRC,TH_NP15_GEN-APND,ALL_APNODES,0,0.0,11,6
2023-06-21T05:55:00-00:00,2023-06-21T06:00:00-00:00,2023-06-20,23,TH_NP15_GEN-APND,TH_NP15_GEN-APND,TH_NP15_GEN-APND,RTM,MCC,LMP_CONG_PRC,TH_NP15_GEN-APND,ALL_APNODES,0,0.0,12,6
2023-06-21T06:00:00-00:00,2023-06-21T06:05:00-00:00,2023-06-20,24,TH_NP15_GEN-APND,TH_NP15_GEN-APND,TH_NP15_GEN-APND,RTM,MCC,LMP_CONG_PRC,TH_NP15_GEN-APND,ALL_APNODES,0,0.0,1,6
2023-06-21T06:05:00-00:00,2023-06-21T06:10:00-00:00,2023-06-20,24,TH_NP15_GEN-APND,TH_NP15_GEN-APND,TH_NP15_GEN-APND,RTM,MCC,LMP_CONG_PRC,TH_NP15_GEN-APND,ALL_APNODES,0,0.0,2,6
2023-06-21T06:10:00-00:00,2023-06-21T06:15:00-00:00,2023-06-20,24,TH_NP15_GEN-APND,TH_NP15_GEN-APND,TH_NP15_GEN-APND,RTM,MCC,LMP_CONG_PRC,TH_NP15_GEN-APND,ALL_APNODES,0,0.0,3,6
2023-06-21T06:15:00-00:00,2023-06-21T06:20:00-00:00,2023-06-20,24,TH_NP15_GEN-APND,TH_NP15_GEN-APND,TH_NP15_GEN-APND,RTM,MCC,LMP_CONG_PRC,TH_NP15_GEN-APND,ALL_APNODES,0,0.0,4,6
2023-06-21T06:20:00-00:00,2023-06-21T06:25:00-00:00,2023-06-20,24,TH_NP15_GEN-APND,TH_NP15_GEN-APND,TH_NP15_GEN-APND,RTM,MCC,LMP_CONG_PRC,TH_NP15_GEN-APND,ALL_APNODES,0,0.0,5,6
2023-06-21T06:25:00-00:00,2023-06-21T06:30:00-00:00,2023-06-20,24,TH_NP15_GEN-APND,TH_NP15_GEN-APND,TH_NP15_GEN-APND,RTM,MCC,LMP_CONG_PRC,TH_NP15_GEN-APND,ALL_APNODES,0,0.0,6,6
2023-06-21T06:30:00-00:00,2023-06-21T06:35:00-00:00,2023-06-20,24,TH_NP15_GEN-APND,TH_NP15_GEN-APND,TH_NP15_GEN-APND,RTM,MCC,LMP_CONG_PRC,TH_NP15_GEN-APND,ALL_APNODES,0,0.0,7,6
2023-06-21T06:35:00-00:00,2023-06-21T06:40:00-00:00,2023-06-20,24,TH_NP15_GEN-APND,TH_NP15_GEN-APND,TH_NP15_GEN-APND,RTM,MCC,LMP_CONG_PRC,TH_NP15_GEN-APND,ALL_APNODES,0,0.0,8,6
2023-06-21T06:40:00-00:00,2023-06-21T06:45:00-00:00,2023-06-20,24,TH_NP15_GEN-APND,TH_NP15_GEN-APND,TH_NP15_GEN-APND,RTM,MCC,LMP_CONG_PRC,TH_NP15_GEN-APND,ALL_APNODES,0,0.0,9,6
2023-06-21T06:45:00-00:00,2023-06-21T06:50:00-00:00,2023-06-20,24,TH_NP15_GEN-APND,TH_NP15_GEN-APND,TH_NP15_GEN-APND,RTM,MCC,LMP_CONG_PRC,TH_NP15_GEN-APND,ALL_APNODES,0,0.0,10,6
2023-06-21T06:50:00-00:00,2023-06-21T06:55:00-00:00,2023-06-20,24,TH_NP15_GEN-APND,TH_NP15_GEN-APND,TH_NP15_GEN-APND,RTM,MCC,LMP_CONG_PRC,TH_NP15_GEN-APND,ALL_APNODES,0,0.0,11,6
2023-06-21T06:55:00-00:00,2023-06-21T07:00:00-00:00,2023-06-20,24,TH_NP15_GEN-APND,TH_NP15_GEN-APND,TH_NP15_GEN-APND,RTM,MCC,LMP_CONG_PRC,TH_NP15_GEN-APND,ALL_APNODES,0,0.0,12,6
2023-06-20T07:00:00-00:00,2023-06-20T07:05:00-00:00,2023-06-20,1,TH_NP15_GEN-APND,TH_NP15_GEN-APND,TH_NP15_GEN-APND,RTM,MCE,LMP_ENE_PRC,TH_NP15_GEN-APND,ALL_APNODES,0,19.31379,1,7
2023-06-20T07:05:00-00:00,2023-06-20T07:10:00-00:00,2023-06-20,1,TH_NP15_GEN-APND,TH_NP15_GEN-APND,TH_NP15_GEN-APND,RTM,MCE,LMP_ENE_PRC,TH_NP15_GEN-APND,ALL_APNODES,0,24.97455,2,7
2023-06-20T07:10:00-00:00,2023-06-20T07:15:00-00:00,2023-06-20,1,TH_NP15_GEN-APND,TH_NP15_GEN-APND,TH_NP15_GEN-APND,RTM,MCE,LMP_ENE_PRC,TH_NP15_GEN-APND,ALL_APNODES,0,24.97455,3,7
2023-06-20T07:15:00-00:00,2023-06-20T07:20:00-00:00,2023-06-20,1,TH_NP15_GEN-APND,TH_NP15_GEN-APND,TH_NP15_GEN-APND,RTM,MCE,LMP_ENE_PRC,TH_NP15_GEN-APND,ALL_APNODES,0,24.27285,4,7
2023-06-20T07:20:00-00:00,2023-06-20T07:25:00-00:00,2023-06-20,1,TH_NP15_GEN-APND,TH_NP15_GEN-APND,TH_NP15_GEN-APND,RTM,MCE,LMP_ENE_PRC,TH_NP15_GEN-APND,ALL_APNODES,0,20.09401,5,7
2023-06-20T07:25:00-00:00,2023-06-20T07:30:00-00:00,2023-06-20,1,TH_NP15_GEN-APND,TH_NP15_GEN-APND,TH_NP15_GEN-APND,RTM,MCE,LMP_ENE_PRC,TH_NP15_GEN-APND,ALL_APNODES,0,19.61999,6,7
2023-06-20T07:30:00-00:00,2023-06-20T07:35:00-00:00,2023-06-20,1,TH_NP15_GEN-APND,TH_NP15_GEN-APND,TH_NP15_GEN-APND,RTM,MCE,LMP_ENE_PRC,TH_NP15_GEN-APND,ALL_APNODES,0,18.57038,7,7
2023-06-20T07:35:00-00:00,2023-06-20T07:40:00-00:00,2023-06-20,1,TH_NP15_GEN-APND,TH_NP15_GEN-APND,TH_NP15_GEN-APND,RTM,MCE,LMP_ENE_PRC,TH_NP15_GEN-APND,ALL_APNODES,0,18.02885,8,7
2023-06-20T07:40:00-00:00,2023-06-20T07:45:00-00:00,2023-06-20,1,TH_NP15_GEN-APND,TH_NP15_GEN-APND,TH_NP15_GEN-APND,RTM,MCE,LMP_ENE_PRC,TH_NP15_GEN-APND,ALL_APNODES,0,17.52758,9,7
2023-06-20T07:45:00-00:00,2023-06-20T07:50:00-00:00,2023-06-20,1,TH_NP15_GEN-APND,TH_NP15_GEN-APND,TH_NP15_GEN-APND,RTM,MCE,LMP_ENE_PRC,TH_NP15_GEN-APND,ALL_APNODES,0,17.52776,10,7
2023-06-20T07:50:00-00:00,2023-06-20T07:55:00-00:00,2023-06-20,1,TH_NP15_GEN-APND,TH_NP15_GEN-APND,TH_NP15_GEN-APND,RTM,MCE,LMP_ENE_PRC,TH_NP15_GEN-APND,ALL_APNODES,0,17.51133,11,7
2023-06-20T07:55:00-00:00,2023-06-20T08:00:00-00:00,2023-06-20,1,TH_NP15_GEN-APND,TH_NP15_GEN-APND,TH_NP15_GEN-APND,RTM,MCE,LMP_ENE_PRC,TH_NP15_GEN-APND,ALL_APNODES,0,17.51133,12,7
2023-06-20T08:00:00-00:00,2023-06-20T08:05:00-00:00,2023-06-20,2,TH_NP15_GEN-APND,TH_NP15_GEN-APND,TH_NP15_GEN-APND,RTM,MCE,LMP_ENE_PRC,TH_NP15_GEN-APND,ALL_APNODES,0,18.91477,1,7
2023-06-20T08:05:00-00:00,2023-06-20T08:10:00-00:00,2023-06-20,2,TH_NP15_GEN-APND,TH_NP15_GEN-APND,TH_NP15_GEN-APND,RTM,MCE,LMP_ENE_PRC,TH_NP15_GEN-APND,ALL_APNODES,0,20.5191,2,7
2023-06-20T08:10:00-00:00,2023-06-20T08:15:00-00:00,2023-06-20,2,TH_NP15_GEN-APND,TH_NP15_GEN-APND,TH_NP15_GEN-APND,RTM,MCE,LMP_ENE_PRC,TH_NP15_GEN-APND,ALL_APNODES,0,19.89068,3,7
2023-06-20T08:15:00-00:00,2023-06-20T08:20:00-00:00,2023-06-20,2,TH_NP15_GEN-APND,TH_NP15_GEN-APND,TH_NP15_GEN-APND,RTM,MCE,LMP_ENE_PRC,TH_NP15_GEN-APND,ALL_APNODES,0,22.64482,4,7
2023-06-20T08:20:00-00:00,2023-06-20T08:25:00-00:00,2023-06-20,2,TH_NP15_GEN-APND,TH_NP15_GEN-APND,TH_NP15_GEN-APND,RTM,MCE,LMP_ENE_PRC,TH_NP15_GEN-APND,ALL_APNODES,0,23.46889,5,7
2023-06-20T08:25:00-00:00,2023-06-20T08:30:00-00:00,2023-06-20,2,TH_NP15_GEN-APND,TH_NP15_GEN-APND,TH_NP15_GEN-APND,RTM,MCE,LMP_ENE_PRC,TH_NP15_GEN-APND,ALL_APNODES,0,22.72411,6,7
2023-06-20T08:30:00-00:00,2023-06-20T08:35:00-00:00,2023-06-20,2,TH_NP15_GEN-APND,TH_NP15_GEN-APND,TH_NP15_GEN-APND,RTM,MCE,LMP_ENE_PRC,TH_NP15_GEN-APND,ALL_APNODES,0,19.77779,7,7
2023-06-20T08:35:00-00:00,2023-06-20T08:40:00-00:00,2023-06-20,2,TH_NP15_GEN-APND,TH_NP15_GEN-APND,TH_NP15_GEN-APND,RTM,MCE,LMP_ENE_PRC,TH_NP15_GEN-APND,ALL_APNODES,0,18.80443,8,7
2023-06-20T08:40:00-00:00,2023-06-20T08:45:00-00:00,2023-06-20,2,TH_NP15_GEN-APND,TH_NP15_GEN-APND,TH_NP15_GEN-APND,RTM,MCE,LMP_ENE_PRC,TH_NP15_GEN-APND,ALL_APNODES,0,18.8113,9,7
2023-06-20T08:45:00-00:00,2023-06-20T08:50:00-00:00,2023-06-20,2,TH_NP15_GEN-APND,TH_NP15_GEN-APND,TH_NP15_GEN-APND,RTM,MCE,LMP_ENE_PRC,TH_NP15_GEN-APND,ALL_APNODES,0,18.78213,10,7
2023-06-20T08:50:00-00:00,2023-06-20T08:55:00-00:00,2023-06-20,2,TH_NP15_GEN-APND,TH_NP15_GEN-APND,TH_NP15_GEN-APND,RTM,MCE,LMP_ENE_PRC,TH_NP15_GEN-APND,ALL_APNODES,0,18.78213,11,7
2023-06-20T08:55:00-00:00,2023-06-20T09:00:00-00:00,2023-06-20,2,TH_NP15_GEN-APND,TH_NP15_GEN-APND,TH_NP15_GEN-APND,RTM,MCE,LMP_ENE_PRC,TH_NP15_GEN-APND,ALL_APNODES,0,18.78213,12,7
2023-06-20T09:00:00-00:00,2023-06-20T09:05:00-00:00,2023-06-20,3,TH_NP15_GEN-APND,TH_NP15_GEN-APND,TH_NP15_GEN-APND,RTM,MCE,LMP_ENE_PRC,TH_NP15_GEN-APND,ALL_APNODES,0,19.4305,1,7
2023-06-20T09:05:00-00:00,2023-06-20T09:10:00-00:00,2023-06-20,3,TH_NP15_GEN-APND,TH_NP15_GEN-APND,TH_NP15_GEN-APND,RTM,MCE,LMP_ENE_PRC,TH_NP15_GEN-APND,ALL_APNODES,0,18.92242,2,7
2023-06-20T09:10:00-00:00,2023-06-20T09:15:00-00:00,2023-06-20,3,TH_NP15_GEN-APND,TH_NP15_GEN-APND,TH_NP15_GEN-APND,RTM,MCE,LMP_ENE_PRC,TH_NP15_GEN-APND,ALL_APNODES,0,17.77685,3,7
2023-06-20T09:15:00-00:00,2023-06-20T09:20:00-00:00,2023-06-20,3,TH_NP15_GEN-APND,TH_NP15_GEN-APND,TH_NP15_GEN-APND,RTM,MCE,LMP_ENE_PRC,TH_NP15_GEN-APND,ALL_APNODES,0,16.82502,4,7
2023-06-20T09:20:00-00:00,2023-06-20T09:25:00-00:00,2023-06-20,3,TH_NP15_GEN-APND,TH_NP15_GEN-APND,TH_NP15_GEN-APND,RTM,MCE,LMP_ENE_PRC,TH_NP15_GEN-APND,ALL_APNODES,0,16.91206,5,7
2023-06-20T09:25:00-00:00,2023-06-20T09:30:00-00:00,2023-06-20,3,TH_NP15_GEN-APND,TH_NP15_GEN-APND,TH_NP15_GEN-APND,RTM,MCE,LMP_ENE_PRC,TH_NP15_GEN-APND,ALL_APNODES,0,24.19731,6,7
2023-06-20T09:30:00-00:00,2023-06-20T09:35:00-00:00,2023-06-20,3,TH_NP15_GEN-APND,TH_NP15_GEN-APND,TH_NP15_GEN-APND,RTM,MCE,LMP_ENE_PRC,TH_NP15_GEN-APND,ALL_APNODES,0,14.72222,7,7
2023-06-20T09:35:00-00:00,2023-06-20T09:40:00-00:00,2023-06-20,3,TH_NP15_GEN-APND,TH_NP15_GEN-APND,TH_NP15_GEN-APND,RTM,MCE,LMP_ENE_PRC,TH_NP15_GEN-APND,ALL_APNODES,0,14.82111,8,7
2023-06-20T09:40:00-00:00,2023-06-20T09:45:00-00:00,2023-06-20,3,TH_NP15_GEN-APND,TH_NP15_GEN-APND,TH_NP15_GEN-APND,RTM,MCE,LMP_ENE_PRC,TH_NP15_GEN-APND,ALL_APNODES,0,14.24513,9,7
2023-06-20T09:45:00-00:00,2023-06-20T09:50:00-00:00,2023-06-20,3,TH_NP15_GEN-APND,TH_NP15_GEN-APND,TH_NP15_GEN-APND,RTM,MCE,LMP_ENE_PRC,TH_NP15_GEN-APND,ALL_APNODES,0,14.03438,10,7
2023-06-20T09:50:00-00:00,2023-06-20T09:55:00-00:00,2023-06-20,3,TH_NP15_GEN-APND,TH_NP15_GEN-APND,TH_NP15_GEN-APND,RTM,MCE,LMP_ENE_PRC,TH_NP15_GEN-APND,ALL_APNODES,0,13.72267,11,7
2023-06-20T09:55:00-00:00,2023-06-20T10:00:00-00:00,2023-06-20,3,TH_NP15_GEN-APND,TH_NP15_GEN-APND,TH_NP15_GEN-APND,RTM,MCE,LMP_ENE_PRC,TH_NP15_GEN-APND,ALL_APNODES,0,13.30815,12,7
2023-06-20T10:00:00-00:00,2023-06-20T10:05:00-00:00,2023-06-20,4,TH_NP15_GEN-APND,TH_NP15_GEN-APND,TH_NP15_GEN-APND,RTM,MCE,LMP_ENE_PRC,TH_NP15_GEN-APND,ALL_APNODES,0,14.29363,1,7
2023-06-20T10:05:00-00:00,2023-06-20T10:10:00-00:00,2023-06-20,4,TH_NP15_GEN-APND,TH_NP15_GEN-APND,TH_NP15_GEN-APND,RTM,MCE,LMP_ENE_PRC,TH_NP15_GEN-APND,ALL_APNODES,0,14.148,2,7
2023-06-20T10:10:00-00:00,2023-06-20T10:15:00-00:00,2023-06-20,4,TH_NP15_GEN-APND,TH_NP15_GEN-APND,TH_NP15_GEN-APND,RTM,MCE,LMP_ENE_PRC,TH_NP15_GEN-APND,ALL_APNODES,0,13.88991,3,7
2023-06-20T10:15:00-00:00,2023-06-20T10:20:00-00:00,2023-06-20,4,TH_NP15_GEN-APND,TH_NP15_GEN-APND,TH_NP15_GEN-APND,RTM,MCE,LMP_ENE_PRC,TH_NP15_GEN-APND,ALL_APNODES,0,13.82383,4,7
2023-06-20T10:20:00-00:00,2023-06-20T10:25:00-00:00,2023-06-20,4,TH_NP15_GEN-APND,TH_NP15_GEN-APND,TH_NP15_GEN-APND,RTM,MCE,LMP_ENE_PRC,TH_NP15_GEN-APND,ALL_APNODES,0,13.53682,5,7
2023-06-20T10:25:00-00:00,2023-06-20T10:30:00-00:00,2023-06-20,4,TH_NP15_GEN-APND,TH_NP15_GEN-APND,TH_NP15_GEN-APND,RTM,MCE,LMP_ENE_PRC,TH_NP15_GEN-APND,ALL_APNODES,0,13.45618,6,7
2023-06-20T10:30:00-00:00,2023-06-20T10:35:00-00:00,2023-06-20,4,TH_NP15_GEN-APND,TH_NP15_GEN-APND,TH_NP15_GEN-APND,RTM,MCE,LMP_ENE_PRC,TH_NP15_GEN-APND,ALL_APNODES,0,13.32225,7,7
2023-06-20T10:35:00-00:00,2023-06-20T10:40:00-00:00,2023-06-20,4,TH_NP15_GEN-APND,TH_NP15_GEN-APND,TH_NP15_GEN-APND,RTM,MCE,LMP_ENE_PRC,TH_NP15_GEN-APND,ALL_APNODES,0,13.32225,8,7
2023-06-20T10:40:00-00:00,2023-06-20T10:45:00-00:00,2023-06-20,4,TH_NP15_GEN-APND,TH_NP15_GEN-APND,TH_NP15_GEN-APND,RTM,MCE,LMP_ENE_PRC,TH_NP15_GEN-APND,ALL_APNODES,0,13.4548,9,7
2023-06-20T10:45:00-00:00,2023-06-20T10:50:00-00:00,2023-06-20,4,TH_NP15_GEN-APND,TH_NP15_GEN-APND,TH_NP15_GEN-APND,RTM,MCE,LMP_ENE_PRC,TH_NP15_GEN-APND,ALL_APNODES,0,13.08576,10,7
2023-06-20T10:50:00-00:00,2023-06-20T10:55:00-00:00,2023-06-20,4,TH_NP15_GEN-APND,TH_NP15_GEN-APND,TH_NP15_GEN-APND,RTM,MCE,LMP_ENE_PRC,TH_NP15_GEN-APND,ALL_APNODES,0,13.08576,11,7
2023-06-20T10:55:00-00:00,2023-06-20T11:00:00-00:00,2023-06-20,4,TH_NP15_GEN-APND,TH_NP15_GEN-APND,TH_NP15_GEN-APND,RTM,MCE,LMP_ENE_PRC,TH_NP15_GEN-APND,ALL_APNODES,0,12.64569,12,7
2023-06-20T11:00:00-00:00,2023-06-20T11:05:00-00:00,2023-06-20,5,TH_NP15_GEN-APND,TH_NP15_GEN-APND,TH_NP15_GEN-APND,RTM,MCE,LMP_ENE_PRC,TH_NP15_GEN-APND,ALL_APNODES,0,14.53112,1,7
2023-06-20T11:05:00-00:00,2023-06-20T11:10:00-00:00,2023-06-20,5,TH_NP15_GEN-APND,TH_NP15_GEN-APND,TH_NP15_GEN-APND,RTM,MCE,LMP_ENE_PRC,TH_NP15_GEN-APND,ALL_APNODES,0,14.10415,2,7
2023-06-20T11:10:00-00:00,2023-06-20T11:15:00-00:00,2023-06-20,5,TH_NP15_GEN-APND,TH_NP15_GEN-APND,TH_NP15_GEN-APND,RTM,MCE,LMP_ENE_PRC,TH_NP15_GEN-APND,ALL_APNODES,0,14.0417,3,7
2023-06-20T11:15:00-00:00,2023-06-20T11:20:00-00:00,2023-06-20,5,TH_NP15_GEN-APND,TH_NP15_GEN-APND,TH_NP15_GEN-APND,RTM,MCE,LMP_ENE_PRC,TH_NP15_GEN-APND,ALL_APNODES,0,14.11903,4,7
2023-06-20T11:20:00-00:00,2023-06-20T11:25:00-00:00,2023-06-20,5,TH_NP15_GEN-APND,TH_NP15_GEN-APND,TH_NP15_GEN-APND,RTM,MCE,LMP_ENE_PRC,TH_NP15_GEN-APND,ALL_APNODES,0,14.96031,5,7
2023-06-20T11:25:00-00:00,2023-06-20T11:30:00-00:00,2023-06-20,5,TH_NP15_GEN-APND,TH_NP15_GEN-APND,TH_NP15_GEN-APND,RTM,MCE,LMP_ENE_PRC,TH_NP15_GEN-APND,ALL_APNODES,0,15.07506,6,7
2023-06-20T11:30:00-00:00,2023-06-20T11:35:00-00:00,2023-06-20,5,TH_NP15_GEN-APND,TH_NP15_GEN-APND,TH_NP15_GEN-APND,RTM,MCE,LMP_ENE_PRC,TH_NP15_GEN-APND,ALL_APNODES,0,18.00971,7,7
2023-06-20T11:35:00-00:00,2023-06-20T11:40:00-00:00,2023-06-20,5,TH_NP15_GEN-APND,TH_NP15_GEN-APND,TH_NP15_GEN-APND,RTM,MCE,LMP_ENE_PRC,TH_NP15_GEN-APND,ALL_APNODES,0,19.50438,8,7
2023-06-20T11:40:00-00:00,2023-06-20T11:45:00-00:00,2023-06-20,5,TH_NP15_GEN-APND,TH_NP15_GEN-APND,TH_NP15_GEN-APND,RTM,MCE,LMP_ENE_PRC,TH_NP15_GEN-APND,ALL_APNODES,0,21.69783,9,7
2023-06-20T11:45:00-00:00,2023-06-20T11:50:00-00:00,2023-06-20,5,TH_NP15_GEN-APND,TH_NP15_GEN-APND,TH_NP15_GEN-APND,RTM,MCE,LMP_ENE_PRC,TH_NP15_GEN-APND,ALL_APNODES,0,20.86474,10,7
2023-06-20T11:50:00-00:00,2023-06-20T11:55:00-00:00,2023-06-20,5,TH_NP15_GEN-APND,TH_NP15_GEN-APND,TH_NP15_GEN-APND,RTM,MCE,LMP_ENE_PRC,TH_NP15_GEN-APND,ALL_APNODES,0,20.97209,11,7
2023-06-20T11:55:00-00:00,2023-06-20T12:00:00-00:00,2023-06-20,5,TH_NP15_GEN-APND,TH_NP15_GEN-APND,TH_NP15_GEN-APND,RTM,MCE,LMP_ENE_PRC,TH_NP15_GEN-APND,ALL_APNODES,0,21.70961,12,7
2023-06-20T12:00:00-00:00,2023-06-20T12:05:00-00:00,2023-06-20,6,TH_NP15_GEN-APND,TH_NP15_GEN-APND,TH_NP15_GEN-APND,RTM,MCE,LMP_ENE_PRC,TH_NP15_GEN-APND,ALL_APNODES,0,26.85128,1,7
2023-06-20T12:05:00-00:00,2023-06-20T12:10:00-00:00,2023-06-20,6,TH_NP15_GEN-APND,TH_NP15_GEN-APND,TH_NP15_GEN-APND,RTM,MCE,LMP_ENE_PRC,TH_NP15_GEN-APND,ALL_APNODES,0,27.2896,2,7
2023-06-20T12:10:00-00:00,2023-06-20T12:15:00-00:00,2023-06-20,6,TH_NP15_GEN-APND,TH_NP15_GEN-APND,TH_NP15_GEN-APND,RTM,MCE,LMP_ENE_PRC,TH_NP15_GEN-APND,ALL_APNODES,0,27.45925,3,7
2023-06-20T12:15:00-00:00,2023-06-20T12:20:00-00:00,2023-06-20,6,TH_NP15_GEN-APND,TH_NP15_GEN-APND,TH_NP15_GEN-APND,RTM,MCE,LMP_ENE_PRC,TH_NP15_GEN-APND,ALL_APNODES,0,28.0361,4,7
2023-06-20T12:20:00-00:00,2023-06-20T12:25:00-00:00,2023-06-20,6,TH_NP15_GEN-APND,TH_NP15_GEN-APND,TH_NP15_GEN-APND,RTM,MCE,LMP_ENE_PRC,TH_NP15_GEN-APND,ALL_APNODES,0,28.19088,5,7
2023-06-20T12:25:00-00:00,2023-06-20T12:30:00-00:00,2023-06-20,6,TH_NP15_GEN-APND,TH_NP15_GEN-APND,TH_NP15_GEN-APND,RTM,MCE,LMP_ENE_PRC,TH_NP15_GEN-APND,ALL_APNODES,0,28.18876,6,7
2023-06-20T12:30:00-00:00,2023-06-20T12:35:00-00:00,2023-06-20,6,TH_NP15_GEN-APND,TH_NP15_GEN-APND,TH_NP15_GEN-APND,RTM,MCE,LMP_ENE_PRC,TH_NP15_GEN-APND,ALL_APNODES,0,28.27035,7,7
2023-06-20T12:35:00-00:00,2023-06-20T12:40:00-00:00,2023-06-20,6,TH_NP15_GEN-APND,TH_NP15_GEN-APND,TH_NP15_GEN-APND,RTM,MCE,LMP_ENE_PRC,TH_NP15_GEN-APND,ALL_APNODES,0,28.27035,8,7
2023-06-20T12:40:00-00:00,2023-06-20T12:45:00-00:00,2023-06-20,6,TH_NP15_GEN-APND,TH_NP15_GEN-APND,TH_NP15_GEN-APND,RTM,MCE,LMP_ENE_PRC,TH_NP15_GEN-APND,ALL_APNODES,0,28.30427,9,7
2023-06-20T12:45:00-00:00,2023-06-20T12:50:00-00:00,2023-06-20,6,TH_NP15_GEN-APND,TH_NP15_GEN-APND,TH_NP15_GEN-APND,RTM,MCE,LMP_ENE_PRC,TH_NP15_GEN-APND,ALL_APNODES,0,28.82734,10,7
2023-06-20T12:50:00-00:00,2023-06-20T12:55:00-00:00,2023-06-20,6,TH_NP15_GEN-APND,TH_NP15_GEN-APND,TH_NP15_GEN-APND,RTM,MCE,LMP_ENE_PRC,TH_NP15_GEN-APND,ALL_APNODES,0,29.18003,11,7
2023-06-20T12:55:00-00:00,2023-06-20T13:00:00-00:00,2023-06-20,6,TH_NP15_GEN-APND,TH_NP15_GEN-APND,TH_NP15_GEN-APND,RTM,MCE,LMP_ENE_PRC,TH_NP15_GEN-APND,ALL_APNODES,0,28.81595,12,7
2023-06-20T13:00:00-00:00,2023-06-20T13:05:00-00:00,2023-06-20,7,TH_NP15_GEN-APND,TH_NP15_GEN-APND,TH_NP15_GEN-APND,RTM,MCE,LMP_ENE_PRC,TH_NP15_GEN-APND,ALL_APNODES,0,29.86771,1,7
2023-06-20T13:05:00-00:00,2023-06-20T13:10:00-00:00,2023-06-20,7,TH_NP15_GEN-APND,TH_NP15_GEN-APND,TH_NP15_GEN-APND,RTM,MCE,LMP_ENE_PRC,TH_NP15_GEN-APND,ALL_APNODES,0,28.50115,2,7
2023-06-20T13:10:00-00:00,2023-06-20T13:15:00-00:00,2023-06-20,7,TH_NP15_GEN-APND,TH_NP15_GEN-APND,TH_NP15_GEN-APND,RTM,MCE,LMP_ENE_PRC,TH_NP15_GEN-APND,ALL_APNODES,0,28.56427,3,7
2023-06-20T13:15:00-00:00,2023-06-20T13:20:00-00:00,2023-06-20,7,TH_NP15_GEN-APND,TH_NP15_GEN-APND,TH_NP15_GEN-APND,RTM,MCE,LMP_ENE_PRC,TH_NP15_GEN-APND,ALL_APNODES,0,28.28782,4,7
2023-06-20T13:20:00-00:00,2023-06-20T13:25:00-00:00,2023-06-20,7,TH_NP15_GEN-APND,TH_NP15_GEN-APND,TH_NP15_GEN-APND,RTM,MCE,LMP_ENE_PRC,TH_NP15_GEN-APND,ALL_APNODES,0,28.09633,5,7
2023-06-20T13:25:00-00:00,2023-06-20T13:30:00-00:00,2023-06-20,7,TH_NP15_GEN-APND,TH_NP15_GEN-APND,TH_NP15_GEN-APND,RTM,MCE,LMP_ENE_PRC,TH_NP15_GEN-APND,ALL_APNODES,0,26.34947,6,7
2023-06-20T13:30:00-00:00,2023-06-20T13:35:00-00:00,2023-06-20,7,TH_NP15_GEN-APND,TH_NP15_GEN-APND,TH_NP15_GEN-APND,RTM,MCE,LMP_ENE_PRC,TH_NP15_GEN-APND,ALL_APNODES,0,20.16889,7,7
2023-06-20T13:35:00-00:00,2023-06-20T13:40:00-00:00,2023-06-20,7,TH_NP15_GEN-APND,TH_NP15_GEN-APND,TH_NP15_GEN-APND,RTM,MCE,LMP_ENE_PRC,TH_NP15_GEN-APND,ALL_APNODES,0,15.96,8,7
2023-06-20T13:40:00-00:00,2023-06-20T13:45:00-00:00,2023-06-20,7,TH_NP15_GEN-APND,TH_NP15_GEN-APND,TH_NP15_GEN-APND,RTM,MCE,LMP_ENE_PRC,TH_NP15_GEN-APND,ALL_APNODES,0,14.9976,9,7
2023-06-20T13:45:00-00:00,2023-06-20T13:50:00-00:00,2023-06-20,7,TH_NP15_GEN-APND,TH_NP15_GEN-APND,TH_NP15_GEN-APND,RTM,MCE,LMP_ENE_PRC,TH_NP15_GEN-APND,ALL_APNODES,0,13.6852,10,7
2023-06-20T13:50:00-00:00,2023-06-20T13:55:00-00:00,2023-06-20,7,TH_NP15_GEN-APND,TH_NP15_GEN-APND,TH_NP15_GEN-APND,RTM,MCE,LMP_ENE_PRC,TH_NP15_GEN-APND,ALL_APNODES,0,10.62467,11,7
2023-06-20T13:55:00-00:00,2023-06-20T14:00:00-00:00,2023-06-20,7,TH_NP15_GEN-APND,TH_NP15_GEN-APND,TH_NP15_GEN-APND,RTM,MCE,LMP_ENE_PRC,TH_NP15_GEN-APND,ALL_APNODES,0,9.31821,12,7
2023-06-20T14:00:00-00:00,2023-06-20T14:05:00-00:00,2023-06-20,8,TH_NP15_GEN-APND,TH_NP15_GEN-APND,TH_NP15_GEN-APND,RTM,MCE,LMP_ENE_PRC,TH_NP15_GEN-APND,ALL_APNODES,0,18.20671,1,7
2023-06-20T14:05:00-00:00,2023-06-20T14:10:00-00:00,2023-06-20,8,TH_NP15_GEN-APND,TH_NP15_GEN-APND,TH_NP15_GEN-APND,RTM,MCE,LMP_ENE_PRC,TH_NP15_GEN-APND,ALL_APNODES,0,18.05962,2,7
2023-06-20T14:10:00-00:00,2023-06-20T14:15:00-00:00,2023-06-20,8,TH_NP15_GEN-APND,TH_NP15_GEN-APND,TH_NP15_GEN-APND,RTM,MCE,LMP_ENE_PRC,TH_NP15_GEN-APND,ALL_APNODES,0,19.28517,3,7
2023-06-20T14:15:00-00:00,2023-06-20T14:20:00-00:00,2023-06-20,8,TH_NP15_GEN-APND,TH_NP15_GEN-APND,TH_NP15_GEN-APND,RTM,MCE,LMP_ENE_PRC,TH_NP15_GEN-APND,ALL_APNODES,0,17.03984,4,7
2023-06-20T14:20:00-00:00,2023-06-20T14:25:00-00:00,2023-06-20,8,TH_NP15_GEN-APND,TH_NP15_GEN-APND,TH_NP15_GEN-APND,RTM,MCE,LMP_ENE_PRC,TH_NP15_GEN-APND,ALL_APNODES,0,15.51672,5,7
2023-06-20T14:25:00-00:00,2023-06-20T14:30:00-00:00,2023-06-20,8,TH_NP15_GEN-APND,TH_NP15_GEN-APND,TH_NP15_GEN-APND,RTM,MCE,LMP_ENE_PRC,TH_NP15_GEN-APND,ALL_APNODES,0,11.73561,6,7
2023-06-20T14:30:00-00:00,2023-06-20T14:35:00-00:00,2023-06-20,8,TH_NP15_GEN-APND,TH_NP15_GEN-APND,TH_NP15_GEN-APND,RTM,MCE,LMP_ENE_PRC,TH_NP15_GEN-APND,ALL_APNODES,0,10.90544,7,7
2023-06-20T14:35:00-00:00,2023-06-20T14:40:00-00:00,2023-06-20,8,TH_NP15_GEN-APND,TH_NP15_GEN-APND,TH_NP15_GEN-APND,RTM,MCE,LMP_ENE_PRC,TH_NP15_GEN-APND,ALL_APNODES,0,11.0759,8,7
2023-06-20T14:40:00-00:00,2023-06-20T14:45:00-00:00,2023-06-20,8,TH_NP15_GEN-APND,TH_NP15_GEN-APND,TH_NP15_GEN-APND,RTM,MCE,LMP_ENE_PRC,TH_NP15_GEN-APND,ALL_APNODES,0,10.90544,9,7
2023-06-20T14:45:00-00:00,2023-06-20T14:50:00-00:00,2023-06-20,8,TH_NP15_GEN-APND,TH_NP15_GEN-APND,TH_NP15_GEN-APND,RTM,MCE,LMP_ENE_PRC,TH_NP15_GEN-APND,ALL_APNODES,0,3.35853,10,7
2023-06-20T14:50:00-00:00,2023-06-20T14:55:00-00:00,2023-06-20,8,TH_NP15_GEN-APND,TH_NP15_GEN-APND,TH_NP15_GEN-APND,RTM,MCE,LMP_ENE_PRC,TH_NP15_GEN-APND,ALL_APNODES,0,0.00594,11,7
2023-06-20T14:55:00-00:00,2023-06-20T15:00:00-00:00,2023-06-20,8,TH_NP15_GEN-APND,TH_NP15_GEN-APND,TH_NP15_GEN-APND,RTM,MCE,LMP_ENE_PRC,TH_NP15_GEN-APND,ALL_APNODES,0,-0.11603,12,7
2023-06-20T15:00:00-00:00,2023-06-20T15:05:00-00:00,2023-06-20,9,TH_NP15_GEN-APND,TH_NP15_GEN-APND,TH_NP15_GEN-APND,RTM,MCE,LMP_ENE_PRC,TH_NP15_GEN-APND,ALL_APNODES,0,-0.20398,1,7
2023-06-20T15:05:00-00:00,2023-06-20T15:10:00-00:00,2023-06-20,9,TH_NP15_GEN-APND,TH_NP15_GEN-APND,TH_NP15_GEN-APND,RTM,MCE,LMP_ENE_PRC,TH_NP15_GEN-APND,ALL_APNODES,0,-1.57362,2,7
2023-06-20T15:10:00-00:00,2023-06-20T15:15:00-00:00,2023-06-20,9,TH_NP15_GEN-APND,TH_NP15_GEN-APND,TH_NP15_GEN-APND,RTM,MCE,LMP_ENE_PRC,TH_NP15_GEN-APND,ALL_APNODES,0,0.0,3,7
2023-06-20T15:15:00-00:00,2023-06-20T15:20:00-00:00,2023-06-20,9,TH_NP15_GEN-APND,TH_NP15_GEN-APND,TH_NP15_GEN-APND,RTM,MCE,LMP_ENE_PRC,TH_NP15_GEN-APND,ALL_APNODES,0,-1.04106,4,7
2023-06-20T15:20:00-00:00,2023-06-20T15:25:00-00:00,2023-06-20,9,TH_NP15_GEN-APND,TH_NP15_GEN-APND,TH_NP15_GEN-APND,RTM,MCE,LMP_ENE_PRC,TH_NP15_GEN-APND,ALL_APNODES,0,-0.97562,5,7
2023-06-20T15:25:00-00:00,2023-06-20T15:30:00-00:00,2023-06-20,9,TH_NP15_GEN-APND,TH_NP15_GEN-APND,TH_NP15_GEN-APND,RTM,MCE,LMP_ENE_PRC,TH_NP15_GEN-APND,ALL_APNODES,0,-0.98646,6,7
2023-06-20T15:30:00-00:00,2023-06-20T15:35:00-00:00,2023-06-20,9,TH_NP15_GEN-APND,TH_NP15_GEN-APND,TH_NP15_GEN-APND,RTM,MCE,LMP_ENE_PRC,TH_NP15_GEN-APND,ALL_APNODES,0,-1.13758,7,7
2023-06-20T15:35:00-00:00,2023-06-20T15:40:00-00:00,2023-06-20,9,TH_NP15_GEN-APND,TH_NP15_GEN-APND,TH_NP15_GEN-APND,RTM,MCE,LMP_ENE_PRC,TH_NP15_GEN-APND,ALL_APNODES,0,-1.54113,8,7
2023-06-20T15:40:00-00:00,2023-06-20T15:45:00-00:00,2023-06-20,9,TH_NP15_GEN-APND,TH_NP15_GEN-APND,TH_NP15_GEN-APND,RTM,MCE,LMP_ENE_PRC,TH_NP15_GEN-APND,ALL_APNODES,0,-2.5096,9,7
2023-06-20T15:45:00-00:00,2023-06-20T15:50:00-00:00,2023-06-20,9,TH_NP15_GEN-APND,TH_NP15_GEN-APND,TH_NP15_GEN-APND,RTM,MCE,LMP_ENE_PRC,TH_NP15_GEN-APND,ALL_APNODES,0,-5.25164,10,7
2023-06-20T15:50:00-00:00,2023-06-20T15:55:00-00:00,2023-06-20,9,TH_NP15_GEN-APND,TH_NP15_GEN-APND,TH_NP15_GEN-APND,RTM,MCE,LMP_ENE_PRC,TH_NP15_GEN-APND,ALL_APNODES,0,-5.81737,11,7
2023-06-20T15:55:00-00:00,2023-06-20T16:00:00-00:00,2023-06-20,9,TH_NP15_GEN-APND,TH_NP15_GEN-APND,TH_NP15_GEN-APND,RTM,MCE,LMP_ENE_PRC,TH_NP15_GEN-APND,ALL_APNODES,0,-6.70272,12,7
2023-06-20T16:00:00-00:00,2023-06-20T16:05:00-00:00,2023-06-20,10,TH_NP15_GEN-APND,TH_NP15_GEN-APND,TH_NP15_GEN-APND,RTM,MCE,LMP_ENE_PRC,TH_NP15_GEN-APND,ALL_APNODES,0,-5.27878,1,7
2023-06-20T16:05:00-00:00,2023-06-20T16:10:00-00:00,2023-06-20,10,TH_NP15_GEN-APND,TH_NP15_GEN-APND,TH_NP15_GEN-APND,RTM,MCE,LMP_ENE_PRC,TH_NP15_GEN-APND,ALL_APNODES,0,-5.30283,2,7
2023-06-20T16:10:00-00:00,2023-06-20T16:15:00-00:00,2023-06-20,10,TH_NP15_GEN-APND,TH_NP15_GEN-APND,TH_NP15_GEN-APND,RTM,MCE,LMP_ENE_PRC,TH_NP15_GEN-APND,ALL_APNODES,0,-5.73209,3,7
2023-06-20T16:15:00-00:00,2023-06-20T16:20:00-00:00,2023-06-20,10,TH_NP15_GEN-APND,TH_NP15_GEN-APND,TH_NP15_GEN-APND,RTM,MCE,LMP_ENE_PRC,TH_NP15_GEN-APND,ALL_APNODES,0,-5.28741,4,7
2023-06-20T16:20:00-00:00,2023-06-20T16:25:00-00:00,2023-06-20,10,TH_NP15_GEN-APND,TH_NP15_GEN-APND,TH_NP15_GEN-APND,RTM,MCE,LMP_ENE_PRC,TH_NP15_GEN-APND,ALL_APNODES,0,-5.84544,5,7
2023-06-20T16:25:00-00:00,2023-06-20T16:30:00-00:00,2023-06-20,10,TH_NP15_GEN-APND,TH_NP15_GEN-APND,TH_NP15_GEN-APND,RTM,MCE,LMP_ENE_PRC,TH_NP15_GEN-APND,ALL_APNODES,0,-5.83654,6,7
2023-06-20T16:30:00-00:00,2023-06-20T16:35:00-00:00,2023-06-20,10,TH_NP15_GEN-APND,TH_NP15_GEN-APND,TH_NP15_GEN-APND,RTM,MCE,LMP_ENE_PRC,TH_NP15_GEN-APND,ALL_APNODES,0,-5.83709,7,7
2023-06-20T16:35:00-00:00,2023-06-20T16:40:00-00:00,2023-06-20,10,TH_NP15_GEN-APND,TH_NP15_GEN-APND,TH_NP15_GEN-APND,RTM,MCE,LMP_ENE_PRC,TH_NP15_GEN-APND,ALL_APNODES,0,-6.67476,8,7
2023-06-20T16:40:00-00:00,2023-06-20T16:45:00-00:00,2023-06-20,10,TH_NP15_GEN-APND,TH_NP15_GEN-APND,TH_NP15_GEN-APND,RTM,MCE,LMP_ENE_PRC,TH_NP15_GEN-APND,ALL_APNODES,0,-7.2905,9,7
2023-06-20T16:45:00-00:00,2023-06-20T16:50:00-00:00,2023-06-20,10,TH_NP15_GEN-APND,TH_NP15_GEN-APND,TH_NP15_GEN-APND,RTM,MCE,LMP_ENE_PRC,TH_NP15_GEN-APND,ALL_APNODES,0,-7.53531,10,7
2023-06-20T16:50:00-00:00,2023-06-20T16:55:00-00:00,2023-06-20,10,TH_NP15_GEN-APND,TH_NP15_GEN-APND,TH_NP15_GEN-APND,RTM,MCE,LMP_ENE_PRC,TH_NP15_GEN-APND,ALL_APNODES,0,-7.8713,11,7
2023-06-20T16:55:00-00:00,2023-06-20T17:00:00-00:00,2023-06-20,10,TH_NP15_GEN-APND,TH_NP15_GEN-APND,TH_NP15_GEN-APND,RTM,MCE,LMP_ENE_PRC,TH_NP15_GEN-APND,ALL_APNODES,0,-8.38693,12,7
2023-06-20T17:00:00-00:00,2023-06-20T17:05:00-00:00,2023-06-20,11,TH_NP15_GEN-APND,TH_NP15_GEN-APND,TH_NP15_GEN-APND,RTM,MCE,LMP_ENE_PRC,TH_NP15_GEN-APND,ALL_APNODES,0,-7.62456,1,7
2023-06-20T17:05:00-00:00,2023-06-20T17:10:00-00:00,2023-06-20,11,TH_NP15_GEN-APND,TH_NP15_GEN-APND,TH_NP15_GEN-APND,RTM,MCE,LMP_ENE_PRC,TH_NP15_GEN-APND,ALL_APNODES,0,-7.60356,2,7
2023-06-20T17:10:00-00:00,2023-06-20T17:15:00-00:00,2023-06-20,11,TH_NP15_GEN-APND,TH_NP15_GEN-APND,TH_NP15_GEN-APND,RTM,MCE,LMP_ENE_PRC,TH_NP15_GEN-APND,ALL_APNODES,0,-7.62456,3,7
2023-06-20T17:15:00-00:00,2023-06-20T17:20:00-00:00,2023-06-20,11,TH_NP15_GEN-APND,TH_NP15_GEN-APND,TH_NP15_GEN-APND,RTM,MCE,LMP_ENE_PRC,TH_NP15_GEN-APND,ALL_APNODES,0,-8.84138,4,7
2023-06-20T17:20:00-00:00,2023-06-20T17:25:00-00:00,2023-06-20,11,TH_NP15_GEN-APND,TH_NP15_GEN-APND,TH_NP15_GEN-APND,RTM,MCE,LMP_ENE_PRC,TH_NP15_GEN-APND,ALL_APNODES,0,-8.38776,5,7
2023-06-20T17:25:00-00:00,2023-06-20T17:30:00-00:00,2023-06-20,11,TH_NP15_GEN-APND,TH_NP15_GEN-APND,TH_NP15_GEN-APND,RTM,MCE,LMP_ENE_PRC,TH_NP15_GEN-APND,ALL_APNODES,0,-8.41109,6,7
2023-06-20T17:30:00-00:00,2023-06-20T17:35:00-00:00,2023-06-20,11,TH_NP15_GEN-APND,TH_NP15_GEN-APND,TH_NP15_GEN-APND,RTM,MCE,LMP_ENE_PRC,TH_NP15_GEN-APND,ALL_APNODES,0,-9.07856,7,7
2023-06-20T17:35:00-00:00,2023-06-20T17:40:00-00:00,2023-06-20,11,TH_NP15_GEN-APND,TH_NP15_GEN-APND,TH_NP15_GEN-APND,RTM,MCE,LMP_ENE_PRC,TH_NP15_GEN-APND,ALL_APNODES,0,-8.49868,8,7
2023-06-20T17:40:00-00:00,2023-06-20T17:45:00-00:00,2023-06-20,11,TH_NP15_GEN-APND,TH_NP15_GEN-APND,TH_NP15_GEN-APND,RTM,MCE,LMP_ENE_PRC,TH_NP15_GEN-APND,ALL_APNODES,0,-10.23252,9,7
2023-06-20T17:45:00-00:00,2023-06-20T17:50:00-00:00,2023-06-20,11,TH_NP15_GEN-APND,TH_NP15_GEN-APND,TH_NP15_GEN-APND,RTM,MCE,LMP_ENE_PRC,TH_NP15_GEN-APND,ALL_APNODES,0,-11.34928,10,7
2023-06-20T17:50:00-00:00,2023-06-20T17:55:00-00:00,2023-06-20,11,TH_NP15_GEN-APND,TH_NP15_GEN-APND,TH_NP15_GEN-APND,RTM,MCE,LMP_ENE_PRC,TH_NP15_GEN-APND,ALL_APNODES,0,-10.69916,11,7
2023-06-20T17:55:00-00:00,2023-06-20T18:00:00-00:00,2023-06-20,11,TH_NP15_GEN-APND,TH_NP15_GEN-APND,TH_NP15_GEN-APND,RTM,MCE,LMP_ENE_PRC,TH_NP15_GEN-APND,ALL_APNODES,0,-8.50352,12,7
2023-06-20T18:00:00-00:00,2023-06-20T18:05:00-00:00,2023-06-20,12,TH_NP15_GEN-APND,TH_NP15_GEN-APND,TH_NP15_GEN-APND,RTM,MCE,LMP_ENE_PRC,TH_NP15_GEN-APND,ALL_APNODES,0,-5.08184,1,7
2023-06-20T18:05:00-00:00,2023-06-20T18:10:00-00:00,2023-06-20,12,TH_NP15_GEN-APND,TH_NP15_GEN-APND,TH_NP15_GEN-APND,RTM,MCE,LMP_ENE_PRC,TH_NP15_GEN-APND,ALL_APNODES,0,-5.08184,2,7
2023-06-20T18:10:00-00:00,2023-06-20T18:15:00-00:00,2023-06-20,12,TH_NP15_GEN-APND,TH_NP15_GEN-APND,TH_NP15_GEN-APND,RTM,MCE,LMP_ENE_PRC,TH_NP15_GEN-APND,ALL_APNODES,0,-4.90883,3,7
2023-06-20T18:15:00-00:00,2023-06-20T18:20:00-00:00,2023-06-20,12,TH_NP15_GEN-APND,TH_NP15_GEN-APND,TH_NP15_GEN-APND,RTM,MCE,LMP_ENE_PRC,TH_NP15_GEN-APND,ALL_APNODES,0,-2.94222,4,7
2023-06-20T18:20:00-00:00,2023-06-20T18:25:00-00:00,2023-06-20,12,TH_NP15_GEN-APND,TH_NP15_GEN-APND,TH_NP15_GEN-APND,RTM,MCE,LMP_ENE_PRC,TH_NP15_GEN-APND,ALL_APNODES,0,-5.51846,5,7
2023-06-20T18:25:00-00:00,2023-06-20T18:30:00-00:00,2023-06-20,12,TH_NP15_GEN-APND,TH_NP15_GEN-APND,TH_NP15_GEN-APND,RTM,MCE,LMP_ENE_PRC,TH_NP15_GEN-APND,ALL_APNODES,0,-5.91428,6,7
2023-06-20T18:30:00-00:00,2023-06-20T18:35:00-00:00,2023-06-20,12,TH_NP15_GEN-APND,TH_NP15_GEN-APND,TH_NP15_GEN-APND,RTM,MCE,LMP_ENE_PRC,TH_NP15_GEN-APND,ALL_APNODES,0,1.8761,7,7
2023-06-20T18:35:00-00:00,2023-06-20T18:40:00-00:00,2023-06-20,12,TH_NP15_GEN-APND,TH_NP15_GEN-APND,TH_NP15_GEN-APND,RTM,MCE,LMP_ENE_PRC,TH_NP15_GEN-APND,ALL_APNODES,0,0.09233,8,7
2023-06-20T18:40:00-00:00,2023-06-20T18:45:00-00:00,2023-06-20,12,TH_NP15_GEN-APND,TH_NP15_GEN-APND,TH_NP15_GEN-APND,RTM,MCE,LMP_ENE_PRC,TH_NP15_GEN-APND,ALL_APNODES,0,0.09904,9,7
2023-06-20T18:45:00-00:00,2023-06-20T18:50:00-00:00,2023-06-20,12,TH_NP15_GEN-APND,TH_NP15_GEN-APND,TH_NP15_GEN-APND,RTM,MCE,LMP_ENE_PRC,TH_NP15_GEN-APND,ALL_APNODES,0,-5.83312,10,7
2023-06-20T18:50:00-00:00,2023-06-20T18:55:00-00:00,2023-06-20,12,TH_NP15_GEN-APND,TH_NP15_GEN-APND,TH_NP15_GEN-APND,RTM,MCE,LMP_ENE_PRC,TH_NP15_GEN-APND,ALL_APNODES,0,-6.0873,11,7
2023-06-20T18:55:00-00:00,2023-06-20T19:00:00-00:00,2023-06-20,12,TH_NP15_GEN-APND,TH_NP15_GEN-APND,TH_NP15_GEN-APND,RTM,MCE,LMP_ENE_PRC,TH_NP15_GEN-APND,ALL_APNODES,0,-5.90557,12,7
2023-06-20T19:00:00-00:00,2023-06-20T19:05:00-00:00,2023-06-20,13,TH_NP15_GEN-APND,TH_NP15_GEN-APND,TH_NP15_GEN-APND,RTM,MCE,LMP_ENE_PRC,TH_NP15_GEN-APND,ALL_APNODES,0,-7.82734,1,7
2023-06-20T19:05:00-00:00,2023-06-20T19:10:00-00:00,2023-06-20,13,TH_NP15_GEN-APND,TH_NP15_GEN-APND,TH_NP15_GEN-APND,RTM,MCE,LMP_ENE_PRC,TH_NP15_GEN-APND,ALL_APNODES,0,-7.80985,2,7
2023-06-20T19:10:00-00:00,2023-06-20T19:15:00-00:00,2023-06-20,13,TH_NP15_GEN-APND,TH_NP15_GEN-APND,TH_NP15_GEN-APND,RTM,MCE,LMP_ENE_PRC,TH_NP15_GEN-APND,ALL_APNODES,0,-7.82734,3,7
2023-06-20T19:15:00-00:00,2023-06-20T19:20:00-00:00,2023-06-20,13,TH_NP15_GEN-APND,TH_NP15_GEN-APND,TH_NP15_GEN-APND,RTM,MCE,LMP_ENE_PRC,TH_NP15_GEN-APND,ALL_APNODES,0,-6.36372,4,7
2023-06-20T19:20:00-00:00,2023-06-20T19:25:00-00:00,2023-06-20,13,TH_NP15_GEN-APND,TH_NP15_GEN-APND,TH_NP15_GEN-APND,RTM,MCE,LMP_ENE_PRC,TH_NP15_GEN-APND,ALL_APNODES,0,-6.78288,5,7
2023-06-20T19:25:00-00:00,2023-06-20T19:30:00-00:00,2023-06-20,13,TH_NP15_GEN-APND,TH_NP15_GEN-APND,TH_NP15_GEN-APND,RTM,MCE,LMP_ENE_PRC,TH_NP15_GEN-APND,ALL_APNODES,0,-6.4685,6,7
2023-06-20T19:30:00-00:00,2023-06-20T19:35:00-00:00,2023-06-20,13,TH_NP15_GEN-APND,TH_NP15_GEN-APND,TH_NP15_GEN-APND,RTM,MCE,LMP_ENE_PRC,TH_NP15_GEN-APND,ALL_APNODES,0,-5.4248,7,7
2023-06-20T19:35:00-00:00,2023-06-20T19:40:00-00:00,2023-06-20,13,TH_NP15_GEN-APND,TH_NP15_GEN-APND,TH_NP15_GEN-APND,RTM,MCE,LMP_ENE_PRC,TH_NP15_GEN-APND,ALL_APNODES,0,-5.44333,8,7
2023-06-20T19:40:00-00:00,2023-06-20T19:45:00-00:00,2023-06-20,13,TH_NP15_GEN-APND,TH_NP15_GEN-APND,TH_NP15_GEN-APND,RTM,MCE,LMP_ENE_PRC,TH_NP15_GEN-APND,ALL_APNODES,0,-4.00989,9,7
2023-06-20T19:45:00-00:00,2023-06-20T19:50:00-00:00,2023-06-20,13,TH_NP15_GEN-APND,TH_NP15_GEN-APND,TH_NP15_GEN-APND,RTM,MCE,LMP_ENE_PRC,TH_NP15_GEN-APND,ALL_APNODES,0,-1.47524,10,7
2023-06-20T19:50:00-00:00,2023-06-20T19:55:00-00:00,2023-06-20,13,TH_NP15_GEN-APND,TH_NP15_GEN-APND,TH_NP15_GEN-APND,RTM,MCE,LMP_ENE_PRC,TH_NP15_GEN-APND,ALL_APNODES,0,-1.83827,11,7
2023-06-20T19:55:00-00:00,2023-06-20T20:00:00-00:00,2023-06-20,13,TH_NP15_GEN-APND,TH_NP15_GEN-APND,TH_NP15_GEN-APND,RTM,MCE,LMP_ENE_PRC,TH_NP15_GEN-APND,ALL_APNODES,0,-3.15294,12,7
2023-06-20T20:00:00-00:00,2023-06-20T20:05:00-00:00,2023-06-20,14,TH_NP15_GEN-APND,TH_NP15_GEN-APND,TH_NP15_GEN-APND,RTM,MCE,LMP_ENE_PRC,TH_NP15_GEN-APND,ALL_APNODES,0,-7.54147,1,7
2023-06-20T20:05:00-00:00,2023-06-20T20:10:00-00:00,2023-06-20,14,TH_NP15_GEN-APND,TH_NP15_GEN-APND,TH_NP15_GEN-APND,RTM,MCE,LMP_ENE_PRC,TH_NP15_GEN-APND,ALL_APNODES,0,-6.84202,2,7
2023-06-20T20:10:00-00:00,2023-06-20T20:15:00-00:00,2023-06-20,14,TH_NP15_GEN-APND,TH_NP15_GEN-APND,TH_NP15_GEN-APND,RTM,MCE,LMP_ENE_PRC,TH_NP15_GEN-APND,ALL_APNODES,0,-6.99963,3,7
2023-06-20T20:15:00-00:00,2023-06-20T20:20:00-00:00,2023-06-20,14,TH_NP15_GEN-APND,TH_NP15_GEN-APND,TH_NP15_GEN-APND,RTM,MCE,LMP_ENE_PRC,TH_NP15_GEN-APND,ALL_APNODES,0,-5.87822,4,7
2023-06-20T20:20:00-00:00,2023-06-20T20:25:00-00:00,2023-06-20,14,TH_NP15_GEN-APND,TH_NP15_GEN-APND,TH_NP15_GEN-APND,RTM,MCE,LMP_ENE_PRC,TH_NP15_GEN-APND,ALL_APNODES,0,-5.57949,5,7
2023-06-20T20:25:00-00:00,2023-06-20T20:30:00-00:00,2023-06-20,14,TH_NP15_GEN-APND,TH_NP15_GEN-APND,TH_NP15_GEN-APND,RTM,MCE,LMP_ENE_PRC,TH_NP15_GEN-APND,ALL_APNODES,0,-4.0881,6,7
2023-06-20T20:30:00-00:00,2023-06-20T20:35:00-00:00,2023-06-20,14,TH_NP15_GEN-APND,TH_NP15_GEN-APND,TH_NP15_GEN-APND,RTM,MCE,LMP_ENE_PRC,TH_NP15_GEN-APND,ALL_APNODES,0,-3.90915,7,7
2023-06-20T20:35:00-00:00,2023-06-20T20:40:00-00:00,2023-06-20,14,TH_NP15_GEN-APND,TH_NP15_GEN-APND,TH_NP15_GEN-APND,RTM,MCE,LMP_ENE_PRC,TH_NP15_GEN-APND,ALL_APNODES,0,-3.64049,8,7
2023-06-20T20:40:00-00:00,2023-06-20T20:45:00-00:00,2023-06-20,14,TH_NP15_GEN-APND,TH_NP15_GEN-APND,TH_NP15_GEN-APND,RTM,MCE,LMP_ENE_PRC,TH_NP15_GEN-APND,ALL_APNODES,0,-3.09186,9,7
2023-06-20T20:45:00-00:00,2023-06-20T20:50:00-00:00,2023-06-20,14,TH_NP15_GEN-APND,TH_NP15_GEN-APND,TH_NP15_GEN-APND,RTM,MCE,LMP_ENE_PRC,TH_NP15_GEN-APND,ALL_APNODES,0,-3.19443,10,7
2023-06-20T20:50:00-00:00,2023-06-20T20:55:00-00:00,2023-06-20,14,TH_NP15_GEN-APND,TH_NP15_GEN-APND,TH_NP15_GEN-APND,RTM,MCE,LMP_ENE_PRC,TH_NP15_GEN-APND,ALL_APNODES,0,-3.84956,11,7
2023-06-20T20:55:00-00:00,2023-06-20T21:00:00-00:00,2023-06-20,14,TH_NP15_GEN-APND,TH_NP15_GEN-APND,TH_NP15_GEN-APND,RTM,MCE,LMP_ENE_PRC,TH_NP15_GEN-APND,ALL_APNODES,0,-4.92586,12,7
2023-06-20T21:00:00-00:00,2023-06-20T21:05:00-00:00,2023-06-20,15,TH_NP15_GEN-APND,TH_NP15_GEN-APND,TH_NP15_GEN-APND,RTM,MCE,LMP_ENE_PRC,TH_NP15_GEN-APND,ALL_APNODES,0,-6.71003,1,7
2023-06-20T21:05:00-00:00,2023-06-20T21:10:00-00:00,2023-06-20,15,TH_NP15_GEN-APND,TH_NP15_GEN-APND,TH_NP15_GEN-APND,RTM,MCE,LMP_ENE_PRC,TH_NP15_GEN-APND,ALL_APNODES,0,-7.08359,2,7
2023-06-20T21:10:00-00:00,2023-06-20T21:15:00-00:00,2023-06-20,15,TH_NP15_GEN-APND,TH_NP15_GEN-APND,TH_NP15_GEN-APND,RTM,MCE,LMP_ENE_PRC,TH_NP15_GEN-APND,ALL_APNODES,0,-7.60588,3,7
2023-06-20T21:15:00-00:00,2023-06-20T21:20:00-00:00,2023-06-20,15,TH_NP15_GEN-APND,TH_NP15_GEN-APND,TH_NP15_GEN-APND,RTM,MCE,LMP_ENE_PRC,TH_NP15_GEN-APND,ALL_APNODES,0,-5.5154,4,7
2023-06-20T21:20:00-00:00,2023-06-20T21:25:00-00:00,2023-06-20,15,TH_NP15_GEN-APND,TH_NP15_GEN-APND,TH_NP15_GEN-APND,RTM,MCE,LMP_ENE_PRC,TH_NP15_GEN-APND,ALL_APNODES,0,-3.56584,5,7
2023-06-20T21:25:00-00:00,2023-06-20T21:30:00-00:00,2023-06-20,15,TH_NP15_GEN-APND,TH_NP15_GEN-APND,TH_NP15_GEN-APND,RTM,MCE,LMP_ENE_PRC,TH_NP15_GEN-APND,ALL_APNODES,0,-4.06077,6,7
2023-06-20T21:30:00-00:00,2023-06-20T21:35:00-00:00,2023-06-20,15,TH_NP15_GEN-APND,TH_NP15_GEN-APND,TH_NP15_GEN-APND,RTM,MCE,LMP_ENE_PRC,TH_NP15_GEN-APND,ALL_APNODES,0,-0.0036,7,7
2023-06-20T21:35:00-00:00,2023-06-20T21:40:00-00:00,2023-06-20,15,TH_NP15_GEN-APND,TH_NP15_GEN-APND,TH_NP15_GEN-APND,RTM,MCE,LMP_ENE_PRC,TH_NP15_GEN-APND,ALL_APNODES,0,-0.65964,8,7
2023-06-20T21:40:00-00:00,2023-06-20T21:45:00-00:00,2023-06-20,15,TH_NP15_GEN-APND,TH_NP15_GEN-APND,TH_NP15_GEN-APND,RTM,MCE,LMP_ENE_PRC,TH_NP15_GEN-APND,ALL_APNODES,0,-0.0012,9,7
2023-06-20T21:45:00-00:00,2023-06-20T21:50:00-00:00,2023-06-20,15,TH_NP15_GEN-APND,TH_NP15_GEN-APND,TH_NP15_GEN-APND,RTM,MCE,LMP_ENE_PRC,TH_NP15_GEN-APND,ALL_APNODES,0,-1.73452,10,7
2023-06-20T21:50:00-00:00,2023-06-20T21:55:00-00:00,2023-06-20,15,TH_NP15_GEN-APND,TH_NP15_GEN-APND,TH_NP15_GEN-APND,RTM,MCE,LMP_ENE_PRC,TH_NP15_GEN-APND,ALL_APNODES,0,-0.66154,11,7
2023-06-20T21:55:00-00:00,2023-06-20T22:00:00-00:00,2023-06-20,15,TH_NP15_GEN-APND,TH_NP15_GEN-APND,TH_NP15_GEN-APND,RTM,MCE,LMP_ENE_PRC,TH_NP15_GEN-APND,ALL_APNODES,0,-0.66379,12,7
2023-06-20T22:00:00-00:00,2023-06-20T22:05:00-00:00,2023-06-20,16,TH_NP15_GEN-APND,TH_NP15_GEN-APND,TH_NP15_GEN-APND,RTM,MCE,LMP_ENE_PRC,TH_NP15_GEN-APND,ALL_APNODES,0,-1.64051,1,7
2023-06-20T22:05:00-00:00,2023-06-20T22:10:00-00:00,2023-06-20,16,TH_NP15_GEN-APND,TH_NP15_GEN-APND,TH_NP15_GEN-APND,RTM,MCE,LMP_ENE_PRC,TH_NP15_GEN-APND,ALL_APNODES,0,-1.12985,2,7
2023-06-20T22:10:00-00:00,2023-06-20T22:15:00-00:00,2023-06-20,16,TH_NP15_GEN-APND,TH_NP15_GEN-APND,TH_NP15_GEN-APND,RTM,MCE,LMP_ENE_PRC,TH_NP15_GEN-APND,ALL_APNODES,0,0.55533,3,7
2023-06-20T22:15:00-00:00,2023-06-20T22:20:00-00:00,2023-06-20,16,TH_NP15_GEN-APND,TH_NP15_GEN-APND,TH_NP15_GEN-APND,RTM,MCE,LMP_ENE_PRC,TH_NP15_GEN-APND,ALL_APNODES,0,0.00986,4,7
2023-06-20T22:20:00-00:00,2023-06-20T22:25:00-00:00,2023-06-20,16,TH_NP15_GEN-APND,TH_NP15_GEN-APND,TH_NP15_GEN-APND,RTM,MCE,LMP_ENE_PRC,TH_NP15_GEN-APND,ALL_APNODES,0,3.19371,5,7
2023-06-20T22:25:00-00:00,2023-06-20T22:30:00-00:00,2023-06-20,16,TH_NP15_GEN-APND,TH_NP15_GEN-APND,TH_NP15_GEN-APND,RTM,MCE,LMP_ENE_PRC,TH_NP15_GEN-APND,ALL_APNODES,0,5.17453,6,7
2023-06-20T22:30:00-00:00,2023-06-20T22:35:00-00:00,2023-06-20,16,TH_NP15_GEN-APND,TH_NP15_GEN-APND,TH_NP15_GEN-APND,RTM,MCE,LMP_ENE_PRC,TH_NP15_GEN-APND,ALL_APNODES,0,1.03267,7,7
2023-06-20T22:35:00-00:00,2023-06-20T22:40:00-00:00,2023-06-20,16,TH_NP15_GEN-APND,TH_NP15_GEN-APND,TH_NP15_GEN-APND,RTM,MCE,LMP_ENE_PRC,TH_NP15_GEN-APND,ALL_APNODES,0,0.01037,8,7
2023-06-20T22:40:00-00:00,2023-06-20T22:45:00-00:00,2023-06-20,16,TH_NP15_GEN-APND,TH_NP15_GEN-APND,TH_NP15_GEN-APND,RTM,MCE,LMP_ENE_PRC,TH_NP15_GEN-APND,ALL_APNODES,0,1.0251,9,7
2023-06-20T22:45:00-00:00,2023-06-20T22:50:00-00:00,2023-06-20,16,TH_NP15_GEN-APND,TH_NP15_GEN-APND,TH_NP15_GEN-APND,RTM,MCE,LMP_ENE_PRC,TH_NP15_GEN-APND,ALL_APNODES,0,3.388,10,7
2023-06-20T22:50:00-00:00,2023-06-20T22:55:00-00:00,2023-06-20,16,TH_NP15_GEN-APND,TH_NP15_GEN-APND,TH_NP15_GEN-APND,RTM,MCE,LMP_ENE_PRC,TH_NP15_GEN-APND,ALL_APNODES,0,2.03822,11,7
2023-06-20T22:55:00-00:00,2023-06-20T23:00:00-00:00,2023-06-20,16,TH_NP15_GEN-APND,TH_NP15_GEN-APND,TH_NP15_GEN-APND,RTM,MCE,LMP_ENE_PRC,TH_NP15_GEN-APND,ALL_APNODES,0,0.89547,12,7
2023-06-20T23:00:00-00:00,2023-06-20T23:05:00-00:00,2023-06-20,17,TH_NP15_GEN-APND,TH_NP15_GEN-APND,TH_NP15_GEN-APND,RTM,MCE,LMP_ENE_PRC,TH_NP15_GEN-APND,ALL_APNODES,0,0.0197,1,7
2023-06-20T23:05:00-00:00,2023-06-20T23:10:00-00:00,2023-06-20,17,TH_NP15_GEN-APND,TH_NP15_GEN-APND,TH_NP15_GEN-APND,RTM,MCE,LMP_ENE_PRC,TH_NP15_GEN-APND,ALL_APNODES,0,0.0,2,7
2023-06-20T23:10:00-00:00,2023-06-20T23:15:00-00:00,2023-06-20,17,TH_NP15_GEN-APND,TH_NP15_GEN-APND,TH_NP15_GEN-APND,RTM,MCE,LMP_ENE_PRC,TH_NP15_GEN-APND,ALL_APNODES,0,-0.0012,3,7
2023-06-20T23:15:00-00:00,2023-06-20T23:20:00-00:00,2023-06-20,17,TH_NP15_GEN-APND,TH_NP15_GEN-APND,TH_NP15_GEN-APND,RTM,MCE,LMP_ENE_PRC,TH_NP15_GEN-APND,ALL_APNODES,0,0.0,4,7
2023-06-20T23:20:00-00:00,2023-06-20T23:25:00-00:00,2023-06-20,17,TH_NP15_GEN-APND,TH_NP15_GEN-APND,TH_NP15_GEN-APND,RTM,MCE,LMP_ENE_PRC,TH_NP15_GEN-APND,ALL_APNODES,0,-0.0012,5,7
2023-06-20T23:25:00-00:00,2023-06-20T23:30:00-00:00,2023-06-20,17,TH_NP15_GEN-APND,TH_NP15_GEN-APND,TH_NP15_GEN-APND,RTM,MCE,LMP_ENE_PRC,TH_NP15_GEN-APND,ALL_APNODES,0,0.00904,6,7
2023-06-20T23:30:00-00:00,2023-06-20T23:35:00-00:00,2023-06-20,17,TH_NP15_GEN-APND,TH_NP15_GEN-APND,TH_NP15_GEN-APND,RTM,MCE,LMP_ENE_PRC,TH_NP15_GEN-APND,ALL_APNODES,0,7.10392,7,7
2023-06-20T23:35:00-00:00,2023-06-20T23:40:00-00:00,2023-06-20,17,TH_NP15_GEN-APND,TH_NP15_GEN-APND,TH_NP15_GEN-APND,RTM,MCE,LMP_ENE_PRC,TH_NP15_GEN-APND,ALL_APNODES,0,6.66626,8,7
2023-06-20T23:40:00-00:00,2023-06-20T23:45:00-00:00,2023-06-20,17,TH_NP15_GEN-APND,TH_NP15_GEN-APND,TH_NP15_GEN-APND,RTM,MCE,LMP_ENE_PRC,TH_NP15_GEN-APND,ALL_APNODES,0,8.22827,9,7
2023-06-20T23:45:00-00:00,2023-06-20T23:50:00-00:00,2023-06-20,17,TH_NP15_GEN-APND,TH_NP15_GEN-APND,TH_NP15_GEN-APND,RTM,MCE,LMP_ENE_PRC,TH_NP15_GEN-APND,ALL_APNODES,0,11.28404,10,7
2023-06-20T23:50:00-00:00,2023-06-20T23:55:00-00:00,2023-06-20,17,TH_NP15_GEN-APND,TH_NP15_GEN-APND,TH_NP15_GEN-APND,RTM,MCE,LMP_ENE_PRC,TH_NP15_GEN-APND,ALL_APNODES,0,11.10235,11,7
2023-06-20T23:55:00-00:00,2023-06-21T00:00:00-00:00,2023-06-20,17,TH_NP15_GEN-APND,TH_NP15_GEN-APND,TH_NP15_GEN-APND,RTM,MCE,LMP_ENE_PRC,TH_NP15_GEN-APND,ALL_APNODES,0,13.04022,12,7
2023-06-21T00:00:00-00:00,2023-06-21T00:05:00-00:00,2023-06-20,18,TH_NP15_GEN-APND,TH_NP15_GEN-APND,TH_NP15_GEN-APND,RTM,MCE,LMP_ENE_PRC,TH_NP15_GEN-APND,ALL_APNODES,0,10.92403,1,7
2023-06-21T00:05:00-00:00,2023-06-21T00:10:00-00:00,2023-06-20,18,TH_NP15_GEN-APND,TH_NP15_GEN-APND,TH_NP15_GEN-APND,RTM,MCE,LMP_ENE_PRC,TH_NP15_GEN-APND,ALL_APNODES,0,10.15481,2,7
2023-06-21T00:10:00-00:00,2023-06-21T00:15:00-00:00,2023-06-20,18,TH_NP15_GEN-APND,TH_NP15_GEN-APND,TH_NP15_GEN-APND,RTM,MCE,LMP_ENE_PRC,TH_NP15_GEN-APND,ALL_APNODES,0,7.14829,3,7
2023-06-21T00:15:00-00:00,2023-06-21T00:20:00-00:00,2023-06-20,18,TH_NP15_GEN-APND,TH_NP15_GEN-APND,TH_NP15_GEN-APND,RTM,MCE,LMP_ENE_PRC,TH_NP15_GEN-APND,ALL_APNODES,0,12.87523,4,7
2023-06-21T00:20:00-00:00,2023-06-21T00:25:00-00:00,2023-06-20,18,TH_NP15_GEN-APND,TH_NP15_GEN-APND,TH_NP15_GEN-APND,RTM,MCE,LMP_ENE_PRC,TH_NP15_GEN-APND,ALL_APNODES,0,13.3114,5,7
2023-06-21T00:25:00-00:00,2023-06-21T00:30:00-00:00,2023-06-20,18,TH_NP15_GEN-APND,TH_NP15_GEN-APND,TH_NP15_GEN-APND,RTM,MCE,LMP_ENE_PRC,TH_NP15_GEN-APND,ALL_APNODES,0,13.08018,6,7
2023-06-21T00:30:00-00:00,2023-06-21T00:35:00-00:00,2023-06-20,18,TH_NP15_GEN-APND,TH_NP15_GEN-APND,TH_NP15_GEN-APND,RTM,MCE,LMP_ENE_PRC,TH_NP15_GEN-APND,ALL_APNODES,0,15.4088,7,7
2023-06-21T00:35:00-00:00,2023-06-21T00:40:00-00:00,2023-06-20,18,TH_NP15_GEN-APND,TH_NP15_GEN-APND,TH_NP15_GEN-APND,RTM,MCE,LMP_ENE_PRC,TH_NP15_GEN-APND,ALL_APNODES,0,15.34642,8,7
2023-06-21T00:40:00-00:00,2023-06-21T00:45:00-00:00,2023-06-20,18,TH_NP15_GEN-APND,TH_NP15_GEN-APND,TH_NP15_GEN-APND,RTM,MCE,LMP_ENE_PRC,TH_NP15_GEN-APND,ALL_APNODES,0,14.89611,9,7
2023-06-21T00:45:00-00:00,2023-06-21T00:50:00-00:00,2023-06-20,18,TH_NP15_GEN-APND,TH_NP15_GEN-APND,TH_NP15_GEN-APND,RTM,MCE,LMP_ENE_PRC,TH_NP15_GEN-APND,ALL_APNODES,0,16.43374,10,7
2023-06-21T00:50:00-00:00,2023-06-21T00:55:00-00:00,2023-06-20,18,TH_NP15_GEN-APND,TH_NP15_GEN-APND,TH_NP15_GEN-APND,RTM,MCE,LMP_ENE_PRC,TH_NP15_GEN-APND,ALL_APNODES,0,17.3117,11,7
2023-06-21T00:55:00-00:00,2023-06-21T01:00:00-00:00,2023-06-20,18,TH_NP15_GEN-APND,TH_NP15_GEN-APND,TH_NP15_GEN-APND,RTM,MCE,LMP_ENE_PRC,TH_NP15_GEN-APND,ALL_APNODES,0,16.94142,12,7
2023-06-21T01:00:00-00:00,2023-06-21T01:05:00-00:00,2023-06-20,19,TH_NP15_GEN-APND,TH_NP15_GEN-APND,TH_NP15_GEN-APND,RTM,MCE,LMP_ENE_PRC,TH_NP15_GEN-APND,ALL_APNODES,0,12.6188,1,7
2023-06-21T01:05:00-00:00,2023-06-21T01:10:00-00:00,2023-06-20,19,TH_NP15_GEN-APND,TH_NP15_GEN-APND,TH_NP15_GEN-APND,RTM,MCE,LMP_ENE_PRC,TH_NP15_GEN-APND,ALL_APNODES,0,11.9988,2,7
2023-06-21T01:10:00-00:00,2023-06-21T01:15:00-00:00,2023-06-20,19,TH_NP15_GEN-APND,TH_NP15_GEN-APND,TH_NP15_GEN-APND,RTM,MCE,LMP_ENE_PRC,TH_NP15_GEN-APND,ALL_APNODES,0,9.9864,3,7
2023-06-21T01:15:00-00:00,2023-06-21T01:20:00-00:00,2023-06-20,19,TH_NP15_GEN-APND,TH_NP15_GEN-APND,TH_NP15_GEN-APND,RTM,MCE,LMP_ENE_PRC,TH_NP15_GEN-APND,ALL_APNODES,0,15.5052,4,7
2023-06-21T01:20:00-00:00,2023-06-21T01:25:00-00:00,2023-06-20,19,TH_NP15_GEN-APND,TH_NP15_GEN-APND,TH_NP15_GEN-APND,RTM,MCE,LMP_ENE_PRC,TH_NP15_GEN-APND,ALL_APNODES,0,16.2788,5,7
2023-06-21T01:25:00-00:00,2023-06-21T01:30:00-00:00,2023-06-20,19,TH_NP15_GEN-APND,TH_NP15_GEN-APND,TH_NP15_GEN-APND,RTM,MCE,LMP_ENE_PRC,TH_NP15_GEN-APND,ALL_APNODES,0,19.54,6,7
2023-06-21T01:30:00-00:00,2023-06-21T01:35:00-00:00,2023-06-20,19,TH_NP15_GEN-APND,TH_NP15_GEN-APND,TH_NP15_GEN-APND,RTM,MCE,LMP_ENE_PRC,TH_NP15_GEN-APND,ALL_APNODES,0,20.95557,7,7
2023-06-21T01:35:00-00:00,2023-06-21T01:40:00-00:00,2023-06-20,19,TH_NP15_GEN-APND,TH_NP15_GEN-APND,TH_NP15_GEN-APND,RTM,MCE,LMP_ENE_PRC,TH_NP15_GEN-APND,ALL_APNODES,0,23.83507,8,7
2023-06-21T01:40:00-00:00,2023-06-21T01:45:00-00:00,2023-06-20,19,TH_NP15_GEN-APND,TH_NP15_GEN-APND,TH_NP15_GEN-APND,RTM,MCE,LMP_ENE_PRC,TH_NP15_GEN-APND,ALL_APNODES,0,29.82885,9,7
2023-06-21T01:45:00-00:00,2023-06-21T01:50:00-00:00,2023-06-20,19,TH_NP15_GEN-APND,TH_NP15_GEN-APND,TH_NP15_GEN-APND,RTM,MCE,LMP_ENE_PRC,TH_NP15_GEN-APND,ALL_APNODES,0,36.9988,10,7
2023-06-21T01:50:00-00:00,2023-06-21T01:55:00-00:00,2023-06-20,19,TH_NP15_GEN-APND,TH_NP15_GEN-APND,TH_NP15_GEN-APND,RTM,MCE,LMP_ENE_PRC,TH_NP15_GEN-APND,ALL_APNODES,0,39.95339,11,7
2023-06-21T01:55:00-00:00,2023-06-21T02:00:00-00:00,2023-06-20,19,TH_NP15_GEN-APND,TH_NP15_GEN-APND,TH_NP15_GEN-APND,RTM,MCE,LMP_ENE_PRC,TH_NP15_GEN-APND,ALL_APNODES,0,40.14,12,7
2023-06-21T02:00:00-00:00,2023-06-21T02:05:00-00:00,2023-06-20,20,TH_NP15_GEN-APND,TH_NP15_GEN-APND,TH_NP15_GEN-APND,RTM,MCE,LMP_ENE_PRC,TH_NP15_GEN-APND,ALL_APNODES,0,32.59384,1,7
2023-06-21T02:05:00-00:00,2023-06-21T02:10:00-00:00,2023-06-20,20,TH_NP15_GEN-APND,TH_NP15_GEN-APND,TH_NP15_GEN-APND,RTM,MCE,LMP_ENE_PRC,TH_NP15_GEN-APND,ALL_APNODES,0,37.42775,2,7
2023-06-21T02:10:00-00:00,2023-06-21T02:15:00-00:00,2023-06-20,20,TH_NP15_GEN-APND,TH_NP15_GEN-APND,TH_NP15_GEN-APND,RTM,MCE,LMP_ENE_PRC,TH_NP15_GEN-APND,ALL_APNODES,0,38.90352,3,7
2023-06-21T02:15:00-00:00,2023-06-21T02:20:00-00:00,2023-06-20,20,TH_NP15_GEN-APND,TH_NP15_GEN-APND,TH_NP15_GEN-APND,RTM,MCE,LMP_ENE_PRC,TH_NP15_GEN-APND,ALL_APNODES,0,45.16465,4,7
2023-06-21T02:20:00-00:00,2023-06-21T02:25:00-00:00,2023-06-20,20,TH_NP15_GEN-APND,TH_NP15_GEN-APND,TH_NP15_GEN-APND,RTM,MCE,LMP_ENE_PRC,TH_NP15_GEN-APND,ALL_APNODES,0,52.81504,5,7
2023-06-21T02:25:00-00:00,2023-06-21T02:30:00-00:00,2023-06-20,20,TH_NP15_GEN-APND,TH_NP15_GEN-APND,TH_NP15_GEN-APND,RTM,MCE,LMP_ENE_PRC,TH_NP15_GEN-APND,ALL_APNODES,0,63.27938,6,7
2023-06-21T02:30:00-00:00,2023-06-21T02:35:00-00:00,2023-06-20,20,TH_NP15_GEN-APND,TH_NP15_GEN-APND,TH_NP15_GEN-APND,RTM,MCE,LMP_ENE_PRC,TH_NP15_GEN-APND,ALL_APNODES,0,69.63162,7,7
2023-06-21T02:35:00-00:00,2023-06-21T02:40:00-00:00,2023-06-20,20,TH_NP15_GEN-APND,TH_NP15_GEN-APND,TH_NP15_GEN-APND,RTM,MCE,LMP_ENE_PRC,TH_NP15_GEN-APND,ALL_APNODES,0,87.04047,8,7
2023-06-21T02:40:00-00:00,2023-06-21T02:45:00-00:00,2023-06-20,20,TH_NP15_GEN-APND,TH_NP15_GEN-APND,TH_NP15_GEN-APND,RTM,MCE,LMP_ENE_PRC,TH_NP15_GEN-APND,ALL_APNODES,0,76.25158,9,7
2023-06-21T02:45:00-00:00,2023-06-21T02:50:00-00:00,2023-06-20,20,TH_NP15_GEN-APND,TH_NP15_GEN-APND,TH_NP15_GEN-APND,RTM,MCE,LMP_ENE_PRC,TH_NP15_GEN-APND,ALL_APNODES,0,66.01201,10,7
2023-06-21T02:50:00-00:00,2023-06-21T02:55:00-00:00,2023-06-20,20,TH_NP15_GEN-APND,TH_NP15_GEN-APND,TH_NP15_GEN-APND,RTM,MCE,LMP_ENE_PRC,TH_NP15_GEN-APND,ALL_APNODES,0,62.68778,11,7
2023-06-21T02:55:00-00:00,2023-06-21T03:00:00-00:00,2023-06-20,20,TH_NP15_GEN-APND,TH_NP15_GEN-APND,TH_NP15_GEN-APND,RTM,MCE,LMP_ENE_PRC,TH_NP15_GEN-APND,ALL_APNODES,0,71.10657,12,7
2023-06-21T03:00:00-00:00,2023-06-21T03:05:00-00:00,2023-06-20,21,TH_NP15_GEN-APND,TH_NP15_GEN-APND,TH_NP15_GEN-APND,RTM,MCE,LMP_ENE_PRC,TH_NP15_GEN-APND,ALL_APNODES,0,61.8319,1,7
2023-06-21T03:05:00-00:00,2023-06-21T03:10:00-00:00,2023-06-20,21,TH_NP15_GEN-APND,TH_NP15_GEN-APND,TH_NP15_GEN-APND,RTM,MCE,LMP_ENE_PRC,TH_NP15_GEN-APND,ALL_APNODES,0,57.45565,2,7
2023-06-21T03:10:00-00:00,2023-06-21T03:15:00-00:00,2023-06-20,21,TH_NP15_GEN-APND,TH_NP15_GEN-APND,TH_NP15_GEN-APND,RTM,MCE,LMP_ENE_PRC,TH_NP15_GEN-APND,ALL_APNODES,0,51.20261,3,7
2023-06-21T03:15:00-00:00,2023-06-21T03:20:00-00:00,2023-06-20,21,TH_NP15_GEN-APND,TH_NP15_GEN-APND,TH_NP15_GEN-APND,RTM,MCE,LMP_ENE_PRC,TH_NP15_GEN-APND,ALL_APNODES,0,55.5724,4,7
2023-06-21T03:20:00-00:00,2023-06-21T03:25:00-00:00,2023-06-20,21,TH_NP15_GEN-APND,TH_NP15_GEN-APND,TH_NP15_GEN-APND,RTM,MCE,LMP_ENE_PRC,TH_NP15_GEN-APND,ALL_APNODES,0,55.5712,5,7
2023-06-21T03:25:00-00:00,2023-06-21T03:30:00-00:00,2023-06-20,21,TH_NP15_GEN-APND,TH_NP15_GEN-APND,TH_NP15_GEN-APND,RTM,MCE,LMP_ENE_PRC,TH_NP15_GEN-APND,ALL_APNODES,0,55.5724,6,7
2023-06-21T03:30:00-00:00,2023-06-21T03:35:00-00:00,2023-06-20,21,TH_NP15_GEN-APND,TH_NP15_GEN-APND,TH_NP15_GEN-APND,RTM,MCE,LMP_ENE_PRC,TH_NP15_GEN-APND,ALL_APNODES,0,56.0,7,7
2023-06-21T03:35:00-00:00,2023-06-21T03:40:00-00:00,2023-06-20,21,TH_NP15_GEN-APND,TH_NP15_GEN-APND,TH_NP15_GEN-APND,RTM,MCE,LMP_ENE_PRC,TH_NP15_GEN-APND,ALL_APNODES,0,58.42577,8,7
2023-06-21T03:40:00-00:00,2023-06-21T03:45:00-00:00,2023-06-20,21,TH_NP15_GEN-APND,TH_NP15_GEN-APND,TH_NP15_GEN-APND,RTM,MCE,LMP_ENE_PRC,TH_NP15_GEN-APND,ALL_APNODES,0,55.5724,9,7
2023-06-21T03:45:00-00:00,2023-06-21T03:50:00-00:00,2023-06-20,21,TH_NP15_GEN-APND,TH_NP15_GEN-APND,TH_NP15_GEN-APND,RTM,MCE,LMP_ENE_PRC,TH_NP15_GEN-APND,ALL_APNODES,0,53.36228,10,7
2023-06-21T03:50:00-00:00,2023-06-21T03:55:00-00:00,2023-06-20,21,TH_NP15_GEN-APND,TH_NP15_GEN-APND,TH_NP15_GEN-APND,RTM,MCE,LMP_ENE_PRC,TH_NP15_GEN-APND,ALL_APNODES,0,58.39164,11,7
2023-06-21T03:55:00-00:00,2023-06-21T04:00:00-00:00,2023-06-20,21,TH_NP15_GEN-APND,TH_NP15_GEN-APND,TH_NP15_GEN-APND,RTM,MCE,LMP_ENE_PRC,TH_NP15_GEN-APND,ALL_APNODES,0,57.64293,12,7
2023-06-21T04:00:00-00:00,2023-06-21T04:05:00-00:00,2023-06-20,22,TH_NP15_GEN-APND,TH_NP15_GEN-APND,TH_NP15_GEN-APND,RTM,MCE,LMP_ENE_PRC,TH_NP15_GEN-APND,ALL_APNODES,0,62.88567,1,7
2023-06-21T04:05:00-00:00,2023-06-21T04:10:00-00:00,2023-06-20,22,TH_NP15_GEN-APND,TH_NP15_GEN-APND,TH_NP15_GEN-APND,RTM,MCE,LMP_ENE_PRC,TH_NP15_GEN-APND,ALL_APNODES,0,62.88927,2,7
2023-06-21T04:10:00-00:00,2023-06-21T04:15:00-00:00,2023-06-20,22,TH_NP15_GEN-APND,TH_NP15_GEN-APND,TH_NP15_GEN-APND,RTM,MCE,LMP_ENE_PRC,TH_NP15_GEN-APND,ALL_APNODES,0,57.98138,3,7
2023-06-21T04:15:00-00:00,2023-06-21T04:20:00-00:00,2023-06-20,22,TH_NP15_GEN-APND,TH_NP15_GEN-APND,TH_NP15_GEN-APND,RTM,MCE,LMP_ENE_PRC,TH_NP15_GEN-APND,ALL_APNODES,0,54.58696,4,7
2023-06-21T04:20:00-00:00,2023-06-21T04:25:00-00:00,2023-06-20,22,TH_NP15_GEN-APND,TH_NP15_GEN-APND,TH_NP15_GEN-APND,RTM,MCE,LMP_ENE_PRC,TH_NP15_GEN-APND,ALL_APNODES,0,57.16505,5,7
2023-06-21T04:25:00-00:00,2023-06-21T04:30:00-00:00,2023-06-20,22,TH_NP15_GEN-APND,TH_NP15_GEN-APND,TH_NP15_GEN-APND,RTM,MCE,LMP_ENE_PRC,TH_NP15_GEN-APND,ALL_APNODES,0,53.77811,6,7
2023-06-21T04:30:00-00:00,2023-06-21T04:35:00-00:00,2023-06-20,22,TH_NP15_GEN-APND,TH_NP15_GEN-APND,TH_NP15_GEN-APND,RTM,MCE,LMP_ENE_PRC,TH_NP15_GEN-APND,ALL_APNODES,0,54.70463,7,7
2023-06-21T04:35:00-00:00,2023-06-21T04:40:00-00:00,2023-06-20,22,TH_NP15_GEN-APND,TH_NP15_GEN-APND,TH_NP15_GEN-APND,RTM,MCE,LMP_ENE_PRC,TH_NP15_GEN-APND,ALL_APNODES,0,52.93331,8,7
2023-06-21T04:40:00-00:00,2023-06-21T04:45:00-00:00,2023-06-20,22,TH_NP15_GEN-APND,TH_NP15_GEN-APND,TH_NP15_GEN-APND,RTM,MCE,LMP_ENE_PRC,TH_NP15_GEN-APND,ALL_APNODES,0,41.16095,9,7
2023-06-21T04:45:00-00:00,2023-06-21T04:50:00-00:00,2023-06-20,22,TH_NP15_GEN-APND,TH_NP15_GEN-APND,TH_NP15_GEN-APND,RTM,MCE,LMP_ENE_PRC,TH_NP15_GEN-APND,ALL_APNODES,0,38.28824,10,7
2023-06-21T04:50:00-00:00,2023-06-21T04:55:00-00:00,2023-06-20,22,TH_NP15_GEN-APND,TH_NP15_GEN-APND,TH_NP15_GEN-APND,RTM,MCE,LMP_ENE_PRC,TH_NP15_GEN-APND,ALL_APNODES,0,39.59296,11,7
2023-06-21T04:55:00-00:00,2023-06-21T05:00:00-00:00,2023-06-20,22,TH_NP15_GEN-APND,TH_NP15_GEN-APND,TH_NP15_GEN-APND,RTM,MCE,LMP_ENE_PRC,TH_NP15_GEN-APND,ALL_APNODES,0,39.86707,12,7
2023-06-21T05:00:00-00:00,2023-06-21T05:05:00-00:00,2023-06-20,23,TH_NP15_GEN-APND,TH_NP15_GEN-APND,TH_NP15_GEN-APND,RTM,MCE,LMP_ENE_PRC,TH_NP15_GEN-APND,ALL_APNODES,0,39.86707,1,7
2023-06-21T05:05:00-00:00,2023-06-21T05:10:00-00:00,2023-06-20,23,TH_NP15_GEN-APND,TH_NP15_GEN-APND,TH_NP15_GEN-APND,RTM,MCE,LMP_ENE_PRC,TH_NP15_GEN-APND,ALL_APNODES,0,53.03796,2,7
2023-06-21T05:10:00-00:00,2023-06-21T05:15:00-00:00,2023-06-20,23,TH_NP15_GEN-APND,TH_NP15_GEN-APND,TH_NP15_GEN-APND,RTM,MCE,LMP_ENE_PRC,TH_NP15_GEN-APND,ALL_APNODES,0,49.48454,3,7
2023-06-21T05:15:00-00:00,2023-06-21T05:20:00-00:00,2023-06-20,23,TH_NP15_GEN-APND,TH_NP15_GEN-APND,TH_NP15_GEN-APND,RTM,MCE,LMP_ENE_PRC,TH_NP15_GEN-APND,ALL_APNODES,0,43.34466,4,7
2023-06-21T05:20:00-00:00,2023-06-21T05:25:00-00:00,2023-06-20,23,TH_NP15_GEN-APND,TH_NP15_GEN-APND,TH_NP15_GEN-APND,RTM,MCE,LMP_ENE_PRC,TH_NP15_GEN-APND,ALL_APNODES,0,46.66365,5,7
2023-06-21T05:25:00-00:00,2023-06-21T05:30:00-00:00,2023-06-20,23,TH_NP15_GEN-APND,TH_NP15_GEN-APND,TH_NP15_GEN-APND,RTM,MCE,LMP_ENE_PRC,TH_NP15_GEN-APND,ALL_APNODES,0,44.26494,6,7
2023-06-21T05:30:00-00:00,2023-06-21T05:35:00-00:00,2023-06-20,23,TH_NP15_GEN-APND,TH_NP15_GEN-APND,TH_NP15_GEN-APND,RTM,MCE,LMP_ENE_PRC,TH_NP15_GEN-APND,ALL_APNODES,0,43.77736,7,7
2023-06-21T05:35:00-00:00,2023-06-21T05:40:00-00:00,2023-06-20,23,TH_NP15_GEN-APND,TH_NP15_GEN-APND,TH_NP15_GEN-APND,RTM,MCE,LMP_ENE_PRC,TH_NP15_GEN-APND,ALL_APNODES,0,38.1414,8,7
2023-06-21T05:40:00-00:00,2023-06-21T05:45:00-00:00,2023-06-20,23,TH_NP15_GEN-APND,TH_NP15_GEN-APND,TH_NP15_GEN-APND,RTM,MCE,LMP_ENE_PRC,TH_NP15_GEN-APND,ALL_APNODES,0,38.10246,9,7
2023-06-21T05:45:00-00:00,2023-06-21T05:50:00-00:00,2023-06-20,23,TH_NP15_GEN-APND,TH_NP15_GEN-APND,TH_NP15_GEN-APND,RTM,MCE,LMP_ENE_PRC,TH_NP15_GEN-APND,ALL_APNODES,0,37.6762,10,7
2023-06-21T05:50:00-00:00,2023-06-21T05:55:00-00:00,2023-06-20,23,TH_NP15_GEN-APND,TH_NP15_GEN-APND,TH_NP15_GEN-APND,RTM,MCE,LMP_ENE_PRC,TH_NP15_GEN-APND,ALL_APNODES,0,36.35848,11,7
2023-06-21T05:55:00-00:00,2023-06-21T06:00:00-00:00,2023-06-20,23,TH_NP15_GEN-APND,TH_NP15_GEN-APND,TH_NP15_GEN-APND,RTM,MCE,LMP_ENE_PRC,TH_NP15_GEN-APND,ALL_APNODES,0,36.10083,12,7
2023-06-21T06:00:00-00:00,2023-06-21T06:05:00-00:00,2023-06-20,24,TH_NP15_GEN-APND,TH_NP15_GEN-APND,TH_NP15_GEN-APND,RTM,MCE,LMP_ENE_PRC,TH_NP15_GEN-APND,ALL_APNODES,0,38.54307,1,7
2023-06-21T06:05:00-00:00,2023-06-21T06:10:00-00:00,2023-06-20,24,TH_NP15_GEN-APND,TH_NP15_GEN-APND,TH_NP15_GEN-APND,RTM,MCE,LMP_ENE_PRC,TH_NP15_GEN-APND,ALL_APNODES,0,37.3793,2,7
2023-06-21T06:10:00-00:00,2023-06-21T06:15:00-00:00,2023-06-20,24,TH_NP15_GEN-APND,TH_NP15_GEN-APND,TH_NP15_GEN-APND,RTM,MCE,LMP_ENE_PRC,TH_NP15_GEN-APND,ALL_APNODES,0,35.34577,3,7
2023-06-21T06:15:00-00:00,2023-06-21T06:20:00-00:00,2023-06-20,24,TH_NP15_GEN-APND,TH_NP15_GEN-APND,TH_NP15_GEN-APND,RTM,MCE,LMP_ENE_PRC,TH_NP15_GEN-APND,ALL_APNODES,0,35.10395,4,7
2023-06-21T06:20:00-00:00,2023-06-21T06:25:00-00:00,2023-06-20,24,TH_NP15_GEN-APND,TH_NP15_GEN-APND,TH_NP15_GEN-APND,RTM,MCE,LMP_ENE_PRC,TH_NP15_GEN-APND,ALL_APNODES,0,35.84168,5,7
2023-06-21T06:25:00-00:00,2023-06-21T06:30:00-00:00,2023-06-20,24,TH_NP15_GEN-APND,TH_NP15_GEN-APND,TH_NP15_GEN-APND,RTM,MCE,LMP_ENE_PRC,TH_NP15_GEN-APND,ALL_APNODES,0,35.35283,6,7
2023-06-21T06:30:00-00:00,2023-06-21T06:35:00-00:00,2023-06-20,24,TH_NP15_GEN-APND,TH_NP15_GEN-APND,TH_NP15_GEN-APND,RTM,MCE,LMP_ENE_PRC,TH_NP15_GEN-APND,ALL_APNODES,0,34.54764,7,7
2023-06-21T06:35:00-00:00,2023-06-21T06:40:00-00:00,2023-06-20,24,TH_NP15_GEN-APND,TH_NP15_GEN-APND,TH_NP15_GEN-APND,RTM,MCE,LMP_ENE_PRC,TH_NP15_GEN-APND,ALL_APNODES,0,34.41052,8,7
2023-06-21T06:40:00-00:00,2023-06-21T06:45:00-00:00,2023-06-20,24,TH_NP15_GEN-APND,TH_NP15_GEN-APND,TH_NP15_GEN-APND,RTM,MCE,LMP_ENE_PRC,TH_NP15_GEN-APND,ALL_APNODES,0,31.95364,9,7
2023-06-21T06:45:00-00:00,2023-06-21T06:50:00-00:00,2023-06-20,24,TH_NP15_GEN-APND,TH_NP15_GEN-APND,TH_NP15_GEN-APND,RTM,MCE,LMP_ENE_PRC,TH_NP15_GEN-APND,ALL_APNODES,0,31.8019,10,7
2023-06-21T06:50:00-00:00,2023-06-21T06:55:00-00:00,2023-06-20,24,TH_NP15_GEN-APND,TH_NP15_GEN-APND,TH_NP15_GEN-APND,RTM,MCE,LMP_ENE_PRC,TH_NP15_GEN-APND,ALL_APNODES,0,31.8019,11,7
2023-06-21T06:55:00-00:00,2023-06-21T07:00:00-00:00,2023-06-20,24,TH_NP15_GEN-APND,TH_NP15_GEN-APND,TH_NP15_GEN-APND,RTM,MCE,LMP_ENE_PRC,TH_NP15_GEN-APND,ALL_APNODES,0,30.53741,12,7
2023-06-20T07:00:00-00:00,2023-06-20T07:05:00-00:00,2023-06-20,1,TH_NP15_GEN-APND,TH_NP15_GEN-APND,TH_NP15_GEN-APND,RTM,MGHG,LMP_GHG_PRC,TH_NP15_GEN-APND,ALL_APNODES,0,0.0,1,8
2023-06-20T07:05:00-00:00,2023-06-20T07:10:00-00:00,2023-06-20,1,TH_NP15_GEN-APND,TH_NP15_GEN-APND,TH_NP15_GEN-APND,RTM,MGHG,LMP_GHG_PRC,TH_NP15_GEN-APND,ALL_APNODES,0,0.0,2,8
2023-06-20T07:10:00-00:00,2023-06-20T07:15:00-00:00,2023-06-20,1,TH_NP15_GEN-APND,TH_NP15_GEN-APND,TH_NP15_GEN-APND,RTM,MGHG,LMP_GHG_PRC,TH_NP15_GEN-APND,ALL_APNODES,0,0.0,3,8
2023-06-20T07:15:00-00:00,2023-06-20T07:20:00-00:00,2023-06-20,1,TH_NP15_GEN-APND,TH_NP15_GEN-APND,TH_NP15_GEN-APND,RTM,MGHG,LMP_GHG_PRC,TH_NP15_GEN-APND,ALL_APNODES,0,0.0,4,8
2023-06-20T07:20:00-00:00,2023-06-20T07:25:00-00:00,2023-06-20,1,TH_NP15_GEN-APND,TH_NP15_GEN-APND,TH_NP15_GEN-APND,RTM,MGHG,LMP_GHG_PRC,TH_NP15_GEN-APND,ALL_APNODES,0,0.0,5,8
2023-06-20T07:25:00-00:00,2023-06-20T07:30:00-00:00,2023-06-20,1,TH_NP15_GEN-APND,TH_NP15_GEN-APND,TH_NP15_GEN-APND,RTM,MGHG,LMP_GHG_PRC,TH_NP15_GEN-APND,ALL_APNODES,0,0.0,6,8
2023-06-20T07:30:00-00:00,2023-06-20T07:35:00-00:00,2023-06-20,1,TH_NP15_GEN-APND,TH_NP15_GEN-APND,TH_NP15_GEN-APND,RTM,MGHG,LMP_GHG_PRC,TH_NP15_GEN-APND,ALL_APNODES,0,0.0,7,8
2023-06-20T07:35:00-00:00,2023-06-20T07:40:00-00:00,2023-06-20,1,TH_NP15_GEN-APND,TH_NP15_GEN-APND,TH_NP15_GEN-APND,RTM,MGHG,LMP_GHG_PRC,TH_NP15_GEN-APND,ALL_APNODES,0,0.0,8,8
2023-06-20T07:40:00-00:00,2023-06-20T07:45:00-00:00,2023-06-20,1,TH_NP15_GEN-APND,TH_NP15_GEN-APND,TH_NP15_GEN-APND,RTM,MGHG,LMP_GHG_PRC,TH_NP15_GEN-APND,ALL_APNODES,0,0.0,9,8
2023-06-20T07:45:00-00:00,2023-06-20T07:50:00-00:00,2023-06-20,1,TH_NP15_GEN-APND,TH_NP15_GEN-APND,TH_NP15_GEN-APND,RTM,MGHG,LMP_GHG_PRC,TH_NP15_GEN-APND,ALL_APNODES,0,0.0,10,8
2023-06-20T07:50:00-00:00,2023-06-20T07:55:00-00:00,2023-06-20,1,TH_NP15_GEN-APND,TH_NP15_GEN-APND,TH_NP15_GEN-APND,RTM,MGHG,LMP_GHG_PRC,TH_NP15_GEN-APND,ALL_APNODES,0,0.0,11,8
2023-06-20T07:55:00-00:00,2023-06-20T08:00:00-00:00,2023-06-20,1,TH_NP15_GEN-APND,TH_NP15_GEN-APND,TH_NP15_GEN-APND,RTM,MGHG,LMP_GHG_PRC,TH_NP15_GEN-APND,ALL_APNODES,0,0.0,12,8
2023-06-20T08:00:00-00:00,2023-06-20T08:05:00-00:00,2023-06-20,2,TH_NP15_GEN-APND,TH_NP15_GEN-APND,TH_NP15_GEN-APND,RTM,MGHG,LMP_GHG_PRC,TH_NP15_GEN-APND,ALL_APNODES,0,0.0,1,8
2023-06-20T08:05:00-00:00,2023-06-20T08:10:00-00:00,2023-06-20,2,TH_NP15_GEN-APND,TH_NP15_GEN-APND,TH_NP15_GEN-APND,RTM,MGHG,LMP_GHG_PRC,TH_NP15_GEN-APND,ALL_APNODES,0,0.0,2,8
2023-06-20T08:10:00-00:00,2023-06-20T08:15:00-00:00,2023-06-20,2,TH_NP15_GEN-APND,TH_NP15_GEN-APND,TH_NP15_GEN-APND,RTM,MGHG,LMP_GHG_PRC,TH_NP15_GEN-APND,ALL_APNODES,0,0.0,3,8
2023-06-20T08:15:00-00:00,2023-06-20T08:20:00-00:00,2023-06-20,2,TH_NP15_GEN-APND,TH_NP15_GEN-APND,TH_NP15_GEN-APND,RTM,MGHG,LMP_GHG_PRC,TH_NP15_GEN-APND,ALL_APNODES,0,0.0,4,8
2023-06-20T08:20:00-00:00,2023-06-20T08:25:00-00:00,2023-06-20,2,TH_NP15_GEN-APND,TH_NP15_GEN-APND,TH_NP15_GEN-APND,RTM,MGHG,LMP_GHG_PRC,TH_NP15_GEN-APND,ALL_APNODES,0,0.0,5,8
2023-06-20T08:25:00-00:00,2023-06-20T08:30:00-00:00,2023-06-20,2,TH_NP15_GEN-APND,TH_NP15_GEN-APND,TH_NP15_GEN-APND,RTM,MGHG,LMP_GHG_PRC,TH_NP15_GEN-APND,ALL_APNODES,0,0.0,6,8
2023-06-20T08:30:00-00:00,2023-06-20T08:35:00-00:00,2023-06-20,2,TH_NP15_GEN-APND,TH_NP15_GEN-APND,TH_NP15_GEN-APND,RTM,MGHG,LMP_GHG_PRC,TH_NP15_GEN-APND,ALL_APNODES,0,0.0,7,8
2023-06-20T08:35:00-00:00,2023-06-20T08:40:00-00:00,2023-06-20,2,TH_NP15_GEN-APND,TH_NP15_GEN-APND,TH_NP15_GEN-APND,RTM,MGHG,LMP_GHG_PRC,TH_NP15_GEN-APND,ALL_APNODES,0,0.0,8,8
2023-06-20T08:40:00-00:00,2023-06-20T08:45:00-00:00,2023-06-20,2,TH_NP15_GEN-APND,TH_NP15_GEN-APND,TH_NP15_GEN-APND,RTM,MGHG,LMP_GHG_PRC,TH_NP15_GEN-APND,ALL_APNODES,0,0.0,9,8
2023-06-20T08:45:00-00:00,2023-06-20T08:50:00-00:00,2023-06-20,2,TH_NP15_GEN-APND,TH_NP15_GEN-APND,TH_NP15_GEN-APND,RTM,MGHG,LMP_GHG_PRC,TH_NP15_GEN-APND,ALL_APNODES,0,0.0,10,8
2023-06-20T08:50:00-00:00,2023-06-20T08:55:00-00:00,2023-06-20,2,TH_NP15_GEN-APND,TH_NP15_GEN-APND,TH_NP15_GEN-APND,RTM,MGHG,LMP_GHG_PRC,TH_NP15_GEN-APND,ALL_APNODES,0,0.0,11,8
2023-06-20T08:55:00-00:00,2023-06-20T09:00:00-00:00,2023-06-20,2,TH_NP15_GEN-APND,TH_NP15_GEN-APND,TH_NP15_GEN-APND,RTM,MGHG,LMP_GHG_PRC,TH_NP15_GEN-APND,ALL_APNODES,0,0.0,12,8
2023-06-20T09:00:00-00:00,2023-06-20T09:05:00-00:00,2023-06-20,3,TH_NP15_GEN-APND,TH_NP15_GEN-APND,TH_NP15_GEN-APND,RTM,MGHG,LMP_GHG_PRC,TH_NP15_GEN-APND,ALL_APNODES,0,0.0,1,8
2023-06-20T09:05:00-00:00,2023-06-20T09:10:00-00:00,2023-06-20,3,TH_NP15_GEN-APND,TH_NP15_GEN-APND,TH_NP15_GEN-APND,RTM,MGHG,LMP_GHG_PRC,TH_NP15_GEN-APND,ALL_APNODES,0,0.0,2,8
2023-06-20T09:10:00-00:00,2023-06-20T09:15:00-00:00,2023-06-20,3,TH_NP15_GEN-APND,TH_NP15_GEN-APND,TH_NP15_GEN-APND,RTM,MGHG,LMP_GHG_PRC,TH_NP15_GEN-APND,ALL_APNODES,0,0.0,3,8
2023-06-20T09:15:00-00:00,2023-06-20T09:20:00-00:00,2023-06-20,3,TH_NP15_GEN-APND,TH_NP15_GEN-APND,TH_NP15_GEN-APND,RTM,MGHG,LMP_GHG_PRC,TH_NP15_GEN-APND,ALL_APNODES,0,0.0,4,8
2023-06-20T09:20:00-00:00,2023-06-20T09:25:00-00:00,2023-06-20,3,TH_NP15_GEN-APND,TH_NP15_GEN-APND,TH_NP15_GEN-APND,RTM,MGHG,LMP_GHG_PRC,TH_NP15_GEN-APND,ALL_APNODES,0,0.0,5,8
2023-06-20T09:25:00-00:00,2023-06-20T09:30:00-00:00,2023-06-20,3,TH_NP15_GEN-APND,TH_NP15_GEN-APND,TH_NP15_GEN-APND,RTM,MGHG,LMP_GHG_PRC,TH_NP15_GEN-APND,ALL_APNODES,0,0.0,6,8
2023-06-20T09:30:00-00:00,2023-06-20T09:35:00-00:00,2023-06-20,3,TH_NP15_GEN-APND,TH_NP15_GEN-APND,TH_NP15_GEN-APND,RTM,MGHG,LMP_GHG_PRC,TH_NP15_GEN-APND,ALL_APNODES,0,0.0,7,8
2023-06-20T09:35:00-00:00,2023-06-20T09:40:00-00:00,2023-06-20,3,TH_NP15_GEN-APND,TH_NP15_GEN-APND,TH_NP15_GEN-APND,RTM,MGHG,LMP_GHG_PRC,TH_NP15_GEN-APND,ALL_APNODES,0,0.0,8,8
2023-06-20T09:40:00-00:00,2023-06-20T09:45:00-00:00,2023-06-20,3,TH_NP15_GEN-APND,TH_NP15_GEN-APND,TH_NP15_GEN-APND,RTM,MGHG,LMP_GHG_PRC,TH_NP15_GEN-APND,ALL_APNODES,0,0.0,9,8
2023-06-20T09:45:00-00:00,2023-06-20T09:50:00-00:00,2023-06-20,3,TH_NP15_GEN-APND,TH_NP15_GEN-APND,TH_NP15_GEN-APND,RTM,MGHG,LMP_GHG_PRC,TH_NP15_GEN-APND,ALL_APNODES,0,0.0,10,8
2023-06-20T09:50:00-00:00,2023-06-20T09:55:00-00:00,2023-06-20,3,TH_NP15_GEN-APND,TH_NP15_GEN-APND,TH_NP15_GEN-APND,RTM,MGHG,LMP_GHG_PRC,TH_NP15_GEN-APND,ALL_APNODES,0,0.0,11,8
2023-06-20T09:55:00-00:00,2023-06-20T10:00:00-00:00,2023-06-20,3,TH_NP15_GEN-APND,TH_NP15_GEN-APND,TH_NP15_GEN-APND,RTM,MGHG,LMP_GHG_PRC,TH_NP15_GEN-APND,ALL_APNODES,0,0.0,12,8
2023-06-20T10:00:00-00:00,2023-06-20T10:05:00-00:00,2023-06-20,4,TH_NP15_GEN-APND,TH_NP15_GEN-APND,TH_NP15_GEN-APND,RTM,MGHG,LMP_GHG_PRC,TH_NP15_GEN-APND,ALL_APNODES,0,0.0,1,8
2023-06-20T10:05:00-00:00,2023-06-20T10:10:00-00:00,2023-06-20,4,TH_NP15_GEN-APND,TH_NP15_GEN-APND,TH_NP15_GEN-APND,RTM,MGHG,LMP_GHG_PRC,TH_NP15_GEN-APND,ALL_APNODES,0,0.0,2,8
2023-06-20T10:10:00-00:00,2023-06-20T10:15:00-00:00,2023-06-20,4,TH_NP15_GEN-APND,TH_NP15_GEN-APND,TH_NP15_GEN-APND,RTM,MGHG,LMP_GHG_PRC,TH_NP15_GEN-APND,ALL_APNODES,0,0.0,3,8
2023-06-20T10:15:00-00:00,2023-06-20T10:20:00-00:00,2023-06-20,4,TH_NP15_GEN-APND,TH_NP15_GEN-APND,TH_NP15_GEN-APND,RTM,MGHG,LMP_GHG_PRC,TH_NP15_GEN-APND,ALL_APNODES,0,0.0,4,8
2023-06-20T10:20:00-00:00,2023-06-20T10:25:00-00:00,2023-06-20,4,TH_NP15_GEN-APND,TH_NP15_GEN-APND,TH_NP15_GEN-APND,RTM,MGHG,LMP_GHG_PRC,TH_NP15_GEN-APND,ALL_APNODES,0,0.0,5,8
2023-06-20T10:25:00-00:00,2023-06-20T10:30:00-00:00,2023-06-20,4,TH_NP15_GEN-APND,TH_NP15_GEN-APND,TH_NP15_GEN-APND,RTM,MGHG,LMP_GHG_PRC,TH_NP15_GEN-APND,ALL_APNODES,0,0.0,6,8
2023-06-20T10:30:00-00:00,2023-06-20T10:35:00-00:00,2023-06-20,4,TH_NP15_GEN-APND,TH_NP15_GEN-APND,TH_NP15_GEN-APND,RTM,MGHG,LMP_GHG_PRC,TH_NP15_GEN-APND,ALL_APNODES,0,0.0,7,8
2023-06-20T10:35:00-00:00,2023-06-20T10:40:00-00:00,2023-06-20,4,TH_NP15_GEN-APND,TH_NP15_GEN-APND,TH_NP15_GEN-APND,RTM,MGHG,LMP_GHG_PRC,TH_NP15_GEN-APND,ALL_APNODES,0,0.0,8,8
2023-06-20T10:40:00-00:00,2023-06-20T10:45:00-00:00,2023-06-20,4,TH_NP15_GEN-APND,TH_NP15_GEN-APND,TH_NP15_GEN-APND,RTM,MGHG,LMP_GHG_PRC,TH_NP15_GEN-APND,ALL_APNODES,0,0.0,9,8
2023-06-20T10:45:00-00:00,2023-06-20T10:50:00-00:00,2023-06-20,4,TH_NP15_GEN-APND,TH_NP15_GEN-APND,TH_NP15_GEN-APND,RTM,MGHG,LMP_GHG_PRC,TH_NP15_GEN-APND,ALL_APNODES,0,0.0,10,8
2023-06-20T10:50:00-00:00,2023-06-20T10:55:00-00:00,2023-06-20,4,TH_NP15_GEN-APND,TH_NP15_GEN-APND,TH_NP15_GEN-APND,RTM,MGHG,LMP_GHG_PRC,TH_NP15_GEN-APND,ALL_APNODES,0,0.0,11,8
2023-06-20T10:55:00-00:00,2023-06-20T11:00:00-00:00,2023-06-20,4,TH_NP15_GEN-APND,TH_NP15_GEN-APND,TH_NP15_GEN-APND,RTM,MGHG,LMP_GHG_PRC,TH_NP15_GEN-APND,ALL_APNODES,0,0.0,12,8
2023-06-20T11:00:00-00:00,2023-06-20T11:05:00-00:00,2023-06-20,5,TH_NP15_GEN-APND,TH_NP15_GEN-APND,TH_NP15_GEN-APND,RTM,MGHG,LMP_GHG_PRC,TH_NP15_GEN-APND,ALL_APNODES,0,0.0,1,8
2023-06-20T11:05:00-00:00,2023-06-20T11:10:00-00:00,2023-06-20,5,TH_NP15_GEN-APND,TH_NP15_GEN-APND,TH_NP15_GEN-APND,RTM,MGHG,LMP_GHG_PRC,TH_NP15_GEN-APND,ALL_APNODES,0,0.0,2,8
2023-06-20T11:10:00-00:00,2023-06-20T11:15:00-00:00,2023-06-20,5,TH_NP15_GEN-APND,TH_NP15_GEN-APND,TH_NP15_GEN-APND,RTM,MGHG,LMP_GHG_PRC,TH_NP15_GEN-APND,ALL_APNODES,0,0.0,3,8
2023-06-20T11:15:00-00:00,2023-06-20T11:20:00-00:00,2023-06-20,5,TH_NP15_GEN-APND,TH_NP15_GEN-APND,TH_NP15_GEN-APND,RTM,MGHG,LMP_GHG_PRC,TH_NP15_GEN-APND,ALL_APNODES,0,0.0,4,8
2023-06-20T11:20:00-00:00,2023-06-20T11:25:00-00:00,2023-06-20,5,TH_NP15_GEN-APND,TH_NP15_GEN-APND,TH_NP15_GEN-APND,RTM,MGHG,LMP_GHG_PRC,TH_NP15_GEN-APND,ALL_APNODES,0,0.0,5,8
2023-06-20T11:25:00-00:00,2023-06-20T11:30:00-00:00,2023-06-20,5,TH_NP15_GEN-APND,TH_NP15_GEN-APND,TH_NP15_GEN-APND,RTM,MGHG,LMP_GHG_PRC,TH_NP15_GEN-APND,ALL_APNODES,0,0.0,6,8
2023-06-20T11:30:00-00:00,2023-06-20T11:35:00-00:00,2023-06-20,5,TH_NP15_GEN-APND,TH_NP15_GEN-APND,TH_NP15_GEN-APND,RTM,MGHG,LMP_GHG_PRC,TH_NP15_GEN-APND,ALL_APNODES,0,0.0,7,8
2023-06-20T11:35:00-00:00,2023-06-20T11:40:00-00:00,2023-06-20,5,TH_NP15_GEN-APND,TH_NP15_GEN-APND,TH_NP15_GEN-APND,RTM,MGHG,LMP_GHG_PRC,TH_NP15_GEN-APND,ALL_APNODES,0,0.0,8,8
2023-06-20T11:40:00-00:00,2023-06-20T11:45:00-00:00,2023-06-20,5,TH_NP15_GEN-APND,TH_NP15_GEN-APND,TH_NP15_GEN-APND,RTM,MGHG,LMP_GHG_PRC,TH_NP15_GEN-APND,ALL_APNODES,0,0.0,9,8
2023-06-20T11:45:00-00:00,2023-06-20T11:50:00-00:00,2023-06-20,5,TH_NP15_GEN-APND,TH_NP15_GEN-APND,TH_NP15_GEN-APND,RTM,MGHG,LMP_GHG_PRC,TH_NP15_GEN-APND,ALL_APNODES,0,0.0,10,8
2023-06-20T11:50:00-00:00,2023-06-20T11:55:00-00:00,2023-06-20,5,TH_NP15_GEN-APND,TH_NP15_GEN-APND,TH_NP15_GEN-APND,RTM,MGHG,LMP_GHG_PRC,TH_NP15_GEN-APND,ALL_APNODES,0,0.0,11,8
2023-06-20T11:55:00-00:00,2023-06-20T12:00:00-00:00,2023-06-20,5,TH_NP15_GEN-APND,TH_NP15_GEN-APND,TH_NP15_GEN-APND,RTM,MGHG,LMP_GHG_PRC,TH_NP15_GEN-APND,ALL_APNODES,0,0.0,12,8
2023-06-20T12:00:00-00:00,2023-06-20T12:05:00-00:00,2023-06-20,6,TH_NP15_GEN-APND,TH_NP15_GEN-APND,TH_NP15_GEN-APND,RTM,MGHG,LMP_GHG_PRC,TH_NP15_GEN-APND,ALL_APNODES,0,0.0,1,8
2023-06-20T12:05:00-00:00,2023-06-20T12:10:00-00:00,2023-06-20,6,TH_NP15_GEN-APND,TH_NP15_GEN-APND,TH_NP15_GEN-APND,RTM,MGHG,LMP_GHG_PRC,TH_NP15_GEN-APND,ALL_APNODES,0,0.0,2,8
2023-06-20T12:10:00-00:00,2023-06-20T12:15:00-00:00,2023-06-20,6,TH_NP15_GEN-APND,TH_NP15_GEN-APND,TH_NP15_GEN-APND,RTM,MGHG,LMP_GHG_PRC,TH_NP15_GEN-APND,ALL_APNODES,0,0.0,3,8
2023-06-20T12:15:00-00:00,2023-06-20T12:20:00-00:00,2023-06-20,6,TH_NP15_GEN-APND,TH_NP15_GEN-APND,TH_NP15_GEN-APND,RTM,MGHG,LMP_GHG_PRC,TH_NP15_GEN-APND,ALL_APNODES,0,0.0,4,8
2023-06-20T12:20:00-00:00,2023-06-20T12:25:00-00:00,2023-06-20,6,TH_NP15_GEN-APND,TH_NP15_GEN-APND,TH_NP15_GEN-APND,RTM,MGHG,LMP_GHG_PRC,TH_NP15_GEN-APND,ALL_APNODES,0,0.0,5,8
2023-06-20T12:25:00-00:00,2023-06-20T12:30:00-00:00,2023-06-20,6,TH_NP15_GEN-APND,TH_NP15_GEN-APND,TH_NP15_GEN-APND,RTM,MGHG,LMP_GHG_PRC,TH_NP15_GEN-APND,ALL_APNODES,0,0.0,6,8
2023-06-20T12:30:00-00:00,2023-06-20T12:35:00-00:00,2023-06-20,6,TH_NP15_GEN-APND,TH_NP15_GEN-APND,TH_NP15_GEN-APND,RTM,MGHG,LMP_GHG_PRC,TH_NP15_GEN-APND,ALL_APNODES,0,0.0,7,8
2023-06-20T12:35:00-00:00,2023-06-20T12:40:00-00:00,2023-06-20,6,TH_NP15_GEN-APND,TH_NP15_GEN-APND,TH_NP15_GEN-APND,RTM,MGHG,LMP_GHG_PRC,TH_NP15_GEN-APND,ALL_APNODES,0,0.0,8,8
2023-06-20T12:40:00-00:00,2023-06-20T12:45:00-00:00,2023-06-20,6,TH_NP15_GEN-APND,TH_NP15_GEN-APND,TH_NP15_GEN-APND,RTM,MGHG,LMP_GHG_PRC,TH_NP15_GEN-APND,ALL_APNODES,0,0.0,9,8
2023-06-20T12:45:00-00:00,2023-06-20T12:50:00-00:00,2023-06-20,6,TH_NP15_GEN-APND,TH_NP15_GEN-APND,TH_NP15_GEN-APND,RTM,MGHG,LMP_GHG_PRC,TH_NP15_GEN-APND,ALL_APNODES,0,0.0,10,8
2023-06-20T12:50:00-00:00,2023-06-20T12:55:00-00:00,2023-06-20,6,TH_NP15_GEN-APND,TH_NP15_GEN-APND,TH_NP15_GEN-APND,RTM,MGHG,LMP_GHG_PRC,TH_NP15_GEN-APND,ALL_APNODES,0,0.0,11,8
2023-06-20T12:55:00-00:00,2023-06-20T13:00:00-00:00,2023-06-20,6,TH_NP15_GEN-APND,TH_NP15_GEN-APND,TH_NP15_GEN-APND,RTM,MGHG,LMP_GHG_PRC,TH_NP15_GEN-APND,ALL_APNODES,0,0.0,12,8
2023-06-20T13:00:00-00:00,2023-06-20T13:05:00-00:00,2023-06-20,7,TH_NP15_GEN-APND,TH_NP15_GEN-APND,TH_NP15_GEN-APND,RTM,MGHG,LMP_GHG_PRC,TH_NP15_GEN-APND,ALL_APNODES,0,0.0,1,8
2023-06-20T13:05:00-00:00,2023-06-20T13:10:00-00:00,2023-06-20,7,TH_NP15_GEN-APND,TH_NP15_GEN-APND,TH_NP15_GEN-APND,RTM,MGHG,LMP_GHG_PRC,TH_NP15_GEN-APND,ALL_APNODES,0,0.0,2,8
2023-06-20T13:10:00-00:00,2023-06-20T13:15:00-00:00,2023-06-20,7,TH_NP15_GEN-APND,TH_NP15_GEN-APND,TH_NP15_GEN-APND,RTM,MGHG,LMP_GHG_PRC,TH_NP15_GEN-APND,ALL_APNODES,0,0.0,3,8
2023-06-20T13:15:00-00:00,2023-06-20T13:20:00-00:00,2023-06-20,7,TH_NP15_GEN-APND,TH_NP15_GEN-APND,TH_NP15_GEN-APND,RTM,MGHG,LMP_GHG_PRC,TH_NP15_GEN-APND,ALL_APNODES,0,0.0,4,8
2023-06-20T13:20:00-00:00,2023-06-20T13:25:00-00:00,2023-06-20,7,TH_NP15_GEN-APND,TH_NP15_GEN-APND,TH_NP15_GEN-APND,RTM,MGHG,LMP_GHG_PRC,TH_NP15_GEN-APND,ALL_APNODES,0,0.0,5,8
2023-06-20T13:25:00-00:00,2023-06-20T13:30:00-00:00,2023-06-20,7,TH_NP15_GEN-APND,TH_NP15_GEN-APND,TH_NP15_GEN-APND,RTM,MGHG,LMP_GHG_PRC,TH_NP15_GEN-APND,ALL_APNODES,0,0.0,6,8
2023-06-20T13:30:00-00:00,2023-06-20T13:35:00-00:00,2023-06-20,7,TH_NP15_GEN-APND,TH_NP15_GEN-APND,TH_NP15_GEN-APND,RTM,MGHG,LMP_GHG_PRC,TH_NP15_GEN-APND,ALL_APNODES,0,0.0,7,8
2023-06-20T13:35:00-00:00,2023-06-20T13:40:00-00:00,2023-06-20,7,TH_NP15_GEN-APND,TH_NP15_GEN-APND,TH_NP15_GEN-APND,RTM,MGHG,LMP_GHG_PRC,TH_NP15_GEN-APND,ALL_APNODES,0,0.0,8,8
2023-06-20T13:40:00-00:00,2023-06-20T13:45:00-00:00,2023-06-20,7,TH_NP15_GEN-APND,TH_NP15_GEN-APND,TH_NP15_GEN-APND,RTM,MGHG,LMP_GHG_PRC,TH_NP15_GEN-APND,ALL_APNODES,0,0.0,9,8
2023-06-20T13:45:00-00:00,2023-06-20T13:50:00-00:00,2023-06-20,7,TH_NP15_GEN-APND,TH_NP15_GEN-APND,TH_NP15_GEN-APND,RTM,MGHG,LMP_GHG_PRC,TH_NP15_GEN-APND,ALL_APNODES,0,0.0,10,8
2023-06-20T13:50:00-00:00,2023-06-20T13:55:00-00:00,2023-06-20,7,TH_NP15_GEN-APND,TH_NP15_GEN-APND,TH_NP15_GEN-APND,RTM,MGHG,LMP_GHG_PRC,TH_NP15_GEN-APND,ALL_APNODES,0,0.0,11,8
2023-06-20T13:55:00-00:00,2023-06-20T14:00:00-00:00,2023-06-20,7,TH_NP15_GEN-APND,TH_NP15_GEN-APND,TH_NP15_GEN-APND,RTM,MGHG,LMP_GHG_PRC,TH_NP15_GEN-APND,ALL_APNODES,0,0.0,12,8
2023-06-20T14:00:00-00:00,2023-06-20T14:05:00-00:00,2023-06-20,8,TH_NP15_GEN-APND,TH_NP15_GEN-APND,TH_NP15_GEN-APND,RTM,MGHG,LMP_GHG_PRC,TH_NP15_GEN-APND,ALL_APNODES,0,0.0,1,8
2023-06-20T14:05:00-00:00,2023-06-20T14:10:00-00:00,2023-06-20,8,TH_NP15_GEN-APND,TH_NP15_GEN-APND,TH_NP15_GEN-APND,RTM,MGHG,LMP_GHG_PRC,TH_NP15_GEN-APND,ALL_APNODES,0,0.0,2,8
2023-06-20T14:10:00-00:00,2023-06-20T14:15:00-00:00,2023-06-20,8,TH_NP15_GEN-APND,TH_NP15_GEN-APND,TH_NP15_GEN-APND,RTM,MGHG,LMP_GHG_PRC,TH_NP15_GEN-APND,ALL_APNODES,0,0.0,3,8
2023-06-20T14:15:00-00:00,2023-06-20T14:20:00-00:00,2023-06-20,8,TH_NP15_GEN-APND,TH_NP15_GEN-APND,TH_NP15_GEN-APND,RTM,MGHG,LMP_GHG_PRC,TH_NP15_GEN-APND,ALL_APNODES,0,0.0,4,8
2023-06-20T14:20:00-00:00,2023-06-20T14:25:00-00:00,2023-06-20,8,TH_NP15_GEN-APND,TH_NP15_GEN-APND,TH_NP15_GEN-APND,RTM,MGHG,LMP_GHG_PRC,TH_NP15_GEN-APND,ALL_APNODES,0,0.0,5,8
2023-06-20T14:25:00-00:00,2023-06-20T14:30:00-00:00,2023-06-20,8,TH_NP15_GEN-APND,TH_NP15_GEN-APND,TH_NP15_GEN-APND,RTM,MGHG,LMP_GHG_PRC,TH_NP15_GEN-APND,ALL_APNODES,0,0.0,6,8
2023-06-20T14:30:00-00:00,2023-06-20T14:35:00-00:00,2023-06-20,8,TH_NP15_GEN-APND,TH_NP15_GEN-APND,TH_NP15_GEN-APND,RTM,MGHG,LMP_GHG_PRC,TH_NP15_GEN-APND,ALL_APNODES,0,0.0,7,8
2023-06-20T14:35:00-00:00,2023-06-20T14:40:00-00:00,2023-06-20,8,TH_NP15_GEN-APND,TH_NP15_GEN-APND,TH_NP15_GEN-APND,RTM,MGHG,LMP_GHG_PRC,TH_NP15_GEN-APND,ALL_APNODES,0,0.0,8,8
2023-06-20T14:40:00-00:00,2023-06-20T14:45:00-00:00,2023-06-20,8,TH_NP15_GEN-APND,TH_NP15_GEN-APND,TH_NP15_GEN-APND,RTM,MGHG,LMP_GHG_PRC,TH_NP15_GEN-APND,ALL_APNODES,0,0.0,9,8
2023-06-20T14:45:00-00:00,2023-06-20T14:50:00-00:00,2023-06-20,8,TH_NP15_GEN-APND,TH_NP15_GEN-APND,TH_NP15_GEN-APND,RTM,MGHG,LMP_GHG_PRC,TH_NP15_GEN-APND,ALL_APNODES,0,0.0,10,8
2023-06-20T14:50:00-00:00,2023-06-20T14:55:00-00:00,2023-06-20,8,TH_NP15_GEN-APND,TH_NP15_GEN-APND,TH_NP15_GEN-APND,RTM,MGHG,LMP_GHG_PRC,TH_NP15_GEN-APND,ALL_APNODES,0,0.0,11,8
2023-06-20T14:55:00-00:00,2023-06-20T15:00:00-00:00,2023-06-20,8,TH_NP15_GEN-APND,TH_NP15_GEN-APND,TH_NP15_GEN-APND,RTM,MGHG,LMP_GHG_PRC,TH_NP15_GEN-APND,ALL_APNODES,0,0.0,12,8
2023-06-20T15:00:00-00:00,2023-06-20T15:05:00-00:00,2023-06-20,9,TH_NP15_GEN-APND,TH_NP15_GEN-APND,TH_NP15_GEN-APND,RTM,MGHG,LMP_GHG_PRC,TH_NP15_GEN-APND,ALL_APNODES,0,0.0,1,8
2023-06-20T15:05:00-00:00,2023-06-20T15:10:00-00:00,2023-06-20,9,TH_NP15_GEN-APND,TH_NP15_GEN-APND,TH_NP15_GEN-APND,RTM,MGHG,LMP_GHG_PRC,TH_NP15_GEN-APND,ALL_APNODES,0,0.0,2,8
2023-06-20T15:10:00-00:00,2023-06-20T15:15:00-00:00,2023-06-20,9,TH_NP15_GEN-APND,TH_NP15_GEN-APND,TH_NP15_GEN-APND,RTM,MGHG,LMP_GHG_PRC,TH_NP15_GEN-APND,ALL_APNODES,0,0.0,3,8
2023-06-20T15:15:00-00:00,2023-06-20T15:20:00-00:00,2023-06-20,9,TH_NP15_GEN-APND,TH_NP15_GEN-APND,TH_NP15_GEN-APND,RTM,MGHG,LMP_GHG_PRC,TH_NP15_GEN-APND,ALL_APNODES,0,0.0,4,8
2023-06-20T15:20:00-00:00,2023-06-20T15:25:00-00:00,2023-06-20,9,TH_NP15_GEN-APND,TH_NP15_GEN-APND,TH_NP15_GEN-APND,RTM,MGHG,LMP_GHG_PRC,TH_NP15_GEN-APND,ALL_APNODES,0,0.0,5,8
2023-06-20T15:25:00-00:00,2023-06-20T15:30:00-00:00,2023-06-20,9,TH_NP15_GEN-APND,TH_NP15_GEN-APND,TH_NP15_GEN-APND,RTM,MGHG,LMP_GHG_PRC,TH_NP15_GEN-APND,ALL_APNODES,0,0.0,6,8
2023-06-20T15:30:00-00:00,2023-06-20T15:35:00-00:00,2023-06-20,9,TH_NP15_GEN-APND,TH_NP15_GEN-APND,TH_NP15_GEN-APND,RTM,MGHG,LMP_GHG_PRC,TH_NP15_GEN-APND,ALL_APNODES,0,0.0,7,8
2023-06-20T15:35:00-00:00,2023-06-20T15:40:00-00:00,2023-06-20,9,TH_NP15_GEN-APND,TH_NP15_GEN-APND,TH_NP15_GEN-APND,RTM,MGHG,LMP_GHG_PRC,TH_NP15_GEN-APND,ALL_APNODES,0,0.0,8,8
2023-06-20T15:40:00-00:00,2023-06-20T15:45:00-00:00,2023-06-20,9,TH_NP15_GEN-APND,TH_NP15_GEN-APND,TH_NP15_GEN-APND,RTM,MGHG,LMP_GHG_PRC,TH_NP15_GEN-APND,ALL_APNODES,0,0.0,9,8
2023-06-20T15:45:00-00:00,2023-06-20T15:50:00-00:00,2023-06-20,9,TH_NP15_GEN-APND,TH_NP15_GEN-APND,TH_NP15_GEN-APND,RTM,MGHG,LMP_GHG_PRC,TH_NP15_GEN-APND,ALL_APNODES,0,0.0,10,8
2023-06-20T15:50:00-00:00,2023-06-20T15:55:00-00:00,2023-06-20,9,TH_NP15_GEN-APND,TH_NP15_GEN-APND,TH_NP15_GEN-APND,RTM,MGHG,LMP_GHG_PRC,TH_NP15_GEN-APND,ALL_APNODES,0,0.0,11,8
2023-06-20T15:55:00-00:00,2023-06-20T16:00:00-00:00,2023-06-20,9,TH_NP15_GEN-APND,TH_NP15_GEN-APND,TH_NP15_GEN-APND,RTM,MGHG,LMP_GHG_PRC,TH_NP15_GEN-APND,ALL_APNODES,0,0.0,12,8
2023-06-20T16:00:00-00:00,2023-06-20T16:05:00-00:00,2023-06-20,10,TH_NP15_GEN-APND,TH_NP15_GEN-APND,TH_NP15_GEN-APND,RTM,MGHG,LMP_GHG_PRC,TH_NP15_GEN-APND,ALL_APNODES,0,0.0,1,8
2023-06-20T16:05:00-00:00,2023-06-20T16:10:00-00:00,2023-06-20,10,TH_NP15_GEN-APND,TH_NP15_GEN-APND,TH_NP15_GEN-APND,RTM,MGHG,LMP_GHG_PRC,TH_NP15_GEN-APND,ALL_APNODES,0,0.0,2,8
2023-06-20T16:10:00-00:00,2023-06-20T16:15:00-00:00,2023-06-20,10,TH_NP15_GEN-APND,TH_NP15_GEN-APND,TH_NP15_GEN-APND,RTM,MGHG,LMP_GHG_PRC,TH_NP15_GEN-APND,ALL_APNODES,0,0.0,3,8
2023-06-20T16:15:00-00:00,2023-06-20T16:20:00-00:00,2023-06-20,10,TH_NP15_GEN-APND,TH_NP15_GEN-APND,TH_NP15_GEN-APND,RTM,MGHG,LMP_GHG_PRC,TH_NP15_GEN-APND,ALL_APNODES,0,0.0,4,8
2023-06-20T16:20:00-00:00,2023-06-20T16:25:00-00:00,2023-06-20,10,TH_NP15_GEN-APND,TH_NP15_GEN-APND,TH_NP15_GEN-APND,RTM,MGHG,LMP_GHG_PRC,TH_NP15_GEN-APND,ALL_APNODES,0,0.0,5,8
2023-06-20T16:25:00-00:00,2023-06-20T16:30:00-00:00,2023-06-20,10,TH_NP15_GEN-APND,TH_NP15_GEN-APND,TH_NP15_GEN-APND,RTM,MGHG,LMP_GHG_PRC,TH_NP15_GEN-APND,ALL_APNODES,0,0.0,6,8
2023-06-20T16:30:00-00:00,2023-06-20T16:35:00-00:00,2023-06-20,10,TH_NP15_GEN-APND,TH_NP15_GEN-APND,TH_NP15_GEN-APND,RTM,MGHG,LMP_GHG_PRC,TH_NP15_GEN-APND,ALL_APNODES,0,0.0,7,8
2023-06-20T16:35:00-00:00,2023-06-20T16:40:00-00:00,2023-06-20,10,TH_NP15_GEN-APND,TH_NP15_GEN-APND,TH_NP15_GEN-APND,RTM,MGHG,LMP_GHG_PRC,TH_NP15_GEN-APND,ALL_APNODES,0,0.0,8,8
2023-06-20T16:40:00-00:00,2023-06-20T16:45:00-00:00,2023-06-20,10,TH_NP15_GEN-APND,TH_NP15_GEN-APND,TH_NP15_GEN-APND,RTM,MGHG,LMP_GHG_PRC,TH_NP15_GEN-APND,ALL_APNODES,0,0.0,9,8
2023-06-20T16:45:00-00:00,2023-06-20T16:50:00-00:00,2023-06-20,10,TH_NP15_GEN-APND,TH_NP15_GEN-APND,TH_NP15_GEN-APND,RTM,MGHG,LMP_GHG_PRC,TH_NP15_GEN-APND,ALL_APNODES,0,0.0,10,8
2023-06-20T16:50:00-00:00,2023-06-20T16:55:00-00:00,2023-06-20,10,TH_NP15_GEN-APND,TH_NP15_GEN-APND,TH_NP15_GEN-APND,RTM,MGHG,LMP_GHG_PRC,TH_NP15_GEN-APND,ALL_APNODES,0,0.0,11,8
2023-06-20T16:55:00-00:00,2023-06-20T17:00:00-00:00,2023-06-20,10,TH_NP15_GEN-APND,TH_NP15_GEN-APND,TH_NP15_GEN-APND,RTM,MGHG,LMP_GHG_PRC,TH_NP15_GEN-APND,ALL_APNODES,0,0.0,12,8
2023-06-20T17:00:00-00:00,2023-06-20T17:05:00-00:00,2023-06-20,11,TH_NP15_GEN-APND,TH_NP15_GEN-APND,TH_NP15_GEN-APND,RTM,MGHG,LMP_GHG_PRC,TH_NP15_GEN-APND,ALL_APNODES,0,0.0,1,8
2023-06-20T17:05:00-00:00,2023-06-20T17:10:00-00:00,2023-06-20,11,TH_NP15_GEN-APND,TH_NP15_GEN-APND,TH_NP15_GEN-APND,RTM,MGHG,LMP_GHG_PRC,TH_NP15_GEN-APND,ALL_APNODES,0,0.0,2,8
2023-06-20T17:10:00-00:00,2023-06-20T17:15:00-00:00,2023-06-20,11,TH_NP15_GEN-APND,TH_NP15_GEN-APND,TH_NP15_GEN-APND,RTM,MGHG,LMP_GHG_PRC,TH_NP15_GEN-APND,ALL_APNODES,0,0.0,3,8
2023-06-20T17:15:00-00:00,2023-06-20T17:20:00-00:00,2023-06-20,11,TH_NP15_GEN-APND,TH_NP15_GEN-APND,TH_NP15_GEN-APND,RTM,MGHG,LMP_GHG_PRC,TH_NP15_GEN-APND,ALL_APNODES,0,0.0,4,8
2023-06-20T17:20:00-00:00,2023-06-20T17:25:00-00:00,2023-06-20,11,TH_NP15_GEN-APND,TH_NP15_GEN-APND,TH_NP15_GEN-APND,RTM,MGHG,LMP_GHG_PRC,TH_NP15_GEN-APND,ALL_APNODES,0,0.0,5,8
2023-06-20T17:25:00-00:00,2023-06-20T17:30:00-00:00,2023-06-20,11,TH_NP15_GEN-APND,TH_NP15_GEN-APND,TH_NP15_GEN-APND,RTM,MGHG,LMP_GHG_PRC,TH_NP15_GEN-APND,ALL_APNODES,0,0.0,6,8
2023-06-20T17:30:00-00:00,2023-06-20T17:35:00-00:00,2023-06-20,11,TH_NP15_GEN-APND,TH_NP15_GEN-APND,TH_NP15_GEN-APND,RTM,MGHG,LMP_GHG_PRC,TH_NP15_GEN-APND,ALL_APNODES,0,0.0,7,8
2023-06-20T17:35:00-00:00,2023-06-20T17:40:00-00:00,2023-06-20,11,TH_NP15_GEN-APND,TH_NP15_GEN-APND,TH_NP15_GEN-APND,RTM,MGHG,LMP_GHG_PRC,TH_NP15_GEN-APND,ALL_APNODES,0,0.0,8,8
2023-06-20T17:40:00-00:00,2023-06-20T17:45:00-00:00,2023-06-20,11,TH_NP15_GEN-APND,TH_NP15_GEN-APND,TH_NP15_GEN-APND,RTM,MGHG,LMP_GHG_PRC,TH_NP15_GEN-APND,ALL_APNODES,0,0.0,9,8
2023-06-20T17:45:00-00:00,2023-06-20T17:50:00-00:00,2023-06-20,11,TH_NP15_GEN-APND,TH_NP15_GEN-APND,TH_NP15_GEN-APND,RTM,MGHG,LMP_GHG_PRC,TH_NP15_GEN-APND,ALL_APNODES,0,0.0,10,8
2023-06-20T17:50:00-00:00,2023-06-20T17:55:00-00:00,2023-06-20,11,TH_NP15_GEN-APND,TH_NP15_GEN-APND,TH_NP15_GEN-APND,RTM,MGHG,LMP_GHG_PRC,TH_NP15_GEN-APND,ALL_APNODES,0,0.0,11,8
2023-06-20T17:55:00-00:00,2023-06-20T18:00:00-00:00,2023-06-20,11,TH_NP15_GEN-APND,TH_NP15_GEN-APND,TH_NP15_GEN-APND,RTM,MGHG,LMP_GHG_PRC,TH_NP15_GEN-APND,ALL_APNODES,0,0.0,12,8
2023-06-20T18:00:00-00:00,2023-06-20T18:05:00-00:00,2023-06-20,12,TH_NP15_GEN-APND,TH_NP15_GEN-APND,TH_NP15_GEN-APND,RTM,MGHG,LMP_GHG_PRC,TH_NP15_GEN-APND,ALL_APNODES,0,0.0,1,8
2023-06-20T18:05:00-00:00,2023-06-20T18:10:00-00:00,2023-06-20,12,TH_NP15_GEN-APND,TH_NP15_GEN-APND,TH_NP15_GEN-APND,RTM,MGHG,LMP_GHG_PRC,TH_NP15_GEN-APND,ALL_APNODES,0,0.0,2,8
2023-06-20T18:10:00-00:00,2023-06-20T18:15:00-00:00,2023-06-20,12,TH_NP15_GEN-APND,TH_NP15_GEN-APND,TH_NP15_GEN-APND,RTM,MGHG,LMP_GHG_PRC,TH_NP15_GEN-APND,ALL_APNODES,0,0.0,3,8
2023-06-20T18:15:00-00:00,2023-06-20T18:20:00-00:00,2023-06-20,12,TH_NP15_GEN-APND,TH_NP15_GEN-APND,TH_NP15_GEN-APND,RTM,MGHG,LMP_GHG_PRC,TH_NP15_GEN-APND,ALL_APNODES,0,0.0,4,8
2023-06-20T18:20:00-00:00,2023-06-20T18:25:00-00:00,2023-06-20,12,TH_NP15_GEN-APND,TH_NP15_GEN-APND,TH_NP15_GEN-APND,RTM,MGHG,LMP_GHG_PRC,TH_NP15_GEN-APND,ALL_APNODES,0,0.0,5,8
2023-06-20T18:25:00-00:00,2023-06-20T18:30:00-00:00,2023-06-20,12,TH_NP15_GEN-APND,TH_NP15_GEN-APND,TH_NP15_GEN-APND,RTM,MGHG,LMP_GHG_PRC,TH_NP15_GEN-APND,ALL_APNODES,0,0.0,6,8
2023-06-20T18:30:00-00:00,2023-06-20T18:35:00-00:00,2023-06-20,12,TH_NP15_GEN-APND,TH_NP15_GEN-APND,TH_NP15_GEN-APND,RTM,MGHG,LMP_GHG_PRC,TH_NP15_GEN-APND,ALL_APNODES,0,0.0,7,8
2023-06-20T18:35:00-00:00,2023-06-20T18:40:00-00:00,2023-06-20,12,TH_NP15_GEN-APND,TH_NP15_GEN-APND,TH_NP15_GEN-APND,RTM,MGHG,LMP_GHG_PRC,TH_NP15_GEN-APND,ALL_APNODES,0,0.0,8,8
2023-06-20T18:40:00-00:00,2023-06-20T18:45:00-00:00,2023-06-20,12,TH_NP15_GEN-APND,TH_NP15_GEN-APND,TH_NP15_GEN-APND,RTM,MGHG,LMP_GHG_PRC,TH_NP15_GEN-APND,ALL_APNODES,0,0.0,9,8
2023-06-20T18:45:00-00:00,2023-06-20T18:50:00-00:00,2023-06-20,12,TH_NP15_GEN-APND,TH_NP15_GEN-APND,TH_NP15_GEN-APND,RTM,MGHG,LMP_GHG_PRC,TH_NP15_GEN-APND,ALL_APNODES,0,0.0,10,8
2023-06-20T18:50:00-00:00,2023-06-20T18:55:00-00:00,2023-06-20,12,TH_NP15_GEN-APND,TH_NP15_GEN-APND,TH_NP15_GEN-APND,RTM,MGHG,LMP_GHG_PRC,TH_NP15_GEN-APND,ALL_APNODES,0,0.0,11,8
2023-06-20T18:55:00-00:00,2023-06-20T19:00:00-00:00,2023-06-20,12,TH_NP15_GEN-APND,TH_NP15_GEN-APND,TH_NP15_GEN-APND,RTM,MGHG,LMP_GHG_PRC,TH_NP15_GEN-APND,ALL_APNODES,0,0.0,12,8
2023-06-20T19:00:00-00:00,2023-06-20T19:05:00-00:00,2023-06-20,13,TH_NP15_GEN-APND,TH_NP15_GEN-APND,TH_NP15_GEN-APND,RTM,MGHG,LMP_GHG_PRC,TH_NP15_GEN-APND,ALL_APNODES,0,0.0,1,8
2023-06-20T19:05:00-00:00,2023-06-20T19:10:00-00:00,2023-06-20,13,TH_NP15_GEN-APND,TH_NP15_GEN-APND,TH_NP15_GEN-APND,RTM,MGHG,LMP_GHG_PRC,TH_NP15_GEN-APND,ALL_APNODES,0,0.0,2,8
2023-06-20T19:10:00-00:00,2023-06-20T19:15:00-00:00,2023-06-20,13,TH_NP15_GEN-APND,TH_NP15_GEN-APND,TH_NP15_GEN-APND,RTM,MGHG,LMP_GHG_PRC,TH_NP15_GEN-APND,ALL_APNODES,0,0.0,3,8
2023-06-20T19:15:00-00:00,2023-06-20T19:20:00-00:00,2023-06-20,13,TH_NP15_GEN-APND,TH_NP15_GEN-APND,TH_NP15_GEN-APND,RTM,MGHG,LMP_GHG_PRC,TH_NP15_GEN-APND,ALL_APNODES,0,0.0,4,8
2023-06-20T19:20:00-00:00,2023-06-20T19:25:00-00:00,2023-06-20,13,TH_NP15_GEN-APND,TH_NP15_GEN-APND,TH_NP15_GEN-APND,RTM,MGHG,LMP_GHG_PRC,TH_NP15_GEN-APND,ALL_APNODES,0,0.0,5,8
2023-06-20T19:25:00-00:00,2023-06-20T19:30:00-00:00,2023-06-20,13,TH_NP15_GEN-APND,TH_NP15_GEN-APND,TH_NP15_GEN-APND,RTM,MGHG,LMP_GHG_PRC,TH_NP15_GEN-APND,ALL_APNODES,0,0.0,6,8
2023-06-20T19:30:00-00:00,2023-06-20T19:35:00-00:00,2023-06-20,13,TH_NP15_GEN-APND,TH_NP15_GEN-APND,TH_NP15_GEN-APND,RTM,MGHG,LMP_GHG_PRC,TH_NP15_GEN-APND,ALL_APNODES,0,0.0,7,8
2023-06-20T19:35:00-00:00,2023-06-20T19:40:00-00:00,2023-06-20,13,TH_NP15_GEN-APND,TH_NP15_GEN-APND,TH_NP15_GEN-APND,RTM,MGHG,LMP_GHG_PRC,TH_NP15_GEN-APND,ALL_APNODES,0,0.0,8,8
2023-06-20T19:40:00-00:00,2023-06-20T19:45:00-00:00,2023-06-20,13,TH_NP15_GEN-APND,TH_NP15_GEN-APND,TH_NP15_GEN-APND,RTM,MGHG,LMP_GHG_PRC,TH_NP15_GEN-APND,ALL_APNODES,0,0.0,9,8
2023-06-20T19:45:00-00:00,2023-06-20T19:50:00-00:00,2023-06-20,13,TH_NP15_GEN-APND,TH_NP15_GEN-APND,TH_NP15_GEN-APND,RTM,MGHG,LMP_GHG_PRC,TH_NP15_GEN-APND,ALL_APNODES,0,0.0,10,8
2023-06-20T19:50:00-00:00,2023-06-20T19:55:00-00:00,2023-06-20,13,TH_NP15_GEN-APND,TH_NP15_GEN-APND,TH_NP15_GEN-APND,RTM,MGHG,LMP_GHG_PRC,TH_NP15_GEN-APND,ALL_APNODES,0,0.0,11,8
2023-06-20T19:55:00-00:00,2023-06-20T20:00:00-00:00,2023-06-20,13,TH_NP15_GEN-APND,TH_NP15_GEN-APND,TH_NP15_GEN-APND,RTM,MGHG,LMP_GHG_PRC,TH_NP15_GEN-APND,ALL_APNODES,0,0.0,12,8
2023-06-20T20:00:00-00:00,2023-06-20T20:05:00-00:00,2023-06-20,14,TH_NP15_GEN-APND,TH_NP15_GEN-APND,TH_NP15_GEN-APND,RTM,MGHG,LMP_GHG_PRC,TH_NP15_GEN-APND,ALL_APNODES,0,0.0,1,8
2023-06-20T20:05:00-00:00,2023-06-20T20:10:00-00:00,2023-06-20,14,TH_NP15_GEN-APND,TH_NP15_GEN-APND,TH_NP15_GEN-APND,RTM,MGHG,LMP_GHG_PRC,TH_NP15_GEN-APND,ALL_APNODES,0,0.0,2,8
2023-06-20T20:10:00-00:00,2023-06-20T20:15:00-00:00,2023-06-20,14,TH_NP15_GEN-APND,TH_NP15_GEN-APND,TH_NP15_GEN-APND,RTM,MGHG,LMP_GHG_PRC,TH_NP15_GEN-APND,ALL_APNODES,0,0.0,3,8
2023-06-20T20:15:00-00:00,2023-06-20T20:20:00-00:00,2023-06-20,14,TH_NP15_GEN-APND,TH_NP15_GEN-APND,TH_NP15_GEN-APND,RTM,MGHG,LMP_GHG_PRC,TH_NP15_GEN-APND,ALL_APNODES,0,0.0,4,8
2023-06-20T20:20:00-00:00,2023-06-20T20:25:00-00:00,2023-06-20,14,TH_NP15_GEN-APND,TH_NP15_GEN-APND,TH_NP15_GEN-APND,RTM,MGHG,LMP_GHG_PRC,TH_NP15_GEN-APND,ALL_APNODES,0,0.0,5,8
2023-06-20T20:25:00-00:00,2023-06-20T20:30:00-00:00,2023-06-20,14,TH_NP15_GEN-APND,TH_NP15_GEN-APND,TH_NP15_GEN-APND,RTM,MGHG,LMP_GHG_PRC,TH_NP15_GEN-APND,ALL_APNODES,0,0.0,6,8
2023-06-20T20:30:00-00:00,2023-06-20T20:35:00-00:00,2023-06-20,14,TH_NP15_GEN-APND,TH_NP15_GEN-APND,TH_NP15_GEN-APND,RTM,MGHG,LMP_GHG_PRC,TH_NP15_GEN-APND,ALL_APNODES,0,0.0,7,8
2023-06-20T20:35:00-00:00,2023-06-20T20:40:00-00:00,2023-06-20,14,TH_NP15_GEN-APND,TH_NP15_GEN-APND,TH_NP15_GEN-APND,RTM,MGHG,LMP_GHG_PRC,TH_NP15_GEN-APND,ALL_APNODES,0,0.0,8,8
2023-06-20T20:40:00-00:00,2023-06-20T20:45:00-00:00,2023-06-20,14,TH_NP15_GEN-APND,TH_NP15_GEN-APND,TH_NP15_GEN-APND,RTM,MGHG,LMP_GHG_PRC,TH_NP15_GEN-APND,ALL_APNODES,0,0.0,9,8
2023-06-20T20:45:00-00:00,2023-06-20T20:50:00-00:00,2023-06-20,14,TH_NP15_GEN-APND,TH_NP15_GEN-APND,TH_NP15_GEN-APND,RTM,MGHG,LMP_GHG_PRC,TH_NP15_GEN-APND,ALL_APNODES,0,0.0,10,8
2023-06-20T20:50:00-00:00,2023-06-20T20:55:00-00:00,2023-06-20,14,TH_NP15_GEN-APND,TH_NP15_GEN-APND,TH_NP15_GEN-APND,RTM,MGHG,LMP_GHG_PRC,TH_NP15_GEN-APND,ALL_APNODES,0,0.0,11,8
2023-06-20T20:55:00-00:00,2023-06-20T21:00:00-00:00,2023-06-20,14,TH_NP15_GEN-APND,TH_NP15_GEN-APND,TH_NP15_GEN-APND,RTM,MGHG,LMP_GHG_PRC,TH_NP15_GEN-APND,ALL_APNODES,0,0.0,12,8
2023-06-20T21:00:00-00:00,2023-06-20T21:05:00-00:00,2023-06-20,15,TH_NP15_GEN-APND,TH_NP15_GEN-APND,TH_NP15_GEN-APND,RTM,MGHG,LMP_GHG_PRC,TH_NP15_GEN-APND,ALL_APNODES,0,0.0,1,8
2023-06-20T21:05:00-00:00,2023-06-20T21:10:00-00:00,2023-06-20,15,TH_NP15_GEN-APND,TH_NP15_GEN-APND,TH_NP15_GEN-APND,RTM,MGHG,LMP_GHG_PRC,TH_NP15_GEN-APND,ALL_APNODES,0,0.0,2,8
2023-06-20T21:10:00-00:00,2023-06-20T21:15:00-00:00,2023-06-20,15,TH_NP15_GEN-APND,TH_NP15_GEN-APND,TH_NP15_GEN-APND,RTM,MGHG,LMP_GHG_PRC,TH_NP15_GEN-APND,ALL_APNODES,0,0.0,3,8
2023-06-20T21:15:00-00:00,2023-06-20T21:20:00-00:00,2023-06-20,15,TH_NP15_GEN-APND,TH_NP15_GEN-APND,TH_NP15_GEN-APND,RTM,MGHG,LMP_GHG_PRC,TH_NP15_GEN-APND,ALL_APNODES,0,0.0,4,8
2023-06-20T21:20:00-00:00,2023-06-20T21:25:00-00:00,2023-06-20,15,TH_NP15_GEN-APND,TH_NP15_GEN-APND,TH_NP15_GEN-APND,RTM,MGHG,LMP_GHG_PRC,TH_NP15_GEN-APND,ALL_APNODES,0,0.0,5,8
2023-06-20T21:25:00-00:00,2023-06-20T21:30:00-00:00,2023-06-20,15,TH_NP15_GEN-APND,TH_NP15_GEN-APND,TH_NP15_GEN-APND,RTM,MGHG,LMP_GHG_PRC,TH_NP15_GEN-APND,ALL_APNODES,0,0.0,6,8
2023-06-20T21:30:00-00:00,2023-06-20T21:35:00-00:00,2023-06-20,15,TH_NP15_GEN-APND,TH_NP15_GEN-APND,TH_NP15_GEN-APND,RTM,MGHG,LMP_GHG_PRC,TH_NP15_GEN-APND,ALL_APNODES,0,0.0,7,8
2023-06-20T21:35:00-00:00,2023-06-20T21:40:00-00:00,2023-06-20,15,TH_NP15_GEN-APND,TH_NP15_GEN-APND,TH_NP15_GEN-APND,RTM,MGHG,LMP_GHG_PRC,TH_NP15_GEN-APND,ALL_APNODES,0,0.0,8,8
2023-06-20T21:40:00-00:00,2023-06-20T21:45:00-00:00,2023-06-20,15,TH_NP15_GEN-APND,TH_NP15_GEN-APND,TH_NP15_GEN-APND,RTM,MGHG,LMP_GHG_PRC,TH_NP15_GEN-APND,ALL_APNODES,0,0.0,9,8
2023-06-20T21:45:00-00:00,2023-06-20T21:50:00-00:00,2023-06-20,15,TH_NP15_GEN-APND,TH_NP15_GEN-APND,TH_NP15_GEN-APND,RTM,MGHG,LMP_GHG_PRC,TH_NP15_GEN-APND,ALL_APNODES,0,0.0,10,8
2023-06-20T21:50:00-00:00,2023-06-20T21:55:00-00:00,2023-06-20,15,TH_NP15_GEN-APND,TH_NP15_GEN-APND,TH_NP15_GEN-APND,RTM,MGHG,LMP_GHG_PRC,TH_NP15_GEN-APND,ALL_APNODES,0,0.0,11,8
2023-06-20T21:55:00-00:00,2023-06-20T22:00:00-00:00,2023-06-20,15,TH_NP15_GEN-APND,TH_NP15_GEN-APND,TH_NP15_GEN-APND,RTM,MGHG,LMP_GHG_PRC,TH_NP15_GEN-APND,ALL_APNODES,0,0.0,12,8
2023-06-20T22:00:00-00:00,2023-06-20T22:05:00-00:00,2023-06-20,16,TH_NP15_GEN-APND,TH_NP15_GEN-APND,TH_NP15_GEN-APND,RTM,MGHG,LMP_GHG_PRC,TH_NP15_GEN-APND,ALL_APNODES,0,0.0,1,8
2023-06-20T22:05:00-00:00,2023-06-20T22:10:00-00:00,2023-06-20,16,TH_NP15_GEN-APND,TH_NP15_GEN-APND,TH_NP15_GEN-APND,RTM,MGHG,LMP_GHG_PRC,TH_NP15_GEN-APND,ALL_APNODES,0,0.0,2,8
2023-06-20T22:10:00-00:00,2023-06-20T22:15:00-00:00,2023-06-20,16,TH_NP15_GEN-APND,TH_NP15_GEN-APND,TH_NP15_GEN-APND,RTM,MGHG,LMP_GHG_PRC,TH_NP15_GEN-APND,ALL_APNODES,0,0.0,3,8
2023-06-20T22:15:00-00:00,2023-06-20T22:20:00-00:00,2023-06-20,16,TH_NP15_GEN-APND,TH_NP15_GEN-APND,TH_NP15_GEN-APND,RTM,MGHG,LMP_GHG_PRC,TH_NP15_GEN-APND,ALL_APNODES,0,0.0,4,8
2023-06-20T22:20:00-00:00,2023-06-20T22:25:00-00:00,2023-06-20,16,TH_NP15_GEN-APND,TH_NP15_GEN-APND,TH_NP15_GEN-APND,RTM,MGHG,LMP_GHG_PRC,TH_NP15_GEN-APND,ALL_APNODES,0,0.0,5,8
2023-06-20T22:25:00-00:00,2023-06-20T22:30:00-00:00,2023-06-20,16,TH_NP15_GEN-APND,TH_NP15_GEN-APND,TH_NP15_GEN-APND,RTM,MGHG,LMP_GHG_PRC,TH_NP15_GEN-APND,ALL_APNODES,0,0.0,6,8
2023-06-20T22:30:00-00:00,2023-06-20T22:35:00-00:00,2023-06-20,16,TH_NP15_GEN-APND,TH_NP15_GEN-APND,TH_NP15_GEN-APND,RTM,MGHG,LMP_GHG_PRC,TH_NP15_GEN-APND,ALL_APNODES,0,0.0,7,8
2023-06-20T22:35:00-00:00,2023-06-20T22:40:00-00:00,2023-06-20,16,TH_NP15_GEN-APND,TH_NP15_GEN-APND,TH_NP15_GEN-APND,RTM,MGHG,LMP_GHG_PRC,TH_NP15_GEN-APND,ALL_APNODES,0,0.0,8,8
2023-06-20T22:40:00-00:00,2023-06-20T22:45:00-00:00,2023-06-20,16,TH_NP15_GEN-APND,TH_NP15_GEN-APND,TH_NP15_GEN-APND,RTM,MGHG,LMP_GHG_PRC,TH_NP15_GEN-APND,ALL_APNODES,0,0.0,9,8
2023-06-20T22:45:00-00:00,2023-06-20T22:50:00-00:00,2023-06-20,16,TH_NP15_GEN-APND,TH_NP15_GEN-APND,TH_NP15_GEN-APND,RTM,MGHG,LMP_GHG_PRC,TH_NP15_GEN-APND,ALL_APNODES,0,0.0,10,8
2023-06-20T22:50:00-00:00,2023-06-20T22:55:00-00:00,2023-06-20,16,TH_NP15_GEN-APND,TH_NP15_GEN-APND,TH_NP15_GEN-APND,RTM,MGHG,LMP_GHG_PRC,TH_NP15_GEN-APND,ALL_APNODES,0,0.0,11,8
2023-06-20T22:55:00-00:00,2023-06-20T23:00:00-00:00,2023-06-20,16,TH_NP15_GEN-APND,TH_NP15_GEN-APND,TH_NP15_GEN-APND,RTM,MGHG,LMP_GHG_PRC,TH_NP15_GEN-APND,ALL_APNODES,0,0.0,12,8
2023-06-20T23:00:00-00:00,2023-06-20T23:05:00-00:00,2023-06-20,17,TH_NP15_GEN-APND,TH_NP15_GEN-APND,TH_NP15_GEN-APND,RTM,MGHG,LMP_GHG_PRC,TH_NP15_GEN-APND,ALL_APNODES,0,0.0,1,8
2023-06-20T23:05:00-00:00,2023-06-20T23:10:00-00:00,2023-06-20,17,TH_NP15_GEN-APND,TH_NP15_GEN-APND,TH_NP15_GEN-APND,RTM,MGHG,LMP_GHG_PRC,TH_NP15_GEN-APND,ALL_APNODES,0,0.0,2,8
2023-06-20T23:10:00-00:00,2023-06-20T23:15:00-00:00,2023-06-20,17,TH_NP15_GEN-APND,TH_NP15_GEN-APND,TH_NP15_GEN-APND,RTM,MGHG,LMP_GHG_PRC,TH_NP15_GEN-APND,ALL_APNODES,0,0.0,3,8
2023-06-20T23:15:00-00:00,2023-06-20T23:20:00-00:00,2023-06-20,17,TH_NP15_GEN-APND,TH_NP15_GEN-APND,TH_NP15_GEN-APND,RTM,MGHG,LMP_GHG_PRC,TH_NP15_GEN-APND,ALL_APNODES,0,0.0,4,8
2023-06-20T23:20:00-00:00,2023-06-20T23:25:00-00:00,2023-06-20,17,TH_NP15_GEN-APND,TH_NP15_GEN-APND,TH_NP15_GEN-APND,RTM,MGHG,LMP_GHG_PRC,TH_NP15_GEN-APND,ALL_APNODES,0,0.0,5,8
2023-06-20T23:25:00-00:00,2023-06-20T23:30:00-00:00,2023-06-20,17,TH_NP15_GEN-APND,TH_NP15_GEN-APND,TH_NP15_GEN-APND,RTM,MGHG,LMP_GHG_PRC,TH_NP15_GEN-APND,ALL_APNODES,0,0.0,6,8
2023-06-20T23:30:00-00:00,2023-06-20T23:35:00-00:00,2023-06-20,17,TH_NP15_GEN-APND,TH_NP15_GEN-APND,TH_NP15_GEN-APND,RTM,MGHG,LMP_GHG_PRC,TH_NP15_GEN-APND,ALL_APNODES,0,0.0,7,8
2023-06-20T23:35:00-00:00,2023-06-20T23:40:00-00:00,2023-06-20,17,TH_NP15_GEN-APND,TH_NP15_GEN-APND,TH_NP15_GEN-APND,RTM,MGHG,LMP_GHG_PRC,TH_NP15_GEN-APND,ALL_APNODES,0,0.0,8,8
2023-06-20T23:40:00-00:00,2023-06-20T23:45:00-00:00,2023-06-20,17,TH_NP15_GEN-APND,TH_NP15_GEN-APND,TH_NP15_GEN-APND,RTM,MGHG,LMP_GHG_PRC,TH_NP15_GEN-APND,ALL_APNODES,0,0.0,9,8
2023-06-20T23:45:00-00:00,2023-06-20T23:50:00-00:00,2023-06-20,17,TH_NP15_GEN-APND,TH_NP15_GEN-APND,TH_NP15_GEN-APND,RTM,MGHG,LMP_GHG_PRC,TH_NP15_GEN-APND,ALL_APNODES,0,0.0,10,8
2023-06-20T23:50:00-00:00,2023-06-20T23:55:00-00:00,2023-06-20,17,TH_NP15_GEN-APND,TH_NP15_GEN-APND,TH_NP15_GEN-APND,RTM,MGHG,LMP_GHG_PRC,TH_NP15_GEN-APND,ALL_APNODES,0,0.0,11,8
2023-06-20T23:55:00-00:00,2023-06-21T00:00:00-00:00,2023-06-20,17,TH_NP15_GEN-APND,TH_NP15_GEN-APND,TH_NP15_GEN-APND,RTM,MGHG,LMP_GHG_PRC,TH_NP15_GEN-APND,ALL_APNODES,0,0.0,12,8
2023-06-21T00:00:00-00:00,2023-06-21T00:05:00-00:00,2023-06-20,18,TH_NP15_GEN-APND,TH_NP15_GEN-APND,TH_NP15_GEN-APND,RTM,MGHG,LMP_GHG_PRC,TH_NP15_GEN-APND,ALL_APNODES,0,0.0,1,8
2023-06-21T00:05:00-00:00,2023-06-21T00:10:00-00:00,2023-06-20,18,TH_NP15_GEN-APND,TH_NP15_GEN-APND,TH_NP15_GEN-APND,RTM,MGHG,LMP_GHG_PRC,TH_NP15_GEN-APND,ALL_APNODES,0,0.0,2,8
2023-06-21T00:10:00-00:00,2023-06-21T00:15:00-00:00,2023-06-20,18,TH_NP15_GEN-APND,TH_NP15_GEN-APND,TH_NP15_GEN-APND,RTM,MGHG,LMP_GHG_PRC,TH_NP15_GEN-APND,ALL_APNODES,0,0.0,3,8
2023-06-21T00:15:00-00:00,2023-06-21T00:20:00-00:00,2023-06-20,18,TH_NP15_GEN-APND,TH_NP15_GEN-APND,TH_NP15_GEN-APND,RTM,MGHG,LMP_GHG_PRC,TH_NP15_GEN-APND,ALL_APNODES,0,0.0,4,8
2023-06-21T00:20:00-00:00,2023-06-21T00:25:00-00:00,2023-06-20,18,TH_NP15_GEN-APND,TH_NP15_GEN-APND,TH_NP15_GEN-APND,RTM,MGHG,LMP_GHG_PRC,TH_NP15_GEN-APND,ALL_APNODES,0,0.0,5,8
2023-06-21T00:25:00-00:00,2023-06-21T00:30:00-00:00,2023-06-20,18,TH_NP15_GEN-APND,TH_NP15_GEN-APND,TH_NP15_GEN-APND,RTM,MGHG,LMP_GHG_PRC,TH_NP15_GEN-APND,ALL_APNODES,0,0.0,6,8
2023-06-21T00:30:00-00:00,2023-06-21T00:35:00-00:00,2023-06-20,18,TH_NP15_GEN-APND,TH_NP15_GEN-APND,TH_NP15_GEN-APND,RTM,MGHG,LMP_GHG_PRC,TH_NP15_GEN-APND,ALL_APNODES,0,0.0,7,8
2023-06-21T00:35:00-00:00,2023-06-21T00:40:00-00:00,2023-06-20,18,TH_NP15_GEN-APND,TH_NP15_GEN-APND,TH_NP15_GEN-APND,RTM,MGHG,LMP_GHG_PRC,TH_NP15_GEN-APND,ALL_APNODES,0,0.0,8,8
2023-06-21T00:40:00-00:00,2023-06-21T00:45:00-00:00,2023-06-20,18,TH_NP15_GEN-APND,TH_NP15_GEN-APND,TH_NP15_GEN-APND,RTM,MGHG,LMP_GHG_PRC,TH_NP15_GEN-APND,ALL_APNODES,0,0.0,9,8
2023-06-21T00:45:00-00:00,2023-06-21T00:50:00-00:00,2023-06-20,18,TH_NP15_GEN-APND,TH_NP15_GEN-APND,TH_NP15_GEN-APND,RTM,MGHG,LMP_GHG_PRC,TH_NP15_GEN-APND,ALL_APNODES,0,0.0,10,8
2023-06-21T00:50:00-00:00,2023-06-21T00:55:00-00:00,2023-06-20,18,TH_NP15_GEN-APND,TH_NP15_GEN-APND,TH_NP15_GEN-APND,RTM,MGHG,LMP_GHG_PRC,TH_NP15_GEN-APND,ALL_APNODES,0,0.0,11,8
2023-06-21T00:55:00-00:00,2023-06-21T01:00:00-00:00,2023-06-20,18,TH_NP15_GEN-APND,TH_NP15_GEN-APND,TH_NP15_GEN-APND,RTM,MGHG,LMP_GHG_PRC,TH_NP15_GEN-APND,ALL_APNODES,0,0.0,12,8
2023-06-21T01:00:00-00:00,2023-06-21T01:05:00-00:00,2023-06-20,19,TH_NP15_GEN-APND,TH_NP15_GEN-APND,TH_NP15_GEN-APND,RTM,MGHG,LMP_GHG_PRC,TH_NP15_GEN-APND,ALL_APNODES,0,0.0,1,8
2023-06-21T01:05:00-00:00,2023-06-21T01:10:00-00:00,2023-06-20,19,TH_NP15_GEN-APND,TH_NP15_GEN-APND,TH_NP15_GEN-APND,RTM,MGHG,LMP_GHG_PRC,TH_NP15_GEN-APND,ALL_APNODES,0,0.0,2,8
2023-06-21T01:10:00-00:00,2023-06-21T01:15:00-00:00,2023-06-20,19,TH_NP15_GEN-APND,TH_NP15_GEN-APND,TH_NP15_GEN-APND,RTM,MGHG,LMP_GHG_PRC,TH_NP15_GEN-APND,ALL_APNODES,0,0.0,3,8
2023-06-21T01:15:00-00:00,2023-06-21T01:20:00-00:00,2023-06-20,19,TH_NP15_GEN-APND,TH_NP15_GEN-APND,TH_NP15_GEN-APND,RTM,MGHG,LMP_GHG_PRC,TH_NP15_GEN-APND,ALL_APNODES,0,0.0,4,8
2023-06-21T01:20:00-00:00,2023-06-21T01:25:00-00:00,2023-06-20,19,TH_NP15_GEN-APND,TH_NP15_GEN-APND,TH_NP15_GEN-APND,RTM,MGHG,LMP_GHG_PRC,TH_NP15_GEN-APND,ALL_APNODES,0,0.0,5,8
2023-06-21T01:25:00-00:00,2023-06-21T01:30:00-00:00,2023-06-20,19,TH_NP15_GEN-APND,TH_NP15_GEN-APND,TH_NP15_GEN-APND,RTM,MGHG,LMP_GHG_PRC,TH_NP15_GEN-APND,ALL_APNODES,0,0.0,6,8
2023-06-21T01:30:00-00:00,2023-06-21T01:35:00-00:00,2023-06-20,19,TH_NP15_GEN-APND,TH_NP15_GEN-APND,TH_NP15_GEN-APND,RTM,MGHG,LMP_GHG_PRC,TH_NP15_GEN-APND,ALL_APNODES,0,0.0,7,8
2023-06-21T01:35:00-00:00,2023-06-21T01:40:00-00:00,2023-06-20,19,TH_NP15_GEN-APND,TH_NP15_GEN-APND,TH_NP15_GEN-APND,RTM,MGHG,LMP_GHG_PRC,TH_NP15_GEN-APND,ALL_APNODES,0,0.0,8,8
2023-06-21T01:40:00-00:00,2023-06-21T01:45:00-00:00,2023-06-20,19,TH_NP15_GEN-APND,TH_NP15_GEN-APND,TH_NP15_GEN-APND,RTM,MGHG,LMP_GHG_PRC,TH_NP15_GEN-APND,ALL_APNODES,0,0.0,9,8
2023-06-21T01:45:00-00:00,2023-06-21T01:50:00-00:00,2023-06-20,19,TH_NP15_GEN-APND,TH_NP15_GEN-APND,TH_NP15_GEN-APND,RTM,MGHG,LMP_GHG_PRC,TH_NP15_GEN-APND,ALL_APNODES,0,0.0,10,8
2023-06-21T01:50:00-00:00,2023-06-21T01:55:00-00:00,2023-06-20,19,TH_NP15_GEN-APND,TH_NP15_GEN-APND,TH_NP15_GEN-APND,RTM,MGHG,LMP_GHG_PRC,TH_NP15_GEN-APND,ALL_APNODES,0,0.0,11,8
2023-06-21T01:55:00-00:00,2023-06-21T02:00:00-00:00,2023-06-20,19,TH_NP15_GEN-APND,TH_NP15_GEN-APND,TH_NP15_GEN-APND,RTM,MGHG,LMP_GHG_PRC,TH_NP15_GEN-APND,ALL_APNODES,0,0.0,12,8
2023-06-21T02:00:00-00:00,2023-06-21T02:05:00-00:00,2023-06-20,20,TH_NP15_GEN-APND,TH_NP15_GEN-APND,TH_NP15_GEN-APND,RTM,MGHG,LMP_GHG_PRC,TH_NP15_GEN-APND,ALL_APNODES,0,0.0,1,8
2023-06-21T02:05:00-00:00,2023-06-21T02:10:00-00:00,2023-06-20,20,TH_NP15_GEN-APND,TH_NP15_GEN-APND,TH_NP15_GEN-APND,RTM,MGHG,LMP_GHG_PRC,TH_NP15_GEN-APND,ALL_APNODES,0,0.0,2,8
2023-06-21T02:10:00-00:00,2023-06-21T02:15:00-00:00,2023-06-20,20,TH_NP15_GEN-APND,TH_NP15_GEN-APND,TH_NP15_GEN-APND,RTM,MGHG,LMP_GHG_PRC,TH_NP15_GEN-APND,ALL_APNODES,0,0.0,3,8
2023-06-21T02:15:00-00:00,2023-06-21T02:20:00-00:00,2023-06-20,20,TH_NP15_GEN-APND,TH_NP15_GEN-APND,TH_NP15_GEN-APND,RTM,MGHG,LMP_GHG_PRC,TH_NP15_GEN-APND,ALL_APNODES,0,0.0,4,8
2023-06-21T02:20:00-00:00,2023-06-21T02:25:00-00:00,2023-06-20,20,TH_NP15_GEN-APND,TH_NP15_GEN-APND,TH_NP15_GEN-APND,RTM,MGHG,LMP_GHG_PRC,TH_NP15_GEN-APND,ALL_APNODES,0,0.0,5,8
2023-06-21T02:25:00-00:00,2023-06-21T02:30:00-00:00,2023-06-20,20,TH_NP15_GEN-APND,TH_NP15_GEN-APND,TH_NP15_GEN-APND,RTM,MGHG,LMP_GHG_PRC,TH_NP15_GEN-APND,ALL_APNODES,0,0.0,6,8
2023-06-21T02:30:00-00:00,2023-06-21T02:35:00-00:00,2023-06-20,20,TH_NP15_GEN-APND,TH_NP15_GEN-APND,TH_NP15_GEN-APND,RTM,MGHG,LMP_GHG_PRC,TH_NP15_GEN-APND,ALL_APNODES,0,0.0,7,8
2023-06-21T02:35:00-00:00,2023-06-21T02:40:00-00:00,2023-06-20,20,TH_NP15_GEN-APND,TH_NP15_GEN-APND,TH_NP15_GEN-APND,RTM,MGHG,LMP_GHG_PRC,TH_NP15_GEN-APND,ALL_APNODES,0,0.0,8,8
2023-06-21T02:40:00-00:00,2023-06-21T02:45:00-00:00,2023-06-20,20,TH_NP15_GEN-APND,TH_NP15_GEN-APND,TH_NP15_GEN-APND,RTM,MGHG,LMP_GHG_PRC,TH_NP15_GEN-APND,ALL_APNODES,0,0.0,9,8
2023-06-21T02:45:00-00:00,2023-06-21T02:50:00-00:00,2023-06-20,20,TH_NP15_GEN-APND,TH_NP15_GEN-APND,TH_NP15_GEN-APND,RTM,MGHG,LMP_GHG_PRC,TH_NP15_GEN-APND,ALL_APNODES,0,0.0,10,8
2023-06-21T02:50:00-00:00,2023-06-21T02:55:00-00:00,2023-06-20,20,TH_NP15_GEN-APND,TH_NP15_GEN-APND,TH_NP15_GEN-APND,RTM,MGHG,LMP_GHG_PRC,TH_NP15_GEN-APND,ALL_APNODES,0,0.0,11,8
2023-06-21T02:55:00-00:00,2023-06-21T03:00:00-00:00,2023-06-20,20,TH_NP15_GEN-APND,TH_NP15_GEN-APND,TH_NP15_GEN-APND,RTM,MGHG,LMP_GHG_PRC,TH_NP15_GEN-APND,ALL_APNODES,0,0.0,12,8
2023-06-21T03:00:00-00:00,2023-06-21T03:05:00-00:00,2023-06-20,21,TH_NP15_GEN-APND,TH_NP15_GEN-APND,TH_NP15_GEN-APND,RTM,MGHG,LMP_GHG_PRC,TH_NP15_GEN-APND,ALL_APNODES,0,0.0,1,8
2023-06-21T03:05:00-00:00,2023-06-21T03:10:00-00:00,2023-06-20,21,TH_NP15_GEN-APND,TH_NP15_GEN-APND,TH_NP15_GEN-APND,RTM,MGHG,LMP_GHG_PRC,TH_NP15_GEN-APND,ALL_APNODES,0,0.0,2,8
2023-06-21T03:10:00-00:00,2023-06-21T03:15:00-00:00,2023-06-20,21,TH_NP15_GEN-APND,TH_NP15_GEN-APND,TH_NP15_GEN-APND,RTM,MGHG,LMP_GHG_PRC,TH_NP15_GEN-APND,ALL_APNODES,0,0.0,3,8
2023-06-21T03:15:00-00:00,2023-06-21T03:20:00-00:00,2023-06-20,21,TH_NP15_GEN-APND,TH_NP15_GEN-APND,TH_NP15_GEN-APND,RTM,MGHG,LMP_GHG_PRC,TH_NP15_GEN-APND,ALL_APNODES,0,0.0,4,8
2023-06-21T03:20:00-00:00,2023-06-21T03:25:00-00:00,2023-06-20,21,TH_NP15_GEN-APND,TH_NP15_GEN-APND,TH_NP15_GEN-APND,RTM,MGHG,LMP_GHG_PRC,TH_NP15_GEN-APND,ALL_APNODES,0,0.0,5,8
2023-06-21T03:25:00-00:00,2023-06-21T03:30:00-00:00,2023-06-20,21,TH_NP15_GEN-APND,TH_NP15_GEN-APND,TH_NP15_GEN-APND,RTM,MGHG,LMP_GHG_PRC,TH_NP15_GEN-APND,ALL_APNODES,0,0.0,6,8
2023-06-21T03:30:00-00:00,2023-06-21T03:35:00-00:00,2023-06-20,21,TH_NP15_GEN-APND,TH_NP15_GEN-APND,TH_NP15_GEN-APND,RTM,MGHG,LMP_GHG_PRC,TH_NP15_GEN-APND,ALL_APNODES,0,0.0,7,8
2023-06-21T03:35:00-00:00,2023-06-21T03:40:00-00:00,2023-06-20,21,TH_NP15_GEN-APND,TH_NP15_GEN-APND,TH_NP15_GEN-APND,RTM,MGHG,LMP_GHG_PRC,TH_NP15_GEN-APND,ALL_APNODES,0,0.0,8,8
2023-06-21T03:40:00-00:00,2023-06-21T03:45:00-00:00,2023-06-20,21,TH_NP15_GEN-APND,TH_NP15_GEN-APND,TH_NP15_GEN-APND,RTM,MGHG,LMP_GHG_PRC,TH_NP15_GEN-APND,ALL_APNODES,0,0.0,9,8
2023-06-21T03:45:00-00:00,2023-06-21T03:50:00-00:00,2023-06-20,21,TH_NP15_GEN-APND,TH_NP15_GEN-APND,TH_NP15_GEN-APND,RTM,MGHG,LMP_GHG_PRC,TH_NP15_GEN-APND,ALL_APNODES,0,0.0,10,8
2023-06-21T03:50:00-00:00,2023-06-21T03:55:00-00:00,2023-06-20,21,TH_NP15_GEN-APND,TH_NP15_GEN-APND,TH_NP15_GEN-APND,RTM,MGHG,LMP_GHG_PRC,TH_NP15_GEN-APND,ALL_APNODES,0,0.0,11,8
2023-06-21T03:55:00-00:00,2023-06-21T04:00:00-00:00,2023-06-20,21,TH_NP15_GEN-APND,TH_NP15_GEN-APND,TH_NP15_GEN-APND,RTM,MGHG,LMP_GHG_PRC,TH_NP15_GEN-APND,ALL_APNODES,0,0.0,12,8
2023-06-21T04:00:00-00:00,2023-06-21T04:05:00-00:00,2023-06-20,22,TH_NP15_GEN-APND,TH_NP15_GEN-APND,TH_NP15_GEN-APND,RTM,MGHG,LMP_GHG_PRC,TH_NP15_GEN-APND,ALL_APNODES,0,0.0,1,8
2023-06-21T04:05:00-00:00,2023-06-21T04:10:00-00:00,2023-06-20,22,TH_NP15_GEN-APND,TH_NP15_GEN-APND,TH_NP15_GEN-APND,RTM,MGHG,LMP_GHG_PRC,TH_NP15_GEN-APND,ALL_APNODES,0,0.0,2,8
2023-06-21T04:10:00-00:00,2023-06-21T04:15:00-00:00,2023-06-20,22,TH_NP15_GEN-APND,TH_NP15_GEN-APND,TH_NP15_GEN-APND,RTM,MGHG,LMP_GHG_PRC,TH_NP15_GEN-APND,ALL_APNODES,0,0.0,3,8
2023-06-21T04:15:00-00:00,2023-06-21T04:20:00-00:00,2023-06-20,22,TH_NP15_GEN-APND,TH_NP15_GEN-APND,TH_NP15_GEN-APND,RTM,MGHG,LMP_GHG_PRC,TH_NP15_GEN-APND,ALL_APNODES,0,0.0,4,8
2023-06-21T04:20:00-00:00,2023-06-21T04:25:00-00:00,2023-06-20,22,TH_NP15_GEN-APND,TH_NP15_GEN-APND,TH_NP15_GEN-APND,RTM,MGHG,LMP_GHG_PRC,TH_NP15_GEN-APND,ALL_APNODES,0,0.0,5,8
2023-06-21T04:25:00-00:00,2023-06-21T04:30:00-00:00,2023-06-20,22,TH_NP15_GEN-APND,TH_NP15_GEN-APND,TH_NP15_GEN-APND,RTM,MGHG,LMP_GHG_PRC,TH_NP15_GEN-APND,ALL_APNODES,0,0.0,6,8
2023-06-21T04:30:00-00:00,2023-06-21T04:35:00-00:00,2023-06-20,22,TH_NP15_GEN-APND,TH_NP15_GEN-APND,TH_NP15_GEN-APND,RTM,MGHG,LMP_GHG_PRC,TH_NP15_GEN-APND,ALL_APNODES,0,0.0,7,8
2023-06-21T04:35:00-00:00,2023-06-21T04:40:00-00:00,2023-06-20,22,TH_NP15_GEN-APND,TH_NP15_GEN-APND,TH_NP15_GEN-APND,RTM,MGHG,LMP_GHG_PRC,TH_NP15_GEN-APND,ALL_APNODES,0,0.0,8,8
2023-06-21T04:40:00-00:00,2023-06-21T04:45:00-00:00,2023-06-20,22,TH_NP15_GEN-APND,TH_NP15_GEN-APND,TH_NP15_GEN-APND,RTM,MGHG,LMP_GHG_PRC,TH_NP15_GEN-APND,ALL_APNODES,0,0.0,9,8
2023-06-21T04:45:00-00:00,2023-06-21T04:50:00-00:00,2023-06-20,22,TH_NP15_GEN-APND,TH_NP15_GEN-APND,TH_NP15_GEN-APND,RTM,MGHG,LMP_GHG_PRC,TH_NP15_GEN-APND,ALL_APNODES,0,0.0,10,8
2023-06-21T04:50:00-00:00,2023-06-21T04:55:00-00:00,2023-06-20,22,TH_NP15_GEN-APND,TH_NP15_GEN-APND,TH_NP15_GEN-APND,RTM,MGHG,LMP_GHG_PRC,TH_NP15_GEN-APND,ALL_APNODES,0,0.0,11,8
2023-06-21T04:55:00-00:00,2023-06-21T05:00:00-00:00,2023-06-20,22,TH_NP15_GEN-APND,TH_NP15_GEN-APND,TH_NP15_GEN-APND,RTM,MGHG,LMP_GHG_PRC,TH_NP15_GEN-APND,ALL_APNODES,0,0.0,12,8
2023-06-21T05:00:00-00:00,2023-06-21T05:05:00-00:00,2023-06-20,23,TH_NP15_GEN-APND,TH_NP15_GEN-APND,TH_NP15_GEN-APND,RTM,MGHG,LMP_GHG_PRC,TH_NP15_GEN-APND,ALL_APNODES,0,0.0,1,8
2023-06-21T05:05:00-00:00,2023-06-21T05:10:00-00:00,2023-06-20,23,TH_NP15_GEN-APND,TH_NP15_GEN-APND,TH_NP15_GEN-APND,RTM,MGHG,LMP_GHG_PRC,TH_NP15_GEN-APND,ALL_APNODES,0,0.0,2,8
2023-06-21T05:10:00-00:00,2023-06-21T05:15:00-00:00,2023-06-20,23,TH_NP15_GEN-APND,TH_NP15_GEN-APND,TH_NP15_GEN-APND,RTM,MGHG,LMP_GHG_PRC,TH_NP15_GEN-APND,ALL_APNODES,0,0.0,3,8
2023-06-21T05:15:00-00:00,2023-06-21T05:20:00-00:00,2023-06-20,23,TH_NP15_GEN-APND,TH_NP15_GEN-APND,TH_NP15_GEN-APND,RTM,MGHG,LMP_GHG_PRC,TH_NP15_GEN-APND,ALL_APNODES,0,0.0,4,8
2023-06-21T05:20:00-00:00,2023-06-21T05:25:00-00:00,2023-06-20,23,TH_NP15_GEN-APND,TH_NP15_GEN-APND,TH_NP15_GEN-APND,RTM,MGHG,LMP_GHG_PRC,TH_NP15_GEN-APND,ALL_APNODES,0,0.0,5,8
2023-06-21T05:25:00-00:00,2023-06-21T05:30:00-00:00,2023-06-20,23,TH_NP15_GEN-APND,TH_NP15_GEN-APND,TH_NP15_GEN-APND,RTM,MGHG,LMP_GHG_PRC,TH_NP15_GEN-APND,ALL_APNODES,0,0.0,6,8
2023-06-21T05:30:00-00:00,2023-06-21T05:35:00-00:00,2023-06-20,23,TH_NP15_GEN-APND,TH_NP15_GEN-APND,TH_NP15_GEN-APND,RTM,MGHG,LMP_GHG_PRC,TH_NP15_GEN-APND,ALL_APNODES,0,0.0,7,8
2023-06-21T05:35:00-00:00,2023-06-21T05:40:00-00:00,2023-06-20,23,TH_NP15_GEN-APND,TH_NP15_GEN-APND,TH_NP15_GEN-APND,RTM,MGHG,LMP_GHG_PRC,TH_NP15_GEN-APND,ALL_APNODES,0,0.0,8,8
2023-06-21T05:40:00-00:00,2023-06-21T05:45:00-00:00,2023-06-20,23,TH_NP15_GEN-APND,TH_NP15_GEN-APND,TH_NP15_GEN-APND,RTM,MGHG,LMP_GHG_PRC,TH_NP15_GEN-APND,ALL_APNODES,0,0.0,9,8
2023-06-21T05:45:00-00:00,2023-06-21T05:50:00-00:00,2023-06-20,23,TH_NP15_GEN-APND,TH_NP15_GEN-APND,TH_NP15_GEN-APND,RTM,MGHG,LMP_GHG_PRC,TH_NP15_GEN-APND,ALL_APNODES,0,0.0,10,8
2023-06-21T05:50:00-00:00,2023-06-21T05:55:00-00:00,2023-06-20,23,TH_NP15_GEN-APND,TH_NP15_GEN-APND,TH_NP15_GEN-APND,RTM,MGHG,LMP_GHG_PRC,TH_NP15_GEN-APND,ALL_APNODES,0,0.0,11,8
2023-06-21T05:55:00-00:00,2023-06-21T06:00:00-00:00,2023-06-20,23,TH_NP15_GEN-APND,TH_NP15_GEN-APND,TH_NP15_GEN-APND,RTM,MGHG,LMP_GHG_PRC,TH_NP15_GEN-APND,ALL_APNODES,0,0.0,12,8
2023-06-21T06:00:00-00:00,2023-06-21T06:05:00-00:00,2023-06-20,24,TH_NP15_GEN-APND,TH_NP15_GEN-APND,TH_NP15_GEN-APND,RTM,MGHG,LMP_GHG_PRC,TH_NP15_GEN-APND,ALL_APNODES,0,0.0,1,8
2023-06-21T06:05:00-00:00,2023-06-21T06:10:00-00:00,2023-06-20,24,TH_NP15_GEN-APND,TH_NP15_GEN-APND,TH_NP15_GEN-APND,RTM,MGHG,LMP_GHG_PRC,TH_NP15_GEN-APND,ALL_APNODES,0,0.0,2,8
2023-06-21T06:10:00-00:00,2023-06-21T06:15:00-00:00,2023-06-20,24,TH_NP15_GEN-APND,TH_NP15_GEN-APND,TH_NP15_GEN-APND,RTM,MGHG,LMP_GHG_PRC,TH_NP15_GEN-APND,ALL_APNODES,0,0.0,3,8
2023-06-21T06:15:00-00:00,2023-06-21T06:20:00-00:00,2023-06-20,24,TH_NP15_GEN-APND,TH_NP15_GEN-APND,TH_NP15_GEN-APND,RTM,MGHG,LMP_GHG_PRC,TH_NP15_GEN-APND,ALL_APNODES,0,0.0,4,8
2023-06-21T06:20:00-00:00,2023-06-21T06:25:00-00:00,2023-06-20,24,TH_NP15_GEN-APND,TH_NP15_GEN-APND,TH_NP15_GEN-APND,RTM,MGHG,LMP_GHG_PRC,TH_NP15_GEN-APND,ALL_APNODES,0,0.0,5,8
2023-06-21T06:25:00-00:00,2023-06-21T06:30:00-00:00,2023-06-20,24,TH_NP15_GEN-APND,TH_NP15_GEN-APND,TH_NP15_GEN-APND,RTM,MGHG,LMP_GHG_PRC,TH_NP15_GEN-APND,ALL_APNODES,0,0.0,6,8
2023-06-21T06:30:00-00:00,2023-06-21T06:35:00-00:00,2023-06-20,24,TH_NP15_GEN-APND,TH_NP15_GEN-APND,TH_NP15_GEN-APND,RTM,MGHG,LMP_GHG_PRC,TH_NP15_GEN-APND,ALL_APNODES,0,0.0,7,8
2023-06-21T06:35:00-00:00,2023-06-21T06:40:00-00:00,2023-06-20,24,TH_NP15_GEN-APND,TH_NP15_GEN-APND,TH_NP15_GEN-APND,RTM,MGHG,LMP_GHG_PRC,TH_NP15_GEN-APND,ALL_APNODES,0,0.0,8,8
2023-06-21T06:40:00-00:00,2023-06-21T06:45:00-00:00,2023-06-20,24,TH_NP15_GEN-APND,TH_NP15_GEN-APND,TH_NP15_GEN-APND,RTM,MGHG,LMP_GHG_PRC,TH_NP15_GEN-APND,ALL_APNODES,0,0.0,9,8
2023-06-21T06:45:00-00:00,2023-06-21T06:50:00-00:00,2023-06-20,24,TH_NP15_GEN-APND,TH_NP15_GEN-APND,TH_NP15_GEN-APND,RTM,MGHG,LMP_GHG_PRC,TH_NP15_GEN-APND,ALL_APNODES,0,0.0,10,8
2023-06-21T06:50:00-00:00,2023-06-21T06:55:00-00:00,2023-06-20,24,TH_NP15_GEN-APND,TH_NP15_GEN-APND,TH_NP15_GEN-APND,RTM,MGHG,LMP_GHG_PRC,TH_NP15_GEN-APND,ALL_APNODES,0,0.0,11,8
2023-06-21T06:55:00-00:00,2023-06-21T07:00:00-00:00,2023-06-20,24,TH_NP15_GEN-APND,TH_NP15_GEN-APND,TH_NP15_GEN-APND,RTM,MGHG,LMP_GHG_PRC,TH_NP15_GEN-APND,ALL_APNODES,0,0.0,12,8
2023-06-20T07:00:00-00:00,2023-06-20T07:05:00-00:00,2023-06-20,1,TH_NP15_GEN-APND,TH_NP15_GEN-APND,TH_NP15_GEN-APND,RTM,MCL,LMP_LOSS_PRC,TH_NP15_GEN-APND,ALL_APNODES,0,-0.76289,1,9
2023-06-20T07:05:00-00:00,2023-06-20T07:10:00-00:00,2023-06-20,1,TH_NP15_GEN-APND,TH_NP15_GEN-APND,TH_NP15_GEN-APND,RTM,MCL,LMP_LOSS_PRC,TH_NP15_GEN-APND,ALL_APNODES,0,-0.98649,2,9
2023-06-20T07:10:00-00:00,2023-06-20T07:15:00-00:00,2023-06-20,1,TH_NP15_GEN-APND,TH_NP15_GEN-APND,TH_NP15_GEN-APND,RTM,MCL,LMP_LOSS_PRC,TH_NP15_GEN-APND,ALL_APNODES,0,-0.98649,3,9
2023-06-20T07:15:00-00:00,2023-06-20T07:20:00-00:00,2023-06-20,1,TH_NP15_GEN-APND,TH_NP15_GEN-APND,TH_NP15_GEN-APND,RTM,MCL,LMP_LOSS_PRC,TH_NP15_GEN-APND,ALL_APNODES,0,-0.93693,4,9
2023-06-20T07:20:00-00:00,2023-06-20T07:25:00-00:00,2023-06-20,1,TH_NP15_GEN-APND,TH_NP15_GEN-APND,TH_NP15_GEN-APND,RTM,MCL,LMP_LOSS_PRC,TH_NP15_GEN-APND,ALL_APNODES,0,-0.77563,5,9
2023-06-20T07:25:00-00:00,2023-06-20T07:30:00-00:00,2023-06-20,1,TH_NP15_GEN-APND,TH_NP15_GEN-APND,TH_NP15_GEN-APND,RTM,MCL,LMP_LOSS_PRC,TH_NP15_GEN-APND,ALL_APNODES,0,-0.75733,6,9
2023-06-20T07:30:00-00:00,2023-06-20T07:35:00-00:00,2023-06-20,1,TH_NP15_GEN-APND,TH_NP15_GEN-APND,TH_NP15_GEN-APND,RTM,MCL,LMP_LOSS_PRC,TH_NP15_GEN-APND,ALL_APNODES,0,-0.73724,7,9
2023-06-20T07:35:00-00:00,2023-06-20T07:40:00-00:00,2023-06-20,1,TH_NP15_GEN-APND,TH_NP15_GEN-APND,TH_NP15_GEN-APND,RTM,MCL,LMP_LOSS_PRC,TH_NP15_GEN-APND,ALL_APNODES,0,-0.71575,8,9
2023-06-20T07:40:00-00:00,2023-06-20T07:45:00-00:00,2023-06-20,1,TH_NP15_GEN-APND,TH_NP15_GEN-APND,TH_NP15_GEN-APND,RTM,MCL,LMP_LOSS_PRC,TH_NP15_GEN-APND,ALL_APNODES,0,-0.69584,9,9
2023-06-20T07:45:00-00:00,2023-06-20T07:50:00-00:00,2023-06-20,1,TH_NP15_GEN-APND,TH_NP15_GEN-APND,TH_NP15_GEN-APND,RTM,MCL,LMP_LOSS_PRC,TH_NP15_GEN-APND,ALL_APNODES,0,-0.74318,10,9
2023-06-20T07:50:00-00:00,2023-06-20T07:55:00-00:00,2023-06-20,1,TH_NP15_GEN-APND,TH_NP15_GEN-APND,TH_NP15_GEN-APND,RTM,MCL,LMP_LOSS_PRC,TH_NP15_GEN-APND,ALL_APNODES,0,-0.74248,11,9
2023-06-20T07:55:00-00:00,2023-06-20T08:00:00-00:00,2023-06-20,1,TH_NP15_GEN-APND,TH_NP15_GEN-APND,TH_NP15_GEN-APND,RTM,MCL,LMP_LOSS_PRC,TH_NP15_GEN-APND,ALL_APNODES,0,-0.74248,12,9
2023-06-20T08:00:00-00:00,2023-06-20T08:05:00-00:00,2023-06-20,2,TH_NP15_GEN-APND,TH_NP15_GEN-APND,TH_NP15_GEN-APND,RTM,MCL,LMP_LOSS_PRC,TH_NP15_GEN-APND,ALL_APNODES,0,-0.88143,1,9
2023-06-20T08:05:00-00:00,2023-06-20T08:10:00-00:00,2023-06-20,2,TH_NP15_GEN-APND,TH_NP15_GEN-APND,TH_NP15_GEN-APND,RTM,MCL,LMP_LOSS_PRC,TH_NP15_GEN-APND,ALL_APNODES,0,-0.95619,2,9
2023-06-20T08:10:00-00:00,2023-06-20T08:15:00-00:00,2023-06-20,2,TH_NP15_GEN-APND,TH_NP15_GEN-APND,TH_NP15_GEN-APND,RTM,MCL,LMP_LOSS_PRC,TH_NP15_GEN-APND,ALL_APNODES,0,-0.92691,3,9
2023-06-20T08:15:00-00:00,2023-06-20T08:20:00-00:00,2023-06-20,2,TH_NP15_GEN-APND,TH_NP15_GEN-APND,TH_NP15_GEN-APND,RTM,MCL,LMP_LOSS_PRC,TH_NP15_GEN-APND,ALL_APNODES,0,-1.09827,4,9
2023-06-20T08:20:00-00:00,2023-06-20T08:25:00-00:00,2023-06-20,2,TH_NP15_GEN-APND,TH_NP15_GEN-APND,TH_NP15_GEN-APND,RTM,MCL,LMP_LOSS_PRC,TH_NP15_GEN-APND,ALL_APNODES,0,-1.13824,5,9
2023-06-20T08:25:00-00:00,2023-06-20T08:30:00-00:00,2023-06-20,2,TH_NP15_GEN-APND,TH_NP15_GEN-APND,TH_NP15_GEN-APND,RTM,MCL,LMP_LOSS_PRC,TH_NP15_GEN-APND,ALL_APNODES,0,-1.10212,6,9
2023-06-20T08:30:00-00:00,2023-06-20T08:35:00-00:00,2023-06-20,2,TH_NP15_GEN-APND,TH_NP15_GEN-APND,TH_NP15_GEN-APND,RTM,MCL,LMP_LOSS_PRC,TH_NP15_GEN-APND,ALL_APNODES,0,-0.95329,7,9
2023-06-20T08:35:00-00:00,2023-06-20T08:40:00-00:00,2023-06-20,2,TH_NP15_GEN-APND,TH_NP15_GEN-APND,TH_NP15_GEN-APND,RTM,MCL,LMP_LOSS_PRC,TH_NP15_GEN-APND,ALL_APNODES,0,-0.90637,8,9
2023-06-20T08:40:00-00:00,2023-06-20T08:45:00-00:00,2023-06-20,2,TH_NP15_GEN-APND,TH_NP15_GEN-APND,TH_NP15_GEN-APND,RTM,MCL,LMP_LOSS_PRC,TH_NP15_GEN-APND,ALL_APNODES,0,-0.9067,9,9
2023-06-20T08:45:00-00:00,2023-06-20T08:50:00-00:00,2023-06-20,2,TH_NP15_GEN-APND,TH_NP15_GEN-APND,TH_NP15_GEN-APND,RTM,MCL,LMP_LOSS_PRC,TH_NP15_GEN-APND,ALL_APNODES,0,-0.9053,10,9
2023-06-20T08:50:00-00:00,2023-06-20T08:55:00-00:00,2023-06-20,2,TH_NP15_GEN-APND,TH_NP15_GEN-APND,TH_NP15_GEN-APND,RTM,MCL,LMP_LOSS_PRC,TH_NP15_GEN-APND,ALL_APNODES,0,-0.9053,11,9
2023-06-20T08:55:00-00:00,2023-06-20T09:00:00-00:00,2023-06-20,2,TH_NP15_GEN-APND,TH_NP15_GEN-APND,TH_NP15_GEN-APND,RTM,MCL,LMP_LOSS_PRC,TH_NP15_GEN-APND,ALL_APNODES,0,-0.9053,12,9
2023-06-20T09:00:00-00:00,2023-06-20T09:05:00-00:00,2023-06-20,3,TH_NP15_GEN-APND,TH_NP15_GEN-APND,TH_NP15_GEN-APND,RTM,MCL,LMP_LOSS_PRC,TH_NP15_GEN-APND,ALL_APNODES,0,-0.86271,1,9
2023-06-20T09:05:00-00:00,2023-06-20T09:10:00-00:00,2023-06-20,3,TH_NP15_GEN-APND,TH_NP15_GEN-APND,TH_NP15_GEN-APND,RTM,MCL,LMP_LOSS_PRC,TH_NP15_GEN-APND,ALL_APNODES,0,-0.84016,2,9
2023-06-20T09:10:00-00:00,2023-06-20T09:15:00-00:00,2023-06-20,3,TH_NP15_GEN-APND,TH_NP15_GEN-APND,TH_NP15_GEN-APND,RTM,MCL,LMP_LOSS_PRC,TH_NP15_GEN-APND,ALL_APNODES,0,-0.78929,3,9
2023-06-20T09:15:00-00:00,2023-06-20T09:20:00-00:00,2023-06-20,3,TH_NP15_GEN-APND,TH_NP15_GEN-APND,TH_NP15_GEN-APND,RTM,MCL,LMP_LOSS_PRC,TH_NP15_GEN-APND,ALL_APNODES,0,-0.73357,4,9
2023-06-20T09:20:00-00:00,2023-06-20T09:25:00-00:00,2023-06-20,3,TH_NP15_GEN-APND,TH_NP15_GEN-APND,TH_NP15_GEN-APND,RTM,MCL,LMP_LOSS_PRC,TH_NP15_GEN-APND,ALL_APNODES,0,-0.73737,5,9
2023-06-20T09:25:00-00:00,2023-06-20T09:30:00-00:00,2023-06-20,3,TH_NP15_GEN-APND,TH_NP15_GEN-APND,TH_NP15_GEN-APND,RTM,MCL,LMP_LOSS_PRC,TH_NP15_GEN-APND,ALL_APNODES,0,-1.055,6,9
2023-06-20T09:30:00-00:00,2023-06-20T09:35:00-00:00,2023-06-20,3,TH_NP15_GEN-APND,TH_NP15_GEN-APND,TH_NP15_GEN-APND,RTM,MCL,LMP_LOSS_PRC,TH_NP15_GEN-APND,ALL_APNODES,0,-0.60508,7,9
2023-06-20T09:35:00-00:00,2023-06-20T09:40:00-00:00,2023-06-20,3,TH_NP15_GEN-APND,TH_NP15_GEN-APND,TH_NP15_GEN-APND,RTM,MCL,LMP_LOSS_PRC,TH_NP15_GEN-APND,ALL_APNODES,0,-0.60915,8,9
2023-06-20T09:40:00-00:00,2023-06-20T09:45:00-00:00,2023-06-20,3,TH_NP15_GEN-APND,TH_NP15_GEN-APND,TH_NP15_GEN-APND,RTM,MCL,LMP_LOSS_PRC,TH_NP15_GEN-APND,ALL_APNODES,0,-0.58547,9,9
2023-06-20T09:45:00-00:00,2023-06-20T09:50:00-00:00,2023-06-20,3,TH_NP15_GEN-APND,TH_NP15_GEN-APND,TH_NP15_GEN-APND,RTM,MCL,LMP_LOSS_PRC,TH_NP15_GEN-APND,ALL_APNODES,0,-0.57401,10,9
2023-06-20T09:50:00-00:00,2023-06-20T09:55:00-00:00,2023-06-20,3,TH_NP15_GEN-APND,TH_NP15_GEN-APND,TH_NP15_GEN-APND,RTM,MCL,LMP_LOSS_PRC,TH_NP15_GEN-APND,ALL_APNODES,0,-0.56126,11,9
2023-06-20T09:55:00-00:00,2023-06-20T10:00:00-00:00,2023-06-20,3,TH_NP15_GEN-APND,TH_NP15_GEN-APND,TH_NP15_GEN-APND,RTM,MCL,LMP_LOSS_PRC,TH_NP15_GEN-APND,ALL_APNODES,0,-0.5443,12,9
2023-06-20T10:00:00-00:00,2023-06-20T10:05:00-00:00,2023-06-20,4,TH_NP15_GEN-APND,TH_NP15_GEN-APND,TH_NP15_GEN-APND,RTM,MCL,LMP_LOSS_PRC,TH_NP15_GEN-APND,ALL_APNODES,0,-0.57032,1,9
2023-06-20T10:05:00-00:00,2023-06-20T10:10:00-00:00,2023-06-20,4,TH_NP15_GEN-APND,TH_NP15_GEN-APND,TH_NP15_GEN-APND,RTM,MCL,LMP_LOSS_PRC,TH_NP15_GEN-APND,ALL_APNODES,0,-0.56451,2,9
2023-06-20T10:10:00-00:00,2023-06-20T10:15:00-00:00,2023-06-20,4,TH_NP15_GEN-APND,TH_NP15_GEN-APND,TH_NP15_GEN-APND,RTM,MCL,LMP_LOSS_PRC,TH_NP15_GEN-APND,ALL_APNODES,0,-0.55421,3,9
2023-06-20T10:15:00-00:00,2023-06-20T10:20:00-00:00,2023-06-20,4,TH_NP15_GEN-APND,TH_NP15_GEN-APND,TH_NP15_GEN-APND,RTM,MCL,LMP_LOSS_PRC,TH_NP15_GEN-APND,ALL_APNODES,0,-0.52669,4,9
2023-06-20T10:20:00-00:00,2023-06-20T10:25:00-00:00,2023-06-20,4,TH_NP15_GEN-APND,TH_NP15_GEN-APND,TH_NP15_GEN-APND,RTM,MCL,LMP_LOSS_PRC,TH_NP15_GEN-APND,ALL_APNODES,0,-0.51575,5,9
2023-06-20T10:25:00-00:00,2023-06-20T10:30:00-00:00,2023-06-20,4,TH_NP15_GEN-APND,TH_NP15_GEN-APND,TH_NP15_GEN-APND,RTM,MCL,LMP_LOSS_PRC,TH_NP15_GEN-APND,ALL_APNODES,0,-0.51268,6,9
2023-06-20T10:30:00-00:00,2023-06-20T10:35:00-00:00,2023-06-20,4,TH_NP15_GEN-APND,TH_NP15_GEN-APND,TH_NP15_GEN-APND,RTM,MCL,LMP_LOSS_PRC,TH_NP15_GEN-APND,ALL_APNODES,0,-0.47028,7,9
2023-06-20T10:35:00-00:00,2023-06-20T10:40:00-00:00,2023-06-20,4,TH_NP15_GEN-APND,TH_NP15_GEN-APND,TH_NP15_GEN-APND,RTM,MCL,LMP_LOSS_PRC,TH_NP15_GEN-APND,ALL_APNODES,0,-0.47028,8,9
2023-06-20T10:40:00-00:00,2023-06-20T10:45:00-00:00,2023-06-20,4,TH_NP15_GEN-APND,TH_NP15_GEN-APND,TH_NP15_GEN-APND,RTM,MCL,LMP_LOSS_PRC,TH_NP15_GEN-APND,ALL_APNODES,0,-0.47495,9,9
2023-06-20T10:45:00-00:00,2023-06-20T10:50:00-00:00,2023-06-20,4,TH_NP15_GEN-APND,TH_NP15_GEN-APND,TH_NP15_GEN-APND,RTM,MCL,LMP_LOSS_PRC,TH_NP15_GEN-APND,ALL_APNODES,0,-0.46585,10,9
2023-06-20T10:50:00-00:00,2023-06-20T10:55:00-00:00,2023-06-20,4,TH_NP15_GEN-APND,TH_NP15_GEN-APND,TH_NP15_GEN-APND,RTM,MCL,LMP_LOSS_PRC,TH_NP15_GEN-APND,ALL_APNODES,0,-0.46585,11,9
2023-06-20T10:55:00-00:00,2023-06-20T11:00:00-00:00,2023-06-20,4,TH_NP15_GEN-APND,TH_NP15_GEN-APND,TH_NP15_GEN-APND,RTM,MCL,LMP_LOSS_PRC,TH_NP15_GEN-APND,ALL_APNODES,0,-0.45019,12,9
2023-06-20T11:00:00-00:00,2023-06-20T11:05:00-00:00,2023-06-20,5,TH_NP15_GEN-APND,TH_NP15_GEN-APND,TH_NP15_GEN-APND,RTM,MCL,LMP_LOSS_PRC,TH_NP15_GEN-APND,ALL_APNODES,0,-0.4679,1,9
2023-06-20T11:05:00-00:00,2023-06-20T11:10:00-00:00,2023-06-20,5,TH_NP15_GEN-APND,TH_NP15_GEN-APND,TH_NP15_GEN-APND,RTM,MCL,LMP_LOSS_PRC,TH_NP15_GEN-APND,ALL_APNODES,0,-0.45415,2,9
2023-06-20T11:10:00-00:00,2023-06-20T11:15:00-00:00,2023-06-20,5,TH_NP15_GEN-APND,TH_NP15_GEN-APND,TH_NP15_GEN-APND,RTM,MCL,LMP_LOSS_PRC,TH_NP15_GEN-APND,ALL_APNODES,0,-0.45214,3,9
2023-06-20T11:15:00-00:00,2023-06-20T11:20:00-00:00,2023-06-20,5,TH_NP15_GEN-APND,TH_NP15_GEN-APND,TH_NP15_GEN-APND,RTM,MCL,LMP_LOSS_PRC,TH_NP15_GEN-APND,ALL_APNODES,0,-0.47581,4,9
2023-06-20T11:20:00-00:00,2023-06-20T11:25:00-00:00,2023-06-20,5,TH_NP15_GEN-APND,TH_NP15_GEN-APND,TH_NP15_GEN-APND,RTM,MCL,LMP_LOSS_PRC,TH_NP15_GEN-APND,ALL_APNODES,0,-0.50416,5,9
2023-06-20T11:25:00-00:00,2023-06-20T11:30:00-00:00,2023-06-20,5,TH_NP15_GEN-APND,TH_NP15_GEN-APND,TH_NP15_GEN-APND,RTM,MCL,LMP_LOSS_PRC,TH_NP15_GEN-APND,ALL_APNODES,0,-0.50803,6,9
2023-06-20T11:30:00-00:00,2023-06-20T11:35:00-00:00,2023-06-20,5,TH_NP15_GEN-APND,TH_NP15_GEN-APND,TH_NP15_GEN-APND,RTM,MCL,LMP_LOSS_PRC,TH_NP15_GEN-APND,ALL_APNODES,0,-0.57451,7,9
2023-06-20T11:35:00-00:00,2023-06-20T11:40:00-00:00,2023-06-20,5,TH_NP15_GEN-APND,TH_NP15_GEN-APND,TH_NP15_GEN-APND,RTM,MCL,LMP_LOSS_PRC,TH_NP15_GEN-APND,ALL_APNODES,0,-0.62219,8,9
2023-06-20T11:40:00-00:00,2023-06-20T11:45:00-00:00,2023-06-20,5,TH_NP15_GEN-APND,TH_NP15_GEN-APND,TH_NP15_GEN-APND,RTM,MCL,LMP_LOSS_PRC,TH_NP15_GEN-APND,ALL_APNODES,0,-0.69216,9,9
2023-06-20T11:45:00-00:00,2023-06-20T11:50:00-00:00,2023-06-20,5,TH_NP15_GEN-APND,TH_NP15_GEN-APND,TH_NP15_GEN-APND,RTM,MCL,LMP_LOSS_PRC,TH_NP15_GEN-APND,ALL_APNODES,0,-0.64681,10,9
2023-06-20T11:50:00-00:00,2023-06-20T11:55:00-00:00,2023-06-20,5,TH_NP15_GEN-APND,TH_NP15_GEN-APND,TH_NP15_GEN-APND,RTM,MCL,LMP_LOSS_PRC,TH_NP15_GEN-APND,ALL_APNODES,0,-0.65013,11,9
2023-06-20T11:55:00-00:00,2023-06-20T12:00:00-00:00,2023-06-20,5,TH_NP15_GEN-APND,TH_NP15_GEN-APND,TH_NP15_GEN-APND,RTM,MCL,LMP_LOSS_PRC,TH_NP15_GEN-APND,ALL_APNODES,0,-0.673,12,9
2023-06-20T12:00:00-00:00,2023-06-20T12:05:00-00:00,2023-06-20,6,TH_NP15_GEN-APND,TH_NP15_GEN-APND,TH_NP15_GEN-APND,RTM,MCL,LMP_LOSS_PRC,TH_NP15_GEN-APND,ALL_APNODES,0,-0.79211,1,9
2023-06-20T12:05:00-00:00,2023-06-20T12:10:00-00:00,2023-06-20,6,TH_NP15_GEN-APND,TH_NP15_GEN-APND,TH_NP15_GEN-APND,RTM,MCL,LMP_LOSS_PRC,TH_NP15_GEN-APND,ALL_APNODES,0,-0.80504,2,9
2023-06-20T12:10:00-00:00,2023-06-20T12:15:00-00:00,2023-06-20,6,TH_NP15_GEN-APND,TH_NP15_GEN-APND,TH_NP15_GEN-APND,RTM,MCL,LMP_LOSS_PRC,TH_NP15_GEN-APND,ALL_APNODES,0,-0.81005,3,9
2023-06-20T12:15:00-00:00,2023-06-20T12:20:00-00:00,2023-06-20,6,TH_NP15_GEN-APND,TH_NP15_GEN-APND,TH_NP15_GEN-APND,RTM,MCL,LMP_LOSS_PRC,TH_NP15_GEN-APND,ALL_APNODES,0,-0.73174,4,9
2023-06-20T12:20:00-00:00,2023-06-20T12:25:00-00:00,2023-06-20,6,TH_NP15_GEN-APND,TH_NP15_GEN-APND,TH_NP15_GEN-APND,RTM,MCL,LMP_LOSS_PRC,TH_NP15_GEN-APND,ALL_APNODES,0,-0.73578,5,9
2023-06-20T12:25:00-00:00,2023-06-20T12:30:00-00:00,2023-06-20,6,TH_NP15_GEN-APND,TH_NP15_GEN-APND,TH_NP15_GEN-APND,RTM,MCL,LMP_LOSS_PRC,TH_NP15_GEN-APND,ALL_APNODES,0,-0.73573,6,9
2023-06-20T12:30:00-00:00,2023-06-20T12:35:00-00:00,2023-06-20,6,TH_NP15_GEN-APND,TH_NP15_GEN-APND,TH_NP15_GEN-APND,RTM,MCL,LMP_LOSS_PRC,TH_NP15_GEN-APND,ALL_APNODES,0,-0.6587,7,9
2023-06-20T12:35:00-00:00,2023-06-20T12:40:00-00:00,2023-06-20,6,TH_NP15_GEN-APND,TH_NP15_GEN-APND,TH_NP15_GEN-APND,RTM,MCL,LMP_LOSS_PRC,TH_NP15_GEN-APND,ALL_APNODES,0,-0.6587,8,9
2023-06-20T12:40:00-00:00,2023-06-20T12:45:00-00:00,2023-06-20,6,TH_NP15_GEN-APND,TH_NP15_GEN-APND,TH_NP15_GEN-APND,RTM,MCL,LMP_LOSS_PRC,TH_NP15_GEN-APND,ALL_APNODES,0,-0.65949,9,9
2023-06-20T12:45:00-00:00,2023-06-20T12:50:00-00:00,2023-06-20,6,TH_NP15_GEN-APND,TH_NP15_GEN-APND,TH_NP15_GEN-APND,RTM,MCL,LMP_LOSS_PRC,TH_NP15_GEN-APND,ALL_APNODES,0,-0.9023,10,9
2023-06-20T12:50:00-00:00,2023-06-20T12:55:00-00:00,2023-06-20,6,TH_NP15_GEN-APND,TH_NP15_GEN-APND,TH_NP15_GEN-APND,RTM,MCL,LMP_LOSS_PRC,TH_NP15_GEN-APND,ALL_APNODES,0,-0.91334,11,9
2023-06-20T12:55:00-00:00,2023-06-20T13:00:00-00:00,2023-06-20,6,TH_NP15_GEN-APND,TH_NP15_GEN-APND,TH_NP15_GEN-APND,RTM,MCL,LMP_LOSS_PRC,TH_NP15_GEN-APND,ALL_APNODES,0,-0.90194,12,9
2023-06-20T13:00:00-00:00,2023-06-20T13:05:00-00:00,2023-06-20,7,TH_NP15_GEN-APND,TH_NP15_GEN-APND,TH_NP15_GEN-APND,RTM,MCL,LMP_LOSS_PRC,TH_NP15_GEN-APND,ALL_APNODES,0,-0.99758,1,9
2023-06-20T13:05:00-00:00,2023-06-20T13:10:00-00:00,2023-06-20,7,TH_NP15_GEN-APND,TH_NP15_GEN-APND,TH_NP15_GEN-APND,RTM,MCL,LMP_LOSS_PRC,TH_NP15_GEN-APND,ALL_APNODES,0,-0.95194,2,9
2023-06-20T13:10:00-00:00,2023-06-20T13:15:00-00:00,2023-06-20,7,TH_NP15_GEN-APND,TH_NP15_GEN-APND,TH_NP15_GEN-APND,RTM,MCL,LMP_LOSS_PRC,TH_NP15_GEN-APND,ALL_APNODES,0,-0.95405,3,9
2023-06-20T13:15:00-00:00,2023-06-20T13:20:00-00:00,2023-06-20,7,TH_NP15_GEN-APND,TH_NP15_GEN-APND,TH_NP15_GEN-APND,RTM,MCL,LMP_LOSS_PRC,TH_NP15_GEN-APND,ALL_APNODES,0,-0.91935,4,9
2023-06-20T13:20:00-00:00,2023-06-20T13:25:00-00:00,2023-06-20,7,TH_NP15_GEN-APND,TH_NP15_GEN-APND,TH_NP15_GEN-APND,RTM,MCL,LMP_LOSS_PRC,TH_NP15_GEN-APND,ALL_APNODES,0,-0.91313,5,9
2023-06-20T13:25:00-00:00,2023-06-20T13:30:00-00:00,2023-06-20,7,TH_NP15_GEN-APND,TH_NP15_GEN-APND,TH_NP15_GEN-APND,RTM,MCL,LMP_LOSS_PRC,TH_NP15_GEN-APND,ALL_APNODES,0,-0.85636,6,9
2023-06-20T13:30:00-00:00,2023-06-20T13:35:00-00:00,2023-06-20,7,TH_NP15_GEN-APND,TH_NP15_GEN-APND,TH_NP15_GEN-APND,RTM,MCL,LMP_LOSS_PRC,TH_NP15_GEN-APND,ALL_APNODES,0,0.0,7,9
2023-06-20T13:35:00-00:00,2023-06-20T13:40:00-00:00,2023-06-20,7,TH_NP15_GEN-APND,TH_NP15_GEN-APND,TH_NP15_GEN-APND,RTM,MCL,LMP_LOSS_PRC,TH_NP15_GEN-APND,ALL_APNODES,0,0.0,8,9
2023-06-20T13:40:00-00:00,2023-06-20T13:45:00-00:00,2023-06-20,7,TH_NP15_GEN-APND,TH_NP15_GEN-APND,TH_NP15_GEN-APND,RTM,MCL,LMP_LOSS_PRC,TH_NP15_GEN-APND,ALL_APNODES,0,0.0,9,9
2023-06-20T13:45:00-00:00,2023-06-20T13:50:00-00:00,2023-06-20,7,TH_NP15_GEN-APND,TH_NP15_GEN-APND,TH_NP15_GEN-APND,RTM,MCL,LMP_LOSS_PRC,TH_NP15_GEN-APND,ALL_APNODES,0,0.0,10,9
2023-06-20T13:50:00-00:00,2023-06-20T13:55:00-00:00,2023-06-20,7,TH_NP15_GEN-APND,TH_NP15_GEN-APND,TH_NP15_GEN-APND,RTM,MCL,LMP_LOSS_PRC,TH_NP15_GEN-APND,ALL_APNODES,0,0.0,11,9
2023-06-20T13:55:00-00:00,2023-06-20T14:00:00-00:00,2023-06-20,7,TH_NP15_GEN-APND,TH_NP15_GEN-APND,TH_NP15_GEN-APND,RTM,MCL,LMP_LOSS_PRC,TH_NP15_GEN-APND,ALL_APNODES,0,0.0,12,9
2023-06-20T14:00:00-00:00,2023-06-20T14:05:00-00:00,2023-06-20,8,TH_NP15_GEN-APND,TH_NP15_GEN-APND,TH_NP15_GEN-APND,RTM,MCL,LMP_LOSS_PRC,TH_NP15_GEN-APND,ALL_APNODES,0,-0.40783,1,9
2023-06-20T14:05:00-00:00,2023-06-20T14:10:00-00:00,2023-06-20,8,TH_NP15_GEN-APND,TH_NP15_GEN-APND,TH_NP15_GEN-APND,RTM,MCL,LMP_LOSS_PRC,TH_NP15_GEN-APND,ALL_APNODES,0,-0.40454,2,9
2023-06-20T14:10:00-00:00,2023-06-20T14:15:00-00:00,2023-06-20,8,TH_NP15_GEN-APND,TH_NP15_GEN-APND,TH_NP15_GEN-APND,RTM,MCL,LMP_LOSS_PRC,TH_NP15_GEN-APND,ALL_APNODES,0,-0.43199,3,9
2023-06-20T14:15:00-00:00,2023-06-20T14:20:00-00:00,2023-06-20,8,TH_NP15_GEN-APND,TH_NP15_GEN-APND,TH_NP15_GEN-APND,RTM,MCL,LMP_LOSS_PRC,TH_NP15_GEN-APND,ALL_APNODES,0,-0.17381,4,9
2023-06-20T14:20:00-00:00,2023-06-20T14:25:00-00:00,2023-06-20,8,TH_NP15_GEN-APND,TH_NP15_GEN-APND,TH_NP15_GEN-APND,RTM,MCL,LMP_LOSS_PRC,TH_NP15_GEN-APND,ALL_APNODES,0,-0.15827,5,9
2023-06-20T14:25:00-00:00,2023-06-20T14:30:00-00:00,2023-06-20,8,TH_NP15_GEN-APND,TH_NP15_GEN-APND,TH_NP15_GEN-APND,RTM,MCL,LMP_LOSS_PRC,TH_NP15_GEN-APND,ALL_APNODES,0,-0.1197,6,9
2023-06-20T14:30:00-00:00,2023-06-20T14:35:00-00:00,2023-06-20,8,TH_NP15_GEN-APND,TH_NP15_GEN-APND,TH_NP15_GEN-APND,RTM,MCL,LMP_LOSS_PRC,TH_NP15_GEN-APND,ALL_APNODES,0,-0.17776,7,9
2023-06-20T14:35:00-00:00,2023-06-20T14:40:00-00:00,2023-06-20,8,TH_NP15_GEN-APND,TH_NP15_GEN-APND,TH_NP15_GEN-APND,RTM,MCL,LMP_LOSS_PRC,TH_NP15_GEN-APND,ALL_APNODES,0,-0.18054,8,9
2023-06-20T14:40:00-00:00,2023-06-20T14:45:00-00:00,2023-06-20,8,TH_NP15_GEN-APND,TH_NP15_GEN-APND,TH_NP15_GEN-APND,RTM,MCL,LMP_LOSS_PRC,TH_NP15_GEN-APND,ALL_APNODES,0,-0.17776,9,9
2023-06-20T14:45:00-00:00,2023-06-20T14:50:00-00:00,2023-06-20,8,TH_NP15_GEN-APND,TH_NP15_GEN-APND,TH_NP15_GEN-APND,RTM,MCL,LMP_LOSS_PRC,TH_NP15_GEN-APND,ALL_APNODES,0,-0.00739,10,9
2023-06-20T14:50:00-00:00,2023-06-20T14:55:00-00:00,2023-06-20,8,TH_NP15_GEN-APND,TH_NP15_GEN-APND,TH_NP15_GEN-APND,RTM,MCL,LMP_LOSS_PRC,TH_NP15_GEN-APND,ALL_APNODES,0,-1e-05,11,9
2023-06-20T14:55:00-00:00,2023-06-20T15:00:00-00:00,2023-06-20,8,TH_NP15_GEN-APND,TH_NP15_GEN-APND,TH_NP15_GEN-APND,RTM,MCL,LMP_LOSS_PRC,TH_NP15_GEN-APND,ALL_APNODES,0,0.00026,12,9
2023-06-20T15:00:00-00:00,2023-06-20T15:05:00-00:00,2023-06-20,9,TH_NP15_GEN-APND,TH_NP15_GEN-APND,TH_NP15_GEN-APND,RTM,MCL,LMP_LOSS_PRC,TH_NP15_GEN-APND,ALL_APNODES,0,0.00094,1,9
2023-06-20T15:05:00-00:00,2023-06-20T15:10:00-00:00,2023-06-20,9,TH_NP15_GEN-APND,TH_NP15_GEN-APND,TH_NP15_GEN-APND,RTM,MCL,LMP_LOSS_PRC,TH_NP15_GEN-APND,ALL_APNODES,0,0.00724,2,9
2023-06-20T15:10:00-00:00,2023-06-20T15:15:00-00:00,2023-06-20,9,TH_NP15_GEN-APND,TH_NP15_GEN-APND,TH_NP15_GEN-APND,RTM,MCL,LMP_LOSS_PRC,TH_NP15_GEN-APND,ALL_APNODES,0,0.0,3,9
2023-06-20T15:15:00-00:00,2023-06-20T15:20:00-00:00,2023-06-20,9,TH_NP15_GEN-APND,TH_NP15_GEN-APND,TH_NP15_GEN-APND,RTM,MCL,LMP_LOSS_PRC,TH_NP15_GEN-APND,ALL_APNODES,0,0.00344,4,9
2023-06-20T15:20:00-00:00,2023-06-20T15:25:00-00:00,2023-06-20,9,TH_NP15_GEN-APND,TH_NP15_GEN-APND,TH_NP15_GEN-APND,RTM,MCL,LMP_LOSS_PRC,TH_NP15_GEN-APND,ALL_APNODES,0,0.00322,5,9
2023-06-20T15:25:00-00:00,2023-06-20T15:30:00-00:00,2023-06-20,9,TH_NP15_GEN-APND,TH_NP15_GEN-APND,TH_NP15_GEN-APND,RTM,MCL,LMP_LOSS_PRC,TH_NP15_GEN-APND,ALL_APNODES,0,0.00326,6,9
2023-06-20T15:30:00-00:00,2023-06-20T15:35:00-00:00,2023-06-20,9,TH_NP15_GEN-APND,TH_NP15_GEN-APND,TH_NP15_GEN-APND,RTM,MCL,LMP_LOSS_PRC,TH_NP15_GEN-APND,ALL_APNODES,0,-0.00228,7,9
2023-06-20T15:35:00-00:00,2023-06-20T15:40:00-00:00,2023-06-20,9,TH_NP15_GEN-APND,TH_NP15_GEN-APND,TH_NP15_GEN-APND,RTM,MCL,LMP_LOSS_PRC,TH_NP15_GEN-APND,ALL_APNODES,0,-0.00308,8,9
2023-06-20T15:40:00-00:00,2023-06-20T15:45:00-00:00,2023-06-20,9,TH_NP15_GEN-APND,TH_NP15_GEN-APND,TH_NP15_GEN-APND,RTM,MCL,LMP_LOSS_PRC,TH_NP15_GEN-APND,ALL_APNODES,0,-0.00502,9,9
2023-06-20T15:45:00-00:00,2023-06-20T15:50:00-00:00,2023-06-20,9,TH_NP15_GEN-APND,TH_NP15_GEN-APND,TH_NP15_GEN-APND,RTM,MCL,LMP_LOSS_PRC,TH_NP15_GEN-APND,ALL_APNODES,0,-0.0105,10,9
2023-06-20T15:50:00-00:00,2023-06-20T15:55:00-00:00,2023-06-20,9,TH_NP15_GEN-APND,TH_NP15_GEN-APND,TH_NP15_GEN-APND,RTM,MCL,LMP_LOSS_PRC,TH_NP15_GEN-APND,ALL_APNODES,0,-0.01163,11,9
2023-06-20T15:55:00-00:00,2023-06-20T16:00:00-00:00,2023-06-20,9,TH_NP15_GEN-APND,TH_NP15_GEN-APND,TH_NP15_GEN-APND,RTM,MCL,LMP_LOSS_PRC,TH_NP15_GEN-APND,ALL_APNODES,0,-0.01341,12,9
2023-06-20T16:00:00-00:00,2023-06-20T16:05:00-00:00,2023-06-20,10,TH_NP15_GEN-APND,TH_NP15_GEN-APND,TH_NP15_GEN-APND,RTM,MCL,LMP_LOSS_PRC,TH_NP15_GEN-APND,ALL_APNODES,0,-0.01372,1,9
2023-06-20T16:05:00-00:00,2023-06-20T16:10:00-00:00,2023-06-20,10,TH_NP15_GEN-APND,TH_NP15_GEN-APND,TH_NP15_GEN-APND,RTM,MCL,LMP_LOSS_PRC,TH_NP15_GEN-APND,ALL_APNODES,0,-0.01379,2,9
2023-06-20T16:10:00-00:00,2023-06-20T16:15:00-00:00,2023-06-20,10,TH_NP15_GEN-APND,TH_NP15_GEN-APND,TH_NP15_GEN-APND,RTM,MCL,LMP_LOSS_PRC,TH_NP15_GEN-APND,ALL_APNODES,0,-0.0149,3,9
2023-06-20T16:15:00-00:00,2023-06-20T16:20:00-00:00,2023-06-20,10,TH_NP15_GEN-APND,TH_NP15_GEN-APND,TH_NP15_GEN-APND,RTM,MCL,LMP_LOSS_PRC,TH_NP15_GEN-APND,ALL_APNODES,0,-0.00687,4,9
2023-06-20T16:20:00-00:00,2023-06-20T16:25:00-00:00,2023-06-20,10,TH_NP15_GEN-APND,TH_NP15_GEN-APND,TH_NP15_GEN-APND,RTM,MCL,LMP_LOSS_PRC,TH_NP15_GEN-APND,ALL_APNODES,0,-0.0076,5,9
2023-06-20T16:25:00-00:00,2023-06-20T16:30:00-00:00,2023-06-20,10,TH_NP15_GEN-APND,TH_NP15_GEN-APND,TH_NP15_GEN-APND,RTM,MCL,LMP_LOSS_PRC,TH_NP15_GEN-APND,ALL_APNODES,0,-0.00759,6,9
2023-06-20T16:30:00-00:00,2023-06-20T16:35:00-00:00,2023-06-20,10,TH_NP15_GEN-APND,TH_NP15_GEN-APND,TH_NP15_GEN-APND,RTM,MCL,LMP_LOSS_PRC,TH_NP15_GEN-APND,ALL_APNODES,0,0.00058,7,9
2023-06-20T16:35:00-00:00,2023-06-20T16:40:00-00:00,2023-06-20,10,TH_NP15_GEN-APND,TH_NP15_GEN-APND,TH_NP15_GEN-APND,RTM,MCL,LMP_LOSS_PRC,TH_NP15_GEN-APND,ALL_APNODES,0,0.00067,8,9
2023-06-20T16:40:00-00:00,2023-06-20T16:45:00-00:00,2023-06-20,10,TH_NP15_GEN-APND,TH_NP15_GEN-APND,TH_NP15_GEN-APND,RTM,MCL,LMP_LOSS_PRC,TH_NP15_GEN-APND,ALL_APNODES,0,0.00073,9,9
2023-06-20T16:45:00-00:00,2023-06-20T16:50:00-00:00,2023-06-20,10,TH_NP15_GEN-APND,TH_NP15_GEN-APND,TH_NP15_GEN-APND,RTM,MCL,LMP_LOSS_PRC,TH_NP15_GEN-APND,ALL_APNODES,0,-0.00301,10,9
2023-06-20T16:50:00-00:00,2023-06-20T16:55:00-00:00,2023-06-20,10,TH_NP15_GEN-APND,TH_NP15_GEN-APND,TH_NP15_GEN-APND,RTM,MCL,LMP_LOSS_PRC,TH_NP15_GEN-APND,ALL_APNODES,0,-0.00315,11,9
2023-06-20T16:55:00-00:00,2023-06-20T17:00:00-00:00,2023-06-20,10,TH_NP15_GEN-APND,TH_NP15_GEN-APND,TH_NP15_GEN-APND,RTM,MCL,LMP_LOSS_PRC,TH_NP15_GEN-APND,ALL_APNODES,0,-0.00335,12,9
2023-06-20T17:00:00-00:00,2023-06-20T17:05:00-00:00,2023-06-20,11,TH_NP15_GEN-APND,TH_NP15_GEN-APND,TH_NP15_GEN-APND,RTM,MCL,LMP_LOSS_PRC,TH_NP15_GEN-APND,ALL_APNODES,0,-0.00839,1,9
2023-06-20T17:05:00-00:00,2023-06-20T17:10:00-00:00,2023-06-20,11,TH_NP15_GEN-APND,TH_NP15_GEN-APND,TH_NP15_GEN-APND,RTM,MCL,LMP_LOSS_PRC,TH_NP15_GEN-APND,ALL_APNODES,0,-0.00836,2,9
2023-06-20T17:10:00-00:00,2023-06-20T17:15:00-00:00,2023-06-20,11,TH_NP15_GEN-APND,TH_NP15_GEN-APND,TH_NP15_GEN-APND,RTM,MCL,LMP_LOSS_PRC,TH_NP15_GEN-APND,ALL_APNODES,0,-0.00839,3,9
2023-06-20T17:15:00-00:00,2023-06-20T17:20:00-00:00,2023-06-20,11,TH_NP15_GEN-APND,TH_NP15_GEN-APND,TH_NP15_GEN-APND,RTM,MCL,LMP_LOSS_PRC,TH_NP15_GEN-APND,ALL_APNODES,0,0.01415,4,9
2023-06-20T17:20:00-00:00,2023-06-20T17:25:00-00:00,2023-06-20,11,TH_NP15_GEN-APND,TH_NP15_GEN-APND,TH_NP15_GEN-APND,RTM,MCL,LMP_LOSS_PRC,TH_NP15_GEN-APND,ALL_APNODES,0,0.01342,5,9
2023-06-20T17:25:00-00:00,2023-06-20T17:30:00-00:00,2023-06-20,11,TH_NP15_GEN-APND,TH_NP15_GEN-APND,TH_NP15_GEN-APND,RTM,MCL,LMP_LOSS_PRC,TH_NP15_GEN-APND,ALL_APNODES,0,0.01346,6,9
2023-06-20T17:30:00-00:00,2023-06-20T17:35:00-00:00,2023-06-20,11,TH_NP15_GEN-APND,TH_NP15_GEN-APND,TH_NP15_GEN-APND,RTM,MCL,LMP_LOSS_PRC,TH_NP15_GEN-APND,ALL_APNODES,0,0.01543,7,9
2023-06-20T17:35:00-00:00,2023-06-20T17:40:00-00:00,2023-06-20,11,TH_NP15_GEN-APND,TH_NP15_GEN-APND,TH_NP15_GEN-APND,RTM,MCL,LMP_LOSS_PRC,TH_NP15_GEN-APND,ALL_APNODES,0,0.01445,8,9
2023-06-20T17:40:00-00:00,2023-06-20T17:45:00-00:00,2023-06-20,11,TH_NP15_GEN-APND,TH_NP15_GEN-APND,TH_NP15_GEN-APND,RTM,MCL,LMP_LOSS_PRC,TH_NP15_GEN-APND,ALL_APNODES,0,0.0174,9,9
2023-06-20T17:45:00-00:00,2023-06-20T17:50:00-00:00,2023-06-20,11,TH_NP15_GEN-APND,TH_NP15_GEN-APND,TH_NP15_GEN-APND,RTM,MCL,LMP_LOSS_PRC,TH_NP15_GEN-APND,ALL_APNODES,0,0.02837,10,9
2023-06-20T17:50:00-00:00,2023-06-20T17:55:00-00:00,2023-06-20,11,TH_NP15_GEN-APND,TH_NP15_GEN-APND,TH_NP15_GEN-APND,RTM,MCL,LMP_LOSS_PRC,TH_NP15_GEN-APND,ALL_APNODES,0,0.02675,11,9
2023-06-20T17:55:00-00:00,2023-06-20T18:00:00-00:00,2023-06-20,11,TH_NP15_GEN-APND,TH_NP15_GEN-APND,TH_NP15_GEN-APND,RTM,MCL,LMP_LOSS_PRC,TH_NP15_GEN-APND,ALL_APNODES,0,0.02126,12,9
2023-06-20T18:00:00-00:00,2023-06-20T18:05:00-00:00,2023-06-20,12,TH_NP15_GEN-APND,TH_NP15_GEN-APND,TH_NP15_GEN-APND,RTM,MCL,LMP_LOSS_PRC,TH_NP15_GEN-APND,ALL_APNODES,0,0.01372,1,9
2023-06-20T18:05:00-00:00,2023-06-20T18:10:00-00:00,2023-06-20,12,TH_NP15_GEN-APND,TH_NP15_GEN-APND,TH_NP15_GEN-APND,RTM,MCL,LMP_LOSS_PRC,TH_NP15_GEN-APND,ALL_APNODES,0,0.01372,2,9
2023-06-20T18:10:00-00:00,2023-06-20T18:15:00-00:00,2023-06-20,12,TH_NP15_GEN-APND,TH_NP15_GEN-APND,TH_NP15_GEN-APND,RTM,MCL,LMP_LOSS_PRC,TH_NP15_GEN-APND,ALL_APNODES,0,0.01325,3,9
2023-06-20T18:15:00-00:00,2023-06-20T18:20:00-00:00,2023-06-20,12,TH_NP15_GEN-APND,TH_NP15_GEN-APND,TH_NP15_GEN-APND,RTM,MCL,LMP_LOSS_PRC,TH_NP15_GEN-APND,ALL_APNODES,0,0.00588,4,9
2023-06-20T18:20:00-00:00,2023-06-20T18:25:00-00:00,2023-06-20,12,TH_NP15_GEN-APND,TH_NP15_GEN-APND,TH_NP15_GEN-APND,RTM,MCL,LMP_LOSS_PRC,TH_NP15_GEN-APND,ALL_APNODES,0,0.01104,5,9
2023-06-20T18:25:00-00:00,2023-06-20T18:30:00-00:00,2023-06-20,12,TH_NP15_GEN-APND,TH_NP15_GEN-APND,TH_NP15_GEN-APND,RTM,MCL,LMP_LOSS_PRC,TH_NP15_GEN-APND,ALL_APNODES,0,0.01183,6,9
2023-06-20T18:30:00-00:00,2023-06-20T18:35:00-00:00,2023-06-20,12,TH_NP15_GEN-APND,TH_NP15_GEN-APND,TH_NP15_GEN-APND,RTM,MCL,LMP_LOSS_PRC,TH_NP15_GEN-APND,ALL_APNODES,0,0.0,7,9
2023-06-20T18:35:00-00:00,2023-06-20T18:40:00-00:00,2023-06-20,12,TH_NP15_GEN-APND,TH_NP15_GEN-APND,TH_NP15_GEN-APND,RTM,MCL,LMP_LOSS_PRC,TH_NP15_GEN-APND,ALL_APNODES,0,0.0,8,9
2023-06-20T18:40:00-00:00,2023-06-20T18:45:00-00:00,2023-06-20,12,TH_NP15_GEN-APND,TH_NP15_GEN-APND,TH_NP15_GEN-APND,RTM,MCL,LMP_LOSS_PRC,TH_NP15_GEN-APND,ALL_APNODES,0,0.0,9,9
2023-06-20T18:45:00-00:00,2023-06-20T18:50:00-00:00,2023-06-20,12,TH_NP15_GEN-APND,TH_NP15_GEN-APND,TH_NP15_GEN-APND,RTM,MCL,LMP_LOSS_PRC,TH_NP15_GEN-APND,ALL_APNODES,0,0.0,10,9
2023-06-20T18:50:00-00:00,2023-06-20T18:55:00-00:00,2023-06-20,12,TH_NP15_GEN-APND,TH_NP15_GEN-APND,TH_NP15_GEN-APND,RTM,MCL,LMP_LOSS_PRC,TH_NP15_GEN-APND,ALL_APNODES,0,0.0,11,9
2023-06-20T18:55:00-00:00,2023-06-20T19:00:00-00:00,2023-06-20,12,TH_NP15_GEN-APND,TH_NP15_GEN-APND,TH_NP15_GEN-APND,RTM,MCL,LMP_LOSS_PRC,TH_NP15_GEN-APND,ALL_APNODES,0,0.0,12,9
2023-06-20T19:00:00-00:00,2023-06-20T19:05:00-00:00,2023-06-20,13,TH_NP15_GEN-APND,TH_NP15_GEN-APND,TH_NP15_GEN-APND,RTM,MCL,LMP_LOSS_PRC,TH_NP15_GEN-APND,ALL_APNODES,0,0.01565,1,9
2023-06-20T19:05:00-00:00,2023-06-20T19:10:00-00:00,2023-06-20,13,TH_NP15_GEN-APND,TH_NP15_GEN-APND,TH_NP15_GEN-APND,RTM,MCL,LMP_LOSS_PRC,TH_NP15_GEN-APND,ALL_APNODES,0,0.01562,2,9
2023-06-20T19:10:00-00:00,2023-06-20T19:15:00-00:00,2023-06-20,13,TH_NP15_GEN-APND,TH_NP15_GEN-APND,TH_NP15_GEN-APND,RTM,MCL,LMP_LOSS_PRC,TH_NP15_GEN-APND,ALL_APNODES,0,0.01565,3,9
2023-06-20T19:15:00-00:00,2023-06-20T19:20:00-00:00,2023-06-20,13,TH_NP15_GEN-APND,TH_NP15_GEN-APND,TH_NP15_GEN-APND,RTM,MCL,LMP_LOSS_PRC,TH_NP15_GEN-APND,ALL_APNODES,0,0.04964,4,9
2023-06-20T19:20:00-00:00,2023-06-20T19:25:00-00:00,2023-06-20,13,TH_NP15_GEN-APND,TH_NP15_GEN-APND,TH_NP15_GEN-APND,RTM,MCL,LMP_LOSS_PRC,TH_NP15_GEN-APND,ALL_APNODES,0,0.05291,5,9
2023-06-20T19:25:00-00:00,2023-06-20T19:30:00-00:00,2023-06-20,13,TH_NP15_GEN-APND,TH_NP15_GEN-APND,TH_NP15_GEN-APND,RTM,MCL,LMP_LOSS_PRC,TH_NP15_GEN-APND,ALL_APNODES,0,0.05045,6,9
2023-06-20T19:30:00-00:00,2023-06-20T19:35:00-00:00,2023-06-20,13,TH_NP15_GEN-APND,TH_NP15_GEN-APND,TH_NP15_GEN-APND,RTM,MCL,LMP_LOSS_PRC,TH_NP15_GEN-APND,ALL_APNODES,0,0.0,7,9
2023-06-20T19:35:00-00:00,2023-06-20T19:40:00-00:00,2023-06-20,13,TH_NP15_GEN-APND,TH_NP15_GEN-APND,TH_NP15_GEN-APND,RTM,MCL,LMP_LOSS_PRC,TH_NP15_GEN-APND,ALL_APNODES,0,0.0,8,9
2023-06-20T19:40:00-00:00,2023-06-20T19:45:00-00:00,2023-06-20,13,TH_NP15_GEN-APND,TH_NP15_GEN-APND,TH_NP15_GEN-APND,RTM,MCL,LMP_LOSS_PRC,TH_NP15_GEN-APND,ALL_APNODES,0,0.0,9,9
2023-06-20T19:45:00-00:00,2023-06-20T19:50:00-00:00,2023-06-20,13,TH_NP15_GEN-APND,TH_NP15_GEN-APND,TH_NP15_GEN-APND,RTM,MCL,LMP_LOSS_PRC,TH_NP15_GEN-APND,ALL_APNODES,0,0.0,10,9
2023-06-20T19:50:00-00:00,2023-06-20T19:55:00-00:00,2023-06-20,13,TH_NP15_GEN-APND,TH_NP15_GEN-APND,TH_NP15_GEN-APND,RTM,MCL,LMP_LOSS_PRC,TH_NP15_GEN-APND,ALL_APNODES,0,0.0,11,9
2023-06-20T19:55:00-00:00,2023-06-20T20:00:00-00:00,2023-06-20,13,TH_NP15_GEN-APND,TH_NP15_GEN-APND,TH_NP15_GEN-APND,RTM,MCL,LMP_LOSS_PRC,TH_NP15_GEN-APND,ALL_APNODES,0,0.0,12,9
2023-06-20T20:00:00-00:00,2023-06-20T20:05:00-00:00,2023-06-20,14,TH_NP15_GEN-APND,TH_NP15_GEN-APND,TH_NP15_GEN-APND,RTM,MCL,LMP_LOSS_PRC,TH_NP15_GEN-APND,ALL_APNODES,0,0.00452,1,9
2023-06-20T20:05:00-00:00,2023-06-20T20:10:00-00:00,2023-06-20,14,TH_NP15_GEN-APND,TH_NP15_GEN-APND,TH_NP15_GEN-APND,RTM,MCL,LMP_LOSS_PRC,TH_NP15_GEN-APND,ALL_APNODES,0,0.00411,2,9
2023-06-20T20:10:00-00:00,2023-06-20T20:15:00-00:00,2023-06-20,14,TH_NP15_GEN-APND,TH_NP15_GEN-APND,TH_NP15_GEN-APND,RTM,MCL,LMP_LOSS_PRC,TH_NP15_GEN-APND,ALL_APNODES,0,0.0042,3,9
2023-06-20T20:15:00-00:00,2023-06-20T20:20:00-00:00,2023-06-20,14,TH_NP15_GEN-APND,TH_NP15_GEN-APND,TH_NP15_GEN-APND,RTM,MCL,LMP_LOSS_PRC,TH_NP15_GEN-APND,ALL_APNODES,0,0.00353,4,9
2023-06-20T20:20:00-00:00,2023-06-20T20:25:00-00:00,2023-06-20,14,TH_NP15_GEN-APND,TH_NP15_GEN-APND,TH_NP15_GEN-APND,RTM,MCL,LMP_LOSS_PRC,TH_NP15_GEN-APND,ALL_APNODES,0,0.00335,5,9
2023-06-20T20:25:00-00:00,2023-06-20T20:30:00-00:00,2023-06-20,14,TH_NP15_GEN-APND,TH_NP15_GEN-APND,TH_NP15_GEN-APND,RTM,MCL,LMP_LOSS_PRC,TH_NP15_GEN-APND,ALL_APNODES,0,0.00245,6,9
2023-06-20T20:30:00-00:00,2023-06-20T20:35:00-00:00,2023-06-20,14,TH_NP15_GEN-APND,TH_NP15_GEN-APND,TH_NP15_GEN-APND,RTM,MCL,LMP_LOSS_PRC,TH_NP15_GEN-APND,ALL_APNODES,0,0.0,7,9
2023-06-20T20:35:00-00:00,2023-06-20T20:40:00-00:00,2023-06-20,14,TH_NP15_GEN-APND,TH_NP15_GEN-APND,TH_NP15_GEN-APND,RTM,MCL,LMP_LOSS_PRC,TH_NP15_GEN-APND,ALL_APNODES,0,0.0,8,9
2023-06-20T20:40:00-00:00,2023-06-20T20:45:00-00:00,2023-06-20,14,TH_NP15_GEN-APND,TH_NP15_GEN-APND,TH_NP15_GEN-APND,RTM,MCL,LMP_LOSS_PRC,TH_NP15_GEN-APND,ALL_APNODES,0,0.0,9,9
2023-06-20T20:45:00-00:00,2023-06-20T20:50:00-00:00,2023-06-20,14,TH_NP15_GEN-APND,TH_NP15_GEN-APND,TH_NP15_GEN-APND,RTM,MCL,LMP_LOSS_PRC,TH_NP15_GEN-APND,ALL_APNODES,0,0.0,10,9
2023-06-20T20:50:00-00:00,2023-06-20T20:55:00-00:00,2023-06-20,14,TH_NP15_GEN-APND,TH_NP15_GEN-APND,TH_NP15_GEN-APND,RTM,MCL,LMP_LOSS_PRC,TH_NP15_GEN-APND,ALL_APNODES,0,0.0,11,9
2023-06-20T20:55:00-00:00,2023-06-20T21:00:00-00:00,2023-06-20,14,TH_NP15_GEN-APND,TH_NP15_GEN-APND,TH_NP15_GEN-APND,RTM,MCL,LMP_LOSS_PRC,TH_NP15_GEN-APND,ALL_APNODES,0,0.0,12,9
2023-06-20T21:00:00-00:00,2023-06-20T21:05:00-00:00,2023-06-20,15,TH_NP15_GEN-APND,TH_NP15_GEN-APND,TH_NP15_GEN-APND,RTM,MCL,LMP_LOSS_PRC,TH_NP15_GEN-APND,ALL_APNODES,0,0.10132,1,9
2023-06-20T21:05:00-00:00,2023-06-20T21:10:00-00:00,2023-06-20,15,TH_NP15_GEN-APND,TH_NP15_GEN-APND,TH_NP15_GEN-APND,RTM,MCL,LMP_LOSS_PRC,TH_NP15_GEN-APND,ALL_APNODES,0,0.10696,2,9
2023-06-20T21:10:00-00:00,2023-06-20T21:15:00-00:00,2023-06-20,15,TH_NP15_GEN-APND,TH_NP15_GEN-APND,TH_NP15_GEN-APND,RTM,MCL,LMP_LOSS_PRC,TH_NP15_GEN-APND,ALL_APNODES,0,0.11485,3,9
2023-06-20T21:15:00-00:00,2023-06-20T21:20:00-00:00,2023-06-20,15,TH_NP15_GEN-APND,TH_NP15_GEN-APND,TH_NP15_GEN-APND,RTM,MCL,LMP_LOSS_PRC,TH_NP15_GEN-APND,ALL_APNODES,0,0.0888,4,9
2023-06-20T21:20:00-00:00,2023-06-20T21:25:00-00:00,2023-06-20,15,TH_NP15_GEN-APND,TH_NP15_GEN-APND,TH_NP15_GEN-APND,RTM,MCL,LMP_LOSS_PRC,TH_NP15_GEN-APND,ALL_APNODES,0,0.05741,5,9
2023-06-20T21:25:00-00:00,2023-06-20T21:30:00-00:00,2023-06-20,15,TH_NP15_GEN-APND,TH_NP15_GEN-APND,TH_NP15_GEN-APND,RTM,MCL,LMP_LOSS_PRC,TH_NP15_GEN-APND,ALL_APNODES,0,0.06538,6,9
2023-06-20T21:30:00-00:00,2023-06-20T21:35:00-00:00,2023-06-20,15,TH_NP15_GEN-APND,TH_NP15_GEN-APND,TH_NP15_GEN-APND,RTM,MCL,LMP_LOSS_PRC,TH_NP15_GEN-APND,ALL_APNODES,0,0.0,7,9
2023-06-20T21:35:00-00:00,2023-06-20T21:40:00-00:00,2023-06-20,15,TH_NP15_GEN-APND,TH_NP15_GEN-APND,TH_NP15_GEN-APND,RTM,MCL,LMP_LOSS_PRC,TH_NP15_GEN-APND,ALL_APNODES,0,0.0,8,9
2023-06-20T21:40:00-00:00,2023-06-20T21:45:00-00:00,2023-06-20,15,TH_NP15_GEN-APND,TH_NP15_GEN-APND,TH_NP15_GEN-APND,RTM,MCL,LMP_LOSS_PRC,TH_NP15_GEN-APND,ALL_APNODES,0,0.0,9,9
2023-06-20T21:45:00-00:00,2023-06-20T21:50:00-00:00,2023-06-20,15,TH_NP15_GEN-APND,TH_NP15_GEN-APND,TH_NP15_GEN-APND,RTM,MCL,LMP_LOSS_PRC,TH_NP15_GEN-APND,ALL_APNODES,0,0.0,10,9
2023-06-20T21:50:00-00:00,2023-06-20T21:55:00-00:00,2023-06-20,15,TH_NP15_GEN-APND,TH_NP15_GEN-APND,TH_NP15_GEN-APND,RTM,MCL,LMP_LOSS_PRC,TH_NP15_GEN-APND,ALL_APNODES,0,0.0,11,9
2023-06-20T21:55:00-00:00,2023-06-20T22:00:00-00:00,2023-06-20,15,TH_NP15_GEN-APND,TH_NP15_GEN-APND,TH_NP15_GEN-APND,RTM,MCL,LMP_LOSS_PRC,TH_NP15_GEN-APND,ALL_APNODES,0,0.0,12,9
2023-06-20T22:00:00-00:00,2023-06-20T22:05:00-00:00,2023-06-20,16,TH_NP15_GEN-APND,TH_NP15_GEN-APND,TH_NP15_GEN-APND,RTM,MCL,LMP_LOSS_PRC,TH_NP15_GEN-APND,ALL_APNODES,0,0.03019,1,9
2023-06-20T22:05:00-00:00,2023-06-20T22:10:00-00:00,2023-06-20,16,TH_NP15_GEN-APND,TH_NP15_GEN-APND,TH_NP15_GEN-APND,RTM,MCL,LMP_LOSS_PRC,TH_NP15_GEN-APND,ALL_APNODES,0,0.02079,2,9
2023-06-20T22:10:00-00:00,2023-06-20T22:15:00-00:00,2023-06-20,16,TH_NP15_GEN-APND,TH_NP15_GEN-APND,TH_NP15_GEN-APND,RTM,MCL,LMP_LOSS_PRC,TH_NP15_GEN-APND,ALL_APNODES,0,-0.01022,3,9
2023-06-20T22:15:00-00:00,2023-06-20T22:20:00-00:00,2023-06-20,16,TH_NP15_GEN-APND,TH_NP15_GEN-APND,TH_NP15_GEN-APND,RTM,MCL,LMP_LOSS_PRC,TH_NP15_GEN-APND,ALL_APNODES,0,-0.0002,4,9
2023-06-20T22:20:00-00:00,2023-06-20T22:25:00-00:00,2023-06-20,16,TH_NP15_GEN-APND,TH_NP15_GEN-APND,TH_NP15_GEN-APND,RTM,MCL,LMP_LOSS_PRC,TH_NP15_GEN-APND,ALL_APNODES,0,-0.06579,5,9
2023-06-20T22:25:00-00:00,2023-06-20T22:30:00-00:00,2023-06-20,16,TH_NP15_GEN-APND,TH_NP15_GEN-APND,TH_NP15_GEN-APND,RTM,MCL,LMP_LOSS_PRC,TH_NP15_GEN-APND,ALL_APNODES,0,-0.1066,6,9
2023-06-20T22:30:00-00:00,2023-06-20T22:35:00-00:00,2023-06-20,16,TH_NP15_GEN-APND,TH_NP15_GEN-APND,TH_NP15_GEN-APND,RTM,MCL,LMP_LOSS_PRC,TH_NP15_GEN-APND,ALL_APNODES,0,-0.02324,7,9
2023-06-20T22:35:00-00:00,2023-06-20T22:40:00-00:00,2023-06-20,16,TH_NP15_GEN-APND,TH_NP15_GEN-APND,TH_NP15_GEN-APND,RTM,MCL,LMP_LOSS_PRC,TH_NP15_GEN-APND,ALL_APNODES,0,-0.00023,8,9
2023-06-20T22:40:00-00:00,2023-06-20T22:45:00-00:00,2023-06-20,16,TH_NP15_GEN-APND,TH_NP15_GEN-APND,TH_NP15_GEN-APND,RTM,MCL,LMP_LOSS_PRC,TH_NP15_GEN-APND,ALL_APNODES,0,-0.02306,9,9
2023-06-20T22:45:00-00:00,2023-06-20T22:50:00-00:00,2023-06-20,16,TH_NP15_GEN-APND,TH_NP15_GEN-APND,TH_NP15_GEN-APND,RTM,MCL,LMP_LOSS_PRC,TH_NP15_GEN-APND,ALL_APNODES,0,-0.10198,10,9
2023-06-20T22:50:00-00:00,2023-06-20T22:55:00-00:00,2023-06-20,16,TH_NP15_GEN-APND,TH_NP15_GEN-APND,TH_NP15_GEN-APND,RTM,MCL,LMP_LOSS_PRC,TH_NP15_GEN-APND,ALL_APNODES,0,-0.06135,11,9
2023-06-20T22:55:00-00:00,2023-06-20T23:00:00-00:00,2023-06-20,16,TH_NP15_GEN-APND,TH_NP15_GEN-APND,TH_NP15_GEN-APND,RTM,MCL,LMP_LOSS_PRC,TH_NP15_GEN-APND,ALL_APNODES,0,-0.02695,12,9
2023-06-20T23:00:00-00:00,2023-06-20T23:05:00-00:00,2023-06-20,17,TH_NP15_GEN-APND,TH_NP15_GEN-APND,TH_NP15_GEN-APND,RTM,MCL,LMP_LOSS_PRC,TH_NP15_GEN-APND,ALL_APNODES,0,-0.0004,1,9
2023-06-20T23:05:00-00:00,2023-06-20T23:10:00-00:00,2023-06-20,17,TH_NP15_GEN-APND,TH_NP15_GEN-APND,TH_NP15_GEN-APND,RTM,MCL,LMP_LOSS_PRC,TH_NP15_GEN-APND,ALL_APNODES,0,0.0,2,9
2023-06-20T23:10:00-00:00,2023-06-20T23:15:00-00:00,2023-06-20,17,TH_NP15_GEN-APND,TH_NP15_GEN-APND,TH_NP15_GEN-APND,RTM,MCL,LMP_LOSS_PRC,TH_NP15_GEN-APND,ALL_APNODES,0,2e-05,3,9
2023-06-20T23:15:00-00:00,2023-06-20T23:20:00-00:00,2023-06-20,17,TH_NP15_GEN-APND,TH_NP15_GEN-APND,TH_NP15_GEN-APND,RTM,MCL,LMP_LOSS_PRC,TH_NP15_GEN-APND,ALL_APNODES,0,0.0,4,9
2023-06-20T23:20:00-00:00,2023-06-20T23:25:00-00:00,2023-06-20,17,TH_NP15_GEN-APND,TH_NP15_GEN-APND,TH_NP15_GEN-APND,RTM,MCL,LMP_LOSS_PRC,TH_NP15_GEN-APND,ALL_APNODES,0,4e-05,5,9
2023-06-20T23:25:00-00:00,2023-06-20T23:30:00-00:00,2023-06-20,17,TH_NP15_GEN-APND,TH_NP15_GEN-APND,TH_NP15_GEN-APND,RTM,MCL,LMP_LOSS_PRC,TH_NP15_GEN-APND,ALL_APNODES,0,-0.00027,6,9
2023-06-20T23:30:00-00:00,2023-06-20T23:35:00-00:00,2023-06-20,17,TH_NP15_GEN-APND,TH_NP15_GEN-APND,TH_NP15_GEN-APND,RTM,MCL,LMP_LOSS_PRC,TH_NP15_GEN-APND,ALL_APNODES,0,-0.22022,7,9
2023-06-20T23:35:00-00:00,2023-06-20T23:40:00-00:00,2023-06-20,17,TH_NP15_GEN-APND,TH_NP15_GEN-APND,TH_NP15_GEN-APND,RTM,MCL,LMP_LOSS_PRC,TH_NP15_GEN-APND,ALL_APNODES,0,-0.20665,8,9
2023-06-20T23:40:00-00:00,2023-06-20T23:45:00-00:00,2023-06-20,17,TH_NP15_GEN-APND,TH_NP15_GEN-APND,TH_NP15_GEN-APND,RTM,MCL,LMP_LOSS_PRC,TH_NP15_GEN-APND,ALL_APNODES,0,-0.25508,9,9
2023-06-20T23:45:00-00:00,2023-06-20T23:50:00-00:00,2023-06-20,17,TH_NP15_GEN-APND,TH_NP15_GEN-APND,TH_NP15_GEN-APND,RTM,MCL,LMP_LOSS_PRC,TH_NP15_GEN-APND,ALL_APNODES,0,-0.30128,10,9
2023-06-20T23:50:00-00:00,2023-06-20T23:55:00-00:00,2023-06-20,17,TH_NP15_GEN-APND,TH_NP15_GEN-APND,TH_NP15_GEN-APND,RTM,MCL,LMP_LOSS_PRC,TH_NP15_GEN-APND,ALL_APNODES,0,-0.29643,11,9
2023-06-20T23:55:00-00:00,2023-06-21T00:00:00-00:00,2023-06-20,17,TH_NP15_GEN-APND,TH_NP15_GEN-APND,TH_NP15_GEN-APND,RTM,MCL,LMP_LOSS_PRC,TH_NP15_GEN-APND,ALL_APNODES,0,-0.34817,12,9
2023-06-21T00:00:00-00:00,2023-06-21T00:05:00-00:00,2023-06-20,18,TH_NP15_GEN-APND,TH_NP15_GEN-APND,TH_NP15_GEN-APND,RTM,MCL,LMP_LOSS_PRC,TH_NP15_GEN-APND,ALL_APNODES,0,0.0,1,9
2023-06-21T00:05:00-00:00,2023-06-21T00:10:00-00:00,2023-06-20,18,TH_NP15_GEN-APND,TH_NP15_GEN-APND,TH_NP15_GEN-APND,RTM,MCL,LMP_LOSS_PRC,TH_NP15_GEN-APND,ALL_APNODES,0,0.0,2,9
2023-06-21T00:10:00-00:00,2023-06-21T00:15:00-00:00,2023-06-20,18,TH_NP15_GEN-APND,TH_NP15_GEN-APND,TH_NP15_GEN-APND,RTM,MCL,LMP_LOSS_PRC,TH_NP15_GEN-APND,ALL_APNODES,0,0.0,3,9
2023-06-21T00:15:00-00:00,2023-06-21T00:20:00-00:00,2023-06-20,18,TH_NP15_GEN-APND,TH_NP15_GEN-APND,TH_NP15_GEN-APND,RTM,MCL,LMP_LOSS_PRC,TH_NP15_GEN-APND,ALL_APNODES,0,0.0,4,9
2023-06-21T00:20:00-00:00,2023-06-21T00:25:00-00:00,2023-06-20,18,TH_NP15_GEN-APND,TH_NP15_GEN-APND,TH_NP15_GEN-APND,RTM,MCL,LMP_LOSS_PRC,TH_NP15_GEN-APND,ALL_APNODES,0,0.0,5,9
2023-06-21T00:25:00-00:00,2023-06-21T00:30:00-00:00,2023-06-20,18,TH_NP15_GEN-APND,TH_NP15_GEN-APND,TH_NP15_GEN-APND,RTM,MCL,LMP_LOSS_PRC,TH_NP15_GEN-APND,ALL_APNODES,0,0.0,6,9
2023-06-21T00:30:00-00:00,2023-06-21T00:35:00-00:00,2023-06-20,18,TH_NP15_GEN-APND,TH_NP15_GEN-APND,TH_NP15_GEN-APND,RTM,MCL,LMP_LOSS_PRC,TH_NP15_GEN-APND,ALL_APNODES,0,-0.49154,7,9
2023-06-21T00:35:00-00:00,2023-06-21T00:40:00-00:00,2023-06-20,18,TH_NP15_GEN-APND,TH_NP15_GEN-APND,TH_NP15_GEN-APND,RTM,MCL,LMP_LOSS_PRC,TH_NP15_GEN-APND,ALL_APNODES,0,-0.48955,8,9
2023-06-21T00:40:00-00:00,2023-06-21T00:45:00-00:00,2023-06-20,18,TH_NP15_GEN-APND,TH_NP15_GEN-APND,TH_NP15_GEN-APND,RTM,MCL,LMP_LOSS_PRC,TH_NP15_GEN-APND,ALL_APNODES,0,-0.47519,9,9
2023-06-21T00:45:00-00:00,2023-06-21T00:50:00-00:00,2023-06-20,18,TH_NP15_GEN-APND,TH_NP15_GEN-APND,TH_NP15_GEN-APND,RTM,MCL,LMP_LOSS_PRC,TH_NP15_GEN-APND,ALL_APNODES,0,-0.5949,10,9
2023-06-21T00:50:00-00:00,2023-06-21T00:55:00-00:00,2023-06-20,18,TH_NP15_GEN-APND,TH_NP15_GEN-APND,TH_NP15_GEN-APND,RTM,MCL,LMP_LOSS_PRC,TH_NP15_GEN-APND,ALL_APNODES,0,-0.62668,11,9
2023-06-21T00:55:00-00:00,2023-06-21T01:00:00-00:00,2023-06-20,18,TH_NP15_GEN-APND,TH_NP15_GEN-APND,TH_NP15_GEN-APND,RTM,MCL,LMP_LOSS_PRC,TH_NP15_GEN-APND,ALL_APNODES,0,-0.61328,12,9
2023-06-21T01:00:00-00:00,2023-06-21T01:05:00-00:00,2023-06-20,19,TH_NP15_GEN-APND,TH_NP15_GEN-APND,TH_NP15_GEN-APND,RTM,MCL,LMP_LOSS_PRC,TH_NP15_GEN-APND,ALL_APNODES,0,0.0,1,9
2023-06-21T01:05:00-00:00,2023-06-21T01:10:00-00:00,2023-06-20,19,TH_NP15_GEN-APND,TH_NP15_GEN-APND,TH_NP15_GEN-APND,RTM,MCL,LMP_LOSS_PRC,TH_NP15_GEN-APND,ALL_APNODES,0,0.0,2,9
2023-06-21T01:10:00-00:00,2023-06-21T01:15:00-00:00,2023-06-20,19,TH_NP15_GEN-APND,TH_NP15_GEN-APND,TH_NP15_GEN-APND,RTM,MCL,LMP_LOSS_PRC,TH_NP15_GEN-APND,ALL_APNODES,0,0.0,3,9
2023-06-21T01:15:00-00:00,2023-06-21T01:20:00-00:00,2023-06-20,19,TH_NP15_GEN-APND,TH_NP15_GEN-APND,TH_NP15_GEN-APND,RTM,MCL,LMP_LOSS_PRC,TH_NP15_GEN-APND,ALL_APNODES,0,0.0,4,9
2023-06-21T01:20:00-00:00,2023-06-21T01:25:00-00:00,2023-06-20,19,TH_NP15_GEN-APND,TH_NP15_GEN-APND,TH_NP15_GEN-APND,RTM,MCL,LMP_LOSS_PRC,TH_NP15_GEN-APND,ALL_APNODES,0,0.0,5,9
2023-06-21T01:25:00-00:00,2023-06-21T01:30:00-00:00,2023-06-20,19,TH_NP15_GEN-APND,TH_NP15_GEN-APND,TH_NP15_GEN-APND,RTM,MCL,LMP_LOSS_PRC,TH_NP15_GEN-APND,ALL_APNODES,0,0.0,6,9
2023-06-21T01:30:00-00:00,2023-06-21T01:35:00-00:00,2023-06-20,19,TH_NP15_GEN-APND,TH_NP15_GEN-APND,TH_NP15_GEN-APND,RTM,MCL,LMP_LOSS_PRC,TH_NP15_GEN-APND,ALL_APNODES,0,-1.15465,7,9
2023-06-21T01:35:00-00:00,2023-06-21T01:40:00-00:00,2023-06-20,19,TH_NP15_GEN-APND,TH_NP15_GEN-APND,TH_NP15_GEN-APND,RTM,MCL,LMP_LOSS_PRC,TH_NP15_GEN-APND,ALL_APNODES,0,-1.31331,8,9
2023-06-21T01:40:00-00:00,2023-06-21T01:45:00-00:00,2023-06-20,19,TH_NP15_GEN-APND,TH_NP15_GEN-APND,TH_NP15_GEN-APND,RTM,MCL,LMP_LOSS_PRC,TH_NP15_GEN-APND,ALL_APNODES,0,-1.64357,9,9
2023-06-21T01:45:00-00:00,2023-06-21T01:50:00-00:00,2023-06-20,19,TH_NP15_GEN-APND,TH_NP15_GEN-APND,TH_NP15_GEN-APND,RTM,MCL,LMP_LOSS_PRC,TH_NP15_GEN-APND,ALL_APNODES,0,0.0,10,9
2023-06-21T01:50:00-00:00,2023-06-21T01:55:00-00:00,2023-06-20,19,TH_NP15_GEN-APND,TH_NP15_GEN-APND,TH_NP15_GEN-APND,RTM,MCL,LMP_LOSS_PRC,TH_NP15_GEN-APND,ALL_APNODES,0,0.0,11,9
2023-06-21T01:55:00-00:00,2023-06-21T02:00:00-00:00,2023-06-20,19,TH_NP15_GEN-APND,TH_NP15_GEN-APND,TH_NP15_GEN-APND,RTM,MCL,LMP_LOSS_PRC,TH_NP15_GEN-APND,ALL_APNODES,0,0.0,12,9
2023-06-21T02:00:00-00:00,2023-06-21T02:05:00-00:00,2023-06-20,20,TH_NP15_GEN-APND,TH_NP15_GEN-APND,TH_NP15_GEN-APND,RTM,MCL,LMP_LOSS_PRC,TH_NP15_GEN-APND,ALL_APNODES,0,-1.74703,1,9
2023-06-21T02:05:00-00:00,2023-06-21T02:10:00-00:00,2023-06-20,20,TH_NP15_GEN-APND,TH_NP15_GEN-APND,TH_NP15_GEN-APND,RTM,MCL,LMP_LOSS_PRC,TH_NP15_GEN-APND,ALL_APNODES,0,-2.00613,2,9
2023-06-21T02:10:00-00:00,2023-06-21T02:15:00-00:00,2023-06-20,20,TH_NP15_GEN-APND,TH_NP15_GEN-APND,TH_NP15_GEN-APND,RTM,MCL,LMP_LOSS_PRC,TH_NP15_GEN-APND,ALL_APNODES,0,-2.08523,3,9
2023-06-21T02:15:00-00:00,2023-06-21T02:20:00-00:00,2023-06-20,20,TH_NP15_GEN-APND,TH_NP15_GEN-APND,TH_NP15_GEN-APND,RTM,MCL,LMP_LOSS_PRC,TH_NP15_GEN-APND,ALL_APNODES,0,-2.24468,4,9
2023-06-21T02:20:00-00:00,2023-06-21T02:25:00-00:00,2023-06-20,20,TH_NP15_GEN-APND,TH_NP15_GEN-APND,TH_NP15_GEN-APND,RTM,MCL,LMP_LOSS_PRC,TH_NP15_GEN-APND,ALL_APNODES,0,-2.62491,5,9
2023-06-21T02:25:00-00:00,2023-06-21T02:30:00-00:00,2023-06-20,20,TH_NP15_GEN-APND,TH_NP15_GEN-APND,TH_NP15_GEN-APND,RTM,MCL,LMP_LOSS_PRC,TH_NP15_GEN-APND,ALL_APNODES,0,-3.14499,6,9
2023-06-21T02:30:00-00:00,2023-06-21T02:35:00-00:00,2023-06-20,20,TH_NP15_GEN-APND,TH_NP15_GEN-APND,TH_NP15_GEN-APND,RTM,MCL,LMP_LOSS_PRC,TH_NP15_GEN-APND,ALL_APNODES,0,-3.63477,7,9
2023-06-21T02:35:00-00:00,2023-06-21T02:40:00-00:00,2023-06-20,20,TH_NP15_GEN-APND,TH_NP15_GEN-APND,TH_NP15_GEN-APND,RTM,MCL,LMP_LOSS_PRC,TH_NP15_GEN-APND,ALL_APNODES,0,-4.54351,8,9
2023-06-21T02:40:00-00:00,2023-06-21T02:45:00-00:00,2023-06-20,20,TH_NP15_GEN-APND,TH_NP15_GEN-APND,TH_NP15_GEN-APND,RTM,MCL,LMP_LOSS_PRC,TH_NP15_GEN-APND,ALL_APNODES,0,-3.98033,9,9
2023-06-21T02:45:00-00:00,2023-06-21T02:50:00-00:00,2023-06-20,20,TH_NP15_GEN-APND,TH_NP15_GEN-APND,TH_NP15_GEN-APND,RTM,MCL,LMP_LOSS_PRC,TH_NP15_GEN-APND,ALL_APNODES,0,-3.75608,10,9
2023-06-21T02:50:00-00:00,2023-06-21T02:55:00-00:00,2023-06-20,20,TH_NP15_GEN-APND,TH_NP15_GEN-APND,TH_NP15_GEN-APND,RTM,MCL,LMP_LOSS_PRC,TH_NP15_GEN-APND,ALL_APNODES,0,-3.56693,11,9
2023-06-21T02:55:00-00:00,2023-06-21T03:00:00-00:00,2023-06-20,20,TH_NP15_GEN-APND,TH_NP15_GEN-APND,TH_NP15_GEN-APND,RTM,MCL,LMP_LOSS_PRC,TH_NP15_GEN-APND,ALL_APNODES,0,-4.04596,12,9
2023-06-21T03:00:00-00:00,2023-06-21T03:05:00-00:00,2023-06-20,21,TH_NP15_GEN-APND,TH_NP15_GEN-APND,TH_NP15_GEN-APND,RTM,MCL,LMP_LOSS_PRC,TH_NP15_GEN-APND,ALL_APNODES,0,-3.42549,1,9
2023-06-21T03:05:00-00:00,2023-06-21T03:10:00-00:00,2023-06-20,21,TH_NP15_GEN-APND,TH_NP15_GEN-APND,TH_NP15_GEN-APND,RTM,MCL,LMP_LOSS_PRC,TH_NP15_GEN-APND,ALL_APNODES,0,-3.18304,2,9
2023-06-21T03:10:00-00:00,2023-06-21T03:15:00-00:00,2023-06-20,21,TH_NP15_GEN-APND,TH_NP15_GEN-APND,TH_NP15_GEN-APND,RTM,MCL,LMP_LOSS_PRC,TH_NP15_GEN-APND,ALL_APNODES,0,-2.83662,3,9
2023-06-21T03:15:00-00:00,2023-06-21T03:20:00-00:00,2023-06-20,21,TH_NP15_GEN-APND,TH_NP15_GEN-APND,TH_NP15_GEN-APND,RTM,MCL,LMP_LOSS_PRC,TH_NP15_GEN-APND,ALL_APNODES,0,0.0,4,9
2023-06-21T03:20:00-00:00,2023-06-21T03:25:00-00:00,2023-06-20,21,TH_NP15_GEN-APND,TH_NP15_GEN-APND,TH_NP15_GEN-APND,RTM,MCL,LMP_LOSS_PRC,TH_NP15_GEN-APND,ALL_APNODES,0,0.0,5,9
2023-06-21T03:25:00-00:00,2023-06-21T03:30:00-00:00,2023-06-20,21,TH_NP15_GEN-APND,TH_NP15_GEN-APND,TH_NP15_GEN-APND,RTM,MCL,LMP_LOSS_PRC,TH_NP15_GEN-APND,ALL_APNODES,0,0.0,6,9
2023-06-21T03:30:00-00:00,2023-06-21T03:35:00-00:00,2023-06-20,21,TH_NP15_GEN-APND,TH_NP15_GEN-APND,TH_NP15_GEN-APND,RTM,MCL,LMP_LOSS_PRC,TH_NP15_GEN-APND,ALL_APNODES,0,0.0,7,9
2023-06-21T03:35:00-00:00,2023-06-21T03:40:00-00:00,2023-06-20,21,TH_NP15_GEN-APND,TH_NP15_GEN-APND,TH_NP15_GEN-APND,RTM,MCL,LMP_LOSS_PRC,TH_NP15_GEN-APND,ALL_APNODES,0,0.0,8,9
2023-06-21T03:40:00-00:00,2023-06-21T03:45:00-00:00,2023-06-20,21,TH_NP15_GEN-APND,TH_NP15_GEN-APND,TH_NP15_GEN-APND,RTM,MCL,LMP_LOSS_PRC,TH_NP15_GEN-APND,ALL_APNODES,0,0.0,9,9
2023-06-21T03:45:00-00:00,2023-06-21T03:50:00-00:00,2023-06-20,21,TH_NP15_GEN-APND,TH_NP15_GEN-APND,TH_NP15_GEN-APND,RTM,MCL,LMP_LOSS_PRC,TH_NP15_GEN-APND,ALL_APNODES,0,-2.52404,10,9
2023-06-21T03:50:00-00:00,2023-06-21T03:55:00-00:00,2023-06-20,21,TH_NP15_GEN-APND,TH_NP15_GEN-APND,TH_NP15_GEN-APND,RTM,MCL,LMP_LOSS_PRC,TH_NP15_GEN-APND,ALL_APNODES,0,-2.76192,11,9
2023-06-21T03:55:00-00:00,2023-06-21T04:00:00-00:00,2023-06-20,21,TH_NP15_GEN-APND,TH_NP15_GEN-APND,TH_NP15_GEN-APND,RTM,MCL,LMP_LOSS_PRC,TH_NP15_GEN-APND,ALL_APNODES,0,-2.72651,12,9
2023-06-21T04:00:00-00:00,2023-06-21T04:05:00-00:00,2023-06-20,22,TH_NP15_GEN-APND,TH_NP15_GEN-APND,TH_NP15_GEN-APND,RTM,MCL,LMP_LOSS_PRC,TH_NP15_GEN-APND,ALL_APNODES,0,-3.19459,1,9
2023-06-21T04:05:00-00:00,2023-06-21T04:10:00-00:00,2023-06-20,22,TH_NP15_GEN-APND,TH_NP15_GEN-APND,TH_NP15_GEN-APND,RTM,MCL,LMP_LOSS_PRC,TH_NP15_GEN-APND,ALL_APNODES,0,-3.19477,2,9
2023-06-21T04:10:00-00:00,2023-06-21T04:15:00-00:00,2023-06-20,22,TH_NP15_GEN-APND,TH_NP15_GEN-APND,TH_NP15_GEN-APND,RTM,MCL,LMP_LOSS_PRC,TH_NP15_GEN-APND,ALL_APNODES,0,-2.94545,3,9
2023-06-21T04:15:00-00:00,2023-06-21T04:20:00-00:00,2023-06-20,22,TH_NP15_GEN-APND,TH_NP15_GEN-APND,TH_NP15_GEN-APND,RTM,MCL,LMP_LOSS_PRC,TH_NP15_GEN-APND,ALL_APNODES,0,-2.45641,4,9
2023-06-21T04:20:00-00:00,2023-06-21T04:25:00-00:00,2023-06-20,22,TH_NP15_GEN-APND,TH_NP15_GEN-APND,TH_NP15_GEN-APND,RTM,MCL,LMP_LOSS_PRC,TH_NP15_GEN-APND,ALL_APNODES,0,-2.57243,5,9
2023-06-21T04:25:00-00:00,2023-06-21T04:30:00-00:00,2023-06-20,22,TH_NP15_GEN-APND,TH_NP15_GEN-APND,TH_NP15_GEN-APND,RTM,MCL,LMP_LOSS_PRC,TH_NP15_GEN-APND,ALL_APNODES,0,-2.42001,6,9
2023-06-21T04:30:00-00:00,2023-06-21T04:35:00-00:00,2023-06-20,22,TH_NP15_GEN-APND,TH_NP15_GEN-APND,TH_NP15_GEN-APND,RTM,MCL,LMP_LOSS_PRC,TH_NP15_GEN-APND,ALL_APNODES,0,-2.46171,7,9
2023-06-21T04:35:00-00:00,2023-06-21T04:40:00-00:00,2023-06-20,22,TH_NP15_GEN-APND,TH_NP15_GEN-APND,TH_NP15_GEN-APND,RTM,MCL,LMP_LOSS_PRC,TH_NP15_GEN-APND,ALL_APNODES,0,-2.382,8,9
2023-06-21T04:40:00-00:00,2023-06-21T04:45:00-00:00,2023-06-20,22,TH_NP15_GEN-APND,TH_NP15_GEN-APND,TH_NP15_GEN-APND,RTM,MCL,LMP_LOSS_PRC,TH_NP15_GEN-APND,ALL_APNODES,0,-1.85224,9,9
2023-06-21T04:45:00-00:00,2023-06-21T04:50:00-00:00,2023-06-20,22,TH_NP15_GEN-APND,TH_NP15_GEN-APND,TH_NP15_GEN-APND,RTM,MCL,LMP_LOSS_PRC,TH_NP15_GEN-APND,ALL_APNODES,0,-1.82252,10,9
2023-06-21T04:50:00-00:00,2023-06-21T04:55:00-00:00,2023-06-20,22,TH_NP15_GEN-APND,TH_NP15_GEN-APND,TH_NP15_GEN-APND,RTM,MCL,LMP_LOSS_PRC,TH_NP15_GEN-APND,ALL_APNODES,0,-1.88462,11,9
2023-06-21T04:55:00-00:00,2023-06-21T05:00:00-00:00,2023-06-20,22,TH_NP15_GEN-APND,TH_NP15_GEN-APND,TH_NP15_GEN-APND,RTM,MCL,LMP_LOSS_PRC,TH_NP15_GEN-APND,ALL_APNODES,0,-1.89767,12,9
2023-06-21T05:00:00-00:00,2023-06-21T05:05:00-00:00,2023-06-20,23,TH_NP15_GEN-APND,TH_NP15_GEN-APND,TH_NP15_GEN-APND,RTM,MCL,LMP_LOSS_PRC,TH_NP15_GEN-APND,ALL_APNODES,0,-1.86578,1,9
2023-06-21T05:05:00-00:00,2023-06-21T05:10:00-00:00,2023-06-20,23,TH_NP15_GEN-APND,TH_NP15_GEN-APND,TH_NP15_GEN-APND,RTM,MCL,LMP_LOSS_PRC,TH_NP15_GEN-APND,ALL_APNODES,0,-1.5328,2,9
2023-06-21T05:10:00-00:00,2023-06-21T05:15:00-00:00,2023-06-20,23,TH_NP15_GEN-APND,TH_NP15_GEN-APND,TH_NP15_GEN-APND,RTM,MCL,LMP_LOSS_PRC,TH_NP15_GEN-APND,ALL_APNODES,0,-1.4301,3,9
2023-06-21T05:15:00-00:00,2023-06-21T05:20:00-00:00,2023-06-20,23,TH_NP15_GEN-APND,TH_NP15_GEN-APND,TH_NP15_GEN-APND,RTM,MCL,LMP_LOSS_PRC,TH_NP15_GEN-APND,ALL_APNODES,0,-1.31768,4,9
2023-06-21T05:20:00-00:00,2023-06-21T05:25:00-00:00,2023-06-20,23,TH_NP15_GEN-APND,TH_NP15_GEN-APND,TH_NP15_GEN-APND,RTM,MCL,LMP_LOSS_PRC,TH_NP15_GEN-APND,ALL_APNODES,0,-1.41857,5,9
2023-06-21T05:25:00-00:00,2023-06-21T05:30:00-00:00,2023-06-20,23,TH_NP15_GEN-APND,TH_NP15_GEN-APND,TH_NP15_GEN-APND,RTM,MCL,LMP_LOSS_PRC,TH_NP15_GEN-APND,ALL_APNODES,0,-1.34565,6,9
2023-06-21T05:30:00-00:00,2023-06-21T05:35:00-00:00,2023-06-20,23,TH_NP15_GEN-APND,TH_NP15_GEN-APND,TH_NP15_GEN-APND,RTM,MCL,LMP_LOSS_PRC,TH_NP15_GEN-APND,ALL_APNODES,0,-1.44028,7,9
2023-06-21T05:35:00-00:00,2023-06-21T05:40:00-00:00,2023-06-20,23,TH_NP15_GEN-APND,TH_NP15_GEN-APND,TH_NP15_GEN-APND,RTM,MCL,LMP_LOSS_PRC,TH_NP15_GEN-APND,ALL_APNODES,0,-1.25485,8,9
2023-06-21T05:40:00-00:00,2023-06-21T05:45:00-00:00,2023-06-20,23,TH_NP15_GEN-APND,TH_NP15_GEN-APND,TH_NP15_GEN-APND,RTM,MCL,LMP_LOSS_PRC,TH_NP15_GEN-APND,ALL_APNODES,0,-1.25357,9,9
2023-06-21T05:45:00-00:00,2023-06-21T05:50:00-00:00,2023-06-20,23,TH_NP15_GEN-APND,TH_NP15_GEN-APND,TH_NP15_GEN-APND,RTM,MCL,LMP_LOSS_PRC,TH_NP15_GEN-APND,ALL_APNODES,0,-1.31113,10,9
2023-06-21T05:50:00-00:00,2023-06-21T05:55:00-00:00,2023-06-20,23,TH_NP15_GEN-APND,TH_NP15_GEN-APND,TH_NP15_GEN-APND,RTM,MCL,LMP_LOSS_PRC,TH_NP15_GEN-APND,ALL_APNODES,0,-1.26527,11,9
2023-06-21T05:55:00-00:00,2023-06-21T06:00:00-00:00,2023-06-20,23,TH_NP15_GEN-APND,TH_NP15_GEN-APND,TH_NP15_GEN-APND,RTM,MCL,LMP_LOSS_PRC,TH_NP15_GEN-APND,ALL_APNODES,0,-1.25631,12,9
2023-06-21T06:00:00-00:00,2023-06-21T06:05:00-00:00,2023-06-20,24,TH_NP15_GEN-APND,TH_NP15_GEN-APND,TH_NP15_GEN-APND,RTM,MCL,LMP_LOSS_PRC,TH_NP15_GEN-APND,ALL_APNODES,0,-1.22182,1,9
2023-06-21T06:05:00-00:00,2023-06-21T06:10:00-00:00,2023-06-20,24,TH_NP15_GEN-APND,TH_NP15_GEN-APND,TH_NP15_GEN-APND,RTM,MCL,LMP_LOSS_PRC,TH_NP15_GEN-APND,ALL_APNODES,0,-1.18492,2,9
2023-06-21T06:10:00-00:00,2023-06-21T06:15:00-00:00,2023-06-20,24,TH_NP15_GEN-APND,TH_NP15_GEN-APND,TH_NP15_GEN-APND,RTM,MCL,LMP_LOSS_PRC,TH_NP15_GEN-APND,ALL_APNODES,0,-1.12046,3,9
2023-06-21T06:15:00-00:00,2023-06-21T06:20:00-00:00,2023-06-20,24,TH_NP15_GEN-APND,TH_NP15_GEN-APND,TH_NP15_GEN-APND,RTM,MCL,LMP_LOSS_PRC,TH_NP15_GEN-APND,ALL_APNODES,0,-1.16194,4,9
2023-06-21T06:20:00-00:00,2023-06-21T06:25:00-00:00,2023-06-20,24,TH_NP15_GEN-APND,TH_NP15_GEN-APND,TH_NP15_GEN-APND,RTM,MCL,LMP_LOSS_PRC,TH_NP15_GEN-APND,ALL_APNODES,0,-1.18636,5,9
2023-06-21T06:25:00-00:00,2023-06-21T06:30:00-00:00,2023-06-20,24,TH_NP15_GEN-APND,TH_NP15_GEN-APND,TH_NP15_GEN-APND,RTM,MCL,LMP_LOSS_PRC,TH_NP15_GEN-APND,ALL_APNODES,0,-1.17018,6,9
2023-06-21T06:30:00-00:00,2023-06-21T06:35:00-00:00,2023-06-20,24,TH_NP15_GEN-APND,TH_NP15_GEN-APND,TH_NP15_GEN-APND,RTM,MCL,LMP_LOSS_PRC,TH_NP15_GEN-APND,ALL_APNODES,0,-1.18844,7,9
2023-06-21T06:35:00-00:00,2023-06-21T06:40:00-00:00,2023-06-20,24,TH_NP15_GEN-APND,TH_NP15_GEN-APND,TH_NP15_GEN-APND,RTM,MCL,LMP_LOSS_PRC,TH_NP15_GEN-APND,ALL_APNODES,0,-1.18372,8,9
2023-06-21T06:40:00-00:00,2023-06-21T06:45:00-00:00,2023-06-20,24,TH_NP15_GEN-APND,TH_NP15_GEN-APND,TH_NP15_GEN-APND,RTM,MCL,LMP_LOSS_PRC,TH_NP15_GEN-APND,ALL_APNODES,0,-1.09921,9,9
2023-06-21T06:45:00-00:00,2023-06-21T06:50:00-00:00,2023-06-20,24,TH_NP15_GEN-APND,TH_NP15_GEN-APND,TH_NP15_GEN-APND,RTM,MCL,LMP_LOSS_PRC,TH_NP15_GEN-APND,ALL_APNODES,0,-1.23073,10,9
2023-06-21T06:50:00-00:00,2023-06-21T06:55:00-00:00,2023-06-20,24,TH_NP15_GEN-APND,TH_NP15_GEN-APND,TH_NP15_GEN-APND,RTM,MCL,LMP_LOSS_PRC,TH_NP15_GEN-APND,ALL_APNODES,0,-1.23073,11,9
2023-06-21T06:55:00-00:00,2023-06-21T07:00:00-00:00,2023-06-20,24,TH_NP15_GEN-APND,TH_NP15_GEN-APND,TH_NP15_GEN-APND,RTM,MCL,LMP_LOSS_PRC,TH_NP15_GEN-APND,ALL_APNODES,0,-1.1818,12,9
2023-06-20T07:00:00-00:00,2023-06-20T07:05:00-00:00,2023-06-20,1,TH_NP15_GEN-APND,TH_NP15_GEN-APND,TH_NP15_GEN-APND,RTM,LMP,LMP_PRC,TH_NP15_GEN-APND,ALL_APNODES,0,18.55089,1,10
2023-06-20T07:05:00-00:00,2023-06-20T07:10:00-00:00,2023-06-20,1,TH_NP15_GEN-APND,TH_NP15_GEN-APND,TH_NP15_GEN-APND,RTM,LMP,LMP_PRC,TH_NP15_GEN-APND,ALL_APNODES,0,23.98805,2,10
2023-06-20T07:10:00-00:00,2023-06-20T07:15:00-00:00,2023-06-20,1,TH_NP15_GEN-APND,TH_NP15_GEN-APND,TH_NP15_GEN-APND,RTM,LMP,LMP_PRC,TH_NP15_GEN-APND,ALL_APNODES,0,23.98805,3,10
2023-06-20T07:15:00-00:00,2023-06-20T07:20:00-00:00,2023-06-20,1,TH_NP15_GEN-APND,TH_NP15_GEN-APND,TH_NP15_GEN-APND,RTM,LMP,LMP_PRC,TH_NP15_GEN-APND,ALL_APNODES,0,23.33592,4,10
2023-06-20T07:20:00-00:00,2023-06-20T07:25:00-00:00,2023-06-20,1,TH_NP15_GEN-APND,TH_NP15_GEN-APND,TH_NP15_GEN-APND,RTM,LMP,LMP_PRC,TH_NP15_GEN-APND,ALL_APNODES,0,19.31838,5,10
2023-06-20T07:25:00-00:00,2023-06-20T07:30:00-00:00,2023-06-20,1,TH_NP15_GEN-APND,TH_NP15_GEN-APND,TH_NP15_GEN-APND,RTM,LMP,LMP_PRC,TH_NP15_GEN-APND,ALL_APNODES,0,18.86266,6,10
2023-06-20T07:30:00-00:00,2023-06-20T07:35:00-00:00,2023-06-20,1,TH_NP15_GEN-APND,TH_NP15_GEN-APND,TH_NP15_GEN-APND,RTM,LMP,LMP_PRC,TH_NP15_GEN-APND,ALL_APNODES,0,17.83313,7,10
2023-06-20T07:35:00-00:00,2023-06-20T07:40:00-00:00,2023-06-20,1,TH_NP15_GEN-APND,TH_NP15_GEN-APND,TH_NP15_GEN-APND,RTM,LMP,LMP_PRC,TH_NP15_GEN-APND,ALL_APNODES,0,17.3131,8,10
2023-06-20T07:40:00-00:00,2023-06-20T07:45:00-00:00,2023-06-20,1,TH_NP15_GEN-APND,TH_NP15_GEN-APND,TH_NP15_GEN-APND,RTM,LMP,LMP_PRC,TH_NP15_GEN-APND,ALL_APNODES,0,16.83174,9,10
2023-06-20T07:45:00-00:00,2023-06-20T07:50:00-00:00,2023-06-20,1,TH_NP15_GEN-APND,TH_NP15_GEN-APND,TH_NP15_GEN-APND,RTM,LMP,LMP_PRC,TH_NP15_GEN-APND,ALL_APNODES,0,16.78459,10,10
2023-06-20T07:50:00-00:00,2023-06-20T07:55:00-00:00,2023-06-20,1,TH_NP15_GEN-APND,TH_NP15_GEN-APND,TH_NP15_GEN-APND,RTM,LMP,LMP_PRC,TH_NP15_GEN-APND,ALL_APNODES,0,16.76885,11,10
2023-06-20T07:55:00-00:00,2023-06-20T08:00:00-00:00,2023-06-20,1,TH_NP15_GEN-APND,TH_NP15_GEN-APND,TH_NP15_GEN-APND,RTM,LMP,LMP_PRC,TH_NP15_GEN-APND,ALL_APNODES,0,16.76885,12,10
2023-06-20T08:00:00-00:00,2023-06-20T08:05:00-00:00,2023-06-20,2,TH_NP15_GEN-APND,TH_NP15_GEN-APND,TH_NP15_GEN-APND,RTM,LMP,LMP_PRC,TH_NP15_GEN-APND,ALL_APNODES,0,18.03334,1,10
2023-06-20T08:05:00-00:00,2023-06-20T08:10:00-00:00,2023-06-20,2,TH_NP15_GEN-APND,TH_NP15_GEN-APND,TH_NP15_GEN-APND,RTM,LMP,LMP_PRC,TH_NP15_GEN-APND,ALL_APNODES,0,19.56291,2,10
2023-06-20T08:10:00-00:00,2023-06-20T08:15:00-00:00,2023-06-20,2,TH_NP15_GEN-APND,TH_NP15_GEN-APND,TH_NP15_GEN-APND,RTM,LMP,LMP_PRC,TH_NP15_GEN-APND,ALL_APNODES,0,18.96377,3,10
2023-06-20T08:15:00-00:00,2023-06-20T08:20:00-00:00,2023-06-20,2,TH_NP15_GEN-APND,TH_NP15_GEN-APND,TH_NP15_GEN-APND,RTM,LMP,LMP_PRC,TH_NP15_GEN-APND,ALL_APNODES,0,21.54654,4,10
2023-06-20T08:20:00-00:00,2023-06-20T08:25:00-00:00,2023-06-20,2,TH_NP15_GEN-APND,TH_NP15_GEN-APND,TH_NP15_GEN-APND,RTM,LMP,LMP_PRC,TH_NP15_GEN-APND,ALL_APNODES,0,22.33065,5,10
2023-06-20T08:25:00-00:00,2023-06-20T08:30:00-00:00,2023-06-20,2,TH_NP15_GEN-APND,TH_NP15_GEN-APND,TH_NP15_GEN-APND,RTM,LMP,LMP_PRC,TH_NP15_GEN-APND,ALL_APNODES,0,21.622,6,10
2023-06-20T08:30:00-00:00,2023-06-20T08:35:00-00:00,2023-06-20,2,TH_NP15_GEN-APND,TH_NP15_GEN-APND,TH_NP15_GEN-APND,RTM,LMP,LMP_PRC,TH_NP15_GEN-APND,ALL_APNODES,0,18.8245,7,10
2023-06-20T08:35:00-00:00,2023-06-20T08:40:00-00:00,2023-06-20,2,TH_NP15_GEN-APND,TH_NP15_GEN-APND,TH_NP15_GEN-APND,RTM,LMP,LMP_PRC,TH_NP15_GEN-APND,ALL_APNODES,0,17.89806,8,10
2023-06-20T08:40:00-00:00,2023-06-20T08:45:00-00:00,2023-06-20,2,TH_NP15_GEN-APND,TH_NP15_GEN-APND,TH_NP15_GEN-APND,RTM,LMP,LMP_PRC,TH_NP15_GEN-APND,ALL_APNODES,0,17.90459,9,10
2023-06-20T08:45:00-00:00,2023-06-20T08:50:00-00:00,2023-06-20,2,TH_NP15_GEN-APND,TH_NP15_GEN-APND,TH_NP15_GEN-APND,RTM,LMP,LMP_PRC,TH_NP15_GEN-APND,ALL_APNODES,0,17.87683,10,10
2023-06-20T08:50:00-00:00,2023-06-20T08:55:00-00:00,2023-06-20,2,TH_NP15_GEN-APND,TH_NP15_GEN-APND,TH_NP15_GEN-APND,RTM,LMP,LMP_PRC,TH_NP15_GEN-APND,ALL_APNODES,0,17.87683,11,10
2023-06-20T08:55:00-00:00,2023-06-20T09:00:00-00:00,2023-06-20,2,TH_NP15_GEN-APND,TH_NP15_GEN-APND,TH_NP15_GEN-APND,RTM,LMP,LMP_PRC,TH_NP15_GEN-APND,ALL_APNODES,0,17.87683,12,10
2023-06-20T09:00:00-00:00,2023-06-20T09:05:00-00:00,2023-06-20,3,TH_NP15_GEN-APND,TH_NP15_GEN-APND,TH_NP15_GEN-APND,RTM,LMP,LMP_PRC,TH_NP15_GEN-APND,ALL_APNODES,0,18.56779,1,10
2023-06-20T09:05:00-00:00,2023-06-20T09:10:00-00:00,2023-06-20,3,TH_NP15_GEN-APND,TH_NP15_GEN-APND,TH_NP15_GEN-APND,RTM,LMP,LMP_PRC,TH_NP15_GEN-APND,ALL_APNODES,0,18.08226,2,10
2023-06-20T09:10:00-00:00,2023-06-20T09:15:00-00:00,2023-06-20,3,TH_NP15_GEN-APND,TH_NP15_GEN-APND,TH_NP15_GEN-APND,RTM,LMP,LMP_PRC,TH_NP15_GEN-APND,ALL_APNODES,0,16.98756,3,10
2023-06-20T09:15:00-00:00,2023-06-20T09:20:00-00:00,2023-06-20,3,TH_NP15_GEN-APND,TH_NP15_GEN-APND,TH_NP15_GEN-APND,RTM,LMP,LMP_PRC,TH_NP15_GEN-APND,ALL_APNODES,0,16.09145,4,10
2023-06-20T09:20:00-00:00,2023-06-20T09:25:00-00:00,2023-06-20,3,TH_NP15_GEN-APND,TH_NP15_GEN-APND,TH_NP15_GEN-APND,RTM,LMP,LMP_PRC,TH_NP15_GEN-APND,ALL_APNODES,0,16.17469,5,10
2023-06-20T09:25:00-00:00,2023-06-20T09:30:00-00:00,2023-06-20,3,TH_NP15_GEN-APND,TH_NP15_GEN-APND,TH_NP15_GEN-APND,RTM,LMP,LMP_PRC,TH_NP15_GEN-APND,ALL_APNODES,0,23.14231,6,10
2023-06-20T09:30:00-00:00,2023-06-20T09:35:00-00:00,2023-06-20,3,TH_NP15_GEN-APND,TH_NP15_GEN-APND,TH_NP15_GEN-APND,RTM,LMP,LMP_PRC,TH_NP15_GEN-APND,ALL_APNODES,0,14.11714,7,10
2023-06-20T09:35:00-00:00,2023-06-20T09:40:00-00:00,2023-06-20,3,TH_NP15_GEN-APND,TH_NP15_GEN-APND,TH_NP15_GEN-APND,RTM,LMP,LMP_PRC,TH_NP15_GEN-APND,ALL_APNODES,0,14.21197,8,10
2023-06-20T09:40:00-00:00,2023-06-20T09:45:00-00:00,2023-06-20,3,TH_NP15_GEN-APND,TH_NP15_GEN-APND,TH_NP15_GEN-APND,RTM,LMP,LMP_PRC,TH_NP15_GEN-APND,ALL_APNODES,0,13.65965,9,10
2023-06-20T09:45:00-00:00,2023-06-20T09:50:00-00:00,2023-06-20,3,TH_NP15_GEN-APND,TH_NP15_GEN-APND,TH_NP15_GEN-APND,RTM,LMP,LMP_PRC,TH_NP15_GEN-APND,ALL_APNODES,0,13.46037,10,10
2023-06-20T09:50:00-00:00,2023-06-20T09:55:00-00:00,2023-06-20,3,TH_NP15_GEN-APND,TH_NP15_GEN-APND,TH_NP15_GEN-APND,RTM,LMP,LMP_PRC,TH_NP15_GEN-APND,ALL_APNODES,0,13.16141,11,10
2023-06-20T09:55:00-00:00,2023-06-20T10:00:00-00:00,2023-06-20,3,TH_NP15_GEN-APND,TH_NP15_GEN-APND,TH_NP15_GEN-APND,RTM,LMP,LMP_PRC,TH_NP15_GEN-APND,ALL_APNODES,0,12.76385,12,10
2023-06-20T10:00:00-00:00,2023-06-20T10:05:00-00:00,2023-06-20,4,TH_NP15_GEN-APND,TH_NP15_GEN-APND,TH_NP15_GEN-APND,RTM,LMP,LMP_PRC,TH_NP15_GEN-APND,ALL_APNODES,0,13.72331,1,10
2023-06-20T10:05:00-00:00,2023-06-20T10:10:00-00:00,2023-06-20,4,TH_NP15_GEN-APND,TH_NP15_GEN-APND,TH_NP15_GEN-APND,RTM,LMP,LMP_PRC,TH_NP15_GEN-APND,ALL_APNODES,0,13.5835,2,10
2023-06-20T10:10:00-00:00,2023-06-20T10:15:00-00:00,2023-06-20,4,TH_NP15_GEN-APND,TH_NP15_GEN-APND,TH_NP15_GEN-APND,RTM,LMP,LMP_PRC,TH_NP15_GEN-APND,ALL_APNODES,0,13.33571,3,10
2023-06-20T10:15:00-00:00,2023-06-20T10:20:00-00:00,2023-06-20,4,TH_NP15_GEN-APND,TH_NP15_GEN-APND,TH_NP15_GEN-APND,RTM,LMP,LMP_PRC,TH_NP15_GEN-APND,ALL_APNODES,0,13.29714,4,10
2023-06-20T10:20:00-00:00,2023-06-20T10:25:00-00:00,2023-06-20,4,TH_NP15_GEN-APND,TH_NP15_GEN-APND,TH_NP15_GEN-APND,RTM,LMP,LMP_PRC,TH_NP15_GEN-APND,ALL_APNODES,0,13.02106,5,10
2023-06-20T10:25:00-00:00,2023-06-20T10:30:00-00:00,2023-06-20,4,TH_NP15_GEN-APND,TH_NP15_GEN-APND,TH_NP15_GEN-APND,RTM,LMP,LMP_PRC,TH_NP15_GEN-APND,ALL_APNODES,0,12.9435,6,10
2023-06-20T10:30:00-00:00,2023-06-20T10:35:00-00:00,2023-06-20,4,TH_NP15_GEN-APND,TH_NP15_GEN-APND,TH_NP15_GEN-APND,RTM,LMP,LMP_PRC,TH_NP15_GEN-APND,ALL_APNODES,0,12.85197,7,10
2023-06-20T10:35:00-00:00,2023-06-20T10:40:00-00:00,2023-06-20,4,TH_NP15_GEN-APND,TH_NP15_GEN-APND,TH_NP15_GEN-APND,RTM,LMP,LMP_PRC,TH_NP15_GEN-APND,ALL_APNODES,0,12.85197,8,10
2023-06-20T10:40:00-00:00,2023-06-20T10:45:00-00:00,2023-06-20,4,TH_NP15_GEN-APND,TH_NP15_GEN-APND,TH_NP15_GEN-APND,RTM,LMP,LMP_PRC,TH_NP15_GEN-APND,ALL_APNODES,0,12.97984,9,10
2023-06-20T10:45:00-00:00,2023-06-20T10:50:00-00:00,2023-06-20,4,TH_NP15_GEN-APND,TH_NP15_GEN-APND,TH_NP15_GEN-APND,RTM,LMP,LMP_PRC,TH_NP15_GEN-APND,ALL_APNODES,0,12.6199,10,10
2023-06-20T10:50:00-00:00,2023-06-20T10:55:00-00:00,2023-06-20,4,TH_NP15_GEN-APND,TH_NP15_GEN-APND,TH_NP15_GEN-APND,RTM,LMP,LMP_PRC,TH_NP15_GEN-APND,ALL_APNODES,0,12.6199,11,10
2023-06-20T10:55:00-00:00,2023-06-20T11:00:00-00:00,2023-06-20,4,TH_NP15_GEN-APND,TH_NP15_GEN-APND,TH_NP15_GEN-APND,RTM,LMP,LMP_PRC,TH_NP15_GEN-APND,ALL_APNODES,0,12.19551,12,10
2023-06-20T11:00:00-00:00,2023-06-20T11:05:00-00:00,2023-06-20,5,TH_NP15_GEN-APND,TH_NP15_GEN-APND,TH_NP15_GEN-APND,RTM,LMP,LMP_PRC,TH_NP15_GEN-APND,ALL_APNODES,0,14.06321,1,10
2023-06-20T11:05:00-00:00,2023-06-20T11:10:00-00:00,2023-06-20,5,TH_NP15_GEN-APND,TH_NP15_GEN-APND,TH_NP15_GEN-APND,RTM,LMP,LMP_PRC,TH_NP15_GEN-APND,ALL_APNODES,0,13.65,2,10
2023-06-20T11:10:00-00:00,2023-06-20T11:15:00-00:00,2023-06-20,5,TH_NP15_GEN-APND,TH_NP15_GEN-APND,TH_NP15_GEN-APND,RTM,LMP,LMP_PRC,TH_NP15_GEN-APND,ALL_APNODES,0,13.58955,3,10
2023-06-20T11:15:00-00:00,2023-06-20T11:20:00-00:00,2023-06-20,5,TH_NP15_GEN-APND,TH_NP15_GEN-APND,TH_NP15_GEN-APND,RTM,LMP,LMP_PRC,TH_NP15_GEN-APND,ALL_APNODES,0,13.64322,4,10
2023-06-20T11:20:00-00:00,2023-06-20T11:25:00-00:00,2023-06-20,5,TH_NP15_GEN-APND,TH_NP15_GEN-APND,TH_NP15_GEN-APND,RTM,LMP,LMP_PRC,TH_NP15_GEN-APND,ALL_APNODES,0,14.45615,5,10
2023-06-20T11:25:00-00:00,2023-06-20T11:30:00-00:00,2023-06-20,5,TH_NP15_GEN-APND,TH_NP15_GEN-APND,TH_NP15_GEN-APND,RTM,LMP,LMP_PRC,TH_NP15_GEN-APND,ALL_APNODES,0,14.56703,6,10
2023-06-20T11:30:00-00:00,2023-06-20T11:35:00-00:00,2023-06-20,5,TH_NP15_GEN-APND,TH_NP15_GEN-APND,TH_NP15_GEN-APND,RTM,LMP,LMP_PRC,TH_NP15_GEN-APND,ALL_APNODES,0,17.4352,7,10
2023-06-20T11:35:00-00:00,2023-06-20T11:40:00-00:00,2023-06-20,5,TH_NP15_GEN-APND,TH_NP15_GEN-APND,TH_NP15_GEN-APND,RTM,LMP,LMP_PRC,TH_NP15_GEN-APND,ALL_APNODES,0,18.88219,8,10
2023-06-20T11:40:00-00:00,2023-06-20T11:45:00-00:00,2023-06-20,5,TH_NP15_GEN-APND,TH_NP15_GEN-APND,TH_NP15_GEN-APND,RTM,LMP,LMP_PRC,TH_NP15_GEN-APND,ALL_APNODES,0,21.00567,9,10
2023-06-20T11:45:00-00:00,2023-06-20T11:50:00-00:00,2023-06-20,5,TH_NP15_GEN-APND,TH_NP15_GEN-APND,TH_NP15_GEN-APND,RTM,LMP,LMP_PRC,TH_NP15_GEN-APND,ALL_APNODES,0,20.21793,10,10
2023-06-20T11:50:00-00:00,2023-06-20T11:55:00-00:00,2023-06-20,5,TH_NP15_GEN-APND,TH_NP15_GEN-APND,TH_NP15_GEN-APND,RTM,LMP,LMP_PRC,TH_NP15_GEN-APND,ALL_APNODES,0,20.32195,11,10
2023-06-20T11:55:00-00:00,2023-06-20T12:00:00-00:00,2023-06-20,5,TH_NP15_GEN-APND,TH_NP15_GEN-APND,TH_NP15_GEN-APND,RTM,LMP,LMP_PRC,TH_NP15_GEN-APND,ALL_APNODES,0,21.03661,12,10
2023-06-20T12:00:00-00:00,2023-06-20T12:05:00-00:00,2023-06-20,6,TH_NP15_GEN-APND,TH_NP15_GEN-APND,TH_NP15_GEN-APND,RTM,LMP,LMP_PRC,TH_NP15_GEN-APND,ALL_APNODES,0,26.05917,1,10
2023-06-20T12:05:00-00:00,2023-06-20T12:10:00-00:00,2023-06-20,6,TH_NP15_GEN-APND,TH_NP15_GEN-APND,TH_NP15_GEN-APND,RTM,LMP,LMP_PRC,TH_NP15_GEN-APND,ALL_APNODES,0,26.48456,2,10
2023-06-20T12:10:00-00:00,2023-06-20T12:15:00-00:00,2023-06-20,6,TH_NP15_GEN-APND,TH_NP15_GEN-APND,TH_NP15_GEN-APND,RTM,LMP,LMP_PRC,TH_NP15_GEN-APND,ALL_APNODES,0,26.64921,3,10
2023-06-20T12:15:00-00:00,2023-06-20T12:20:00-00:00,2023-06-20,6,TH_NP15_GEN-APND,TH_NP15_GEN-APND,TH_NP15_GEN-APND,RTM,LMP,LMP_PRC,TH_NP15_GEN-APND,ALL_APNODES,0,27.30435,4,10
2023-06-20T12:20:00-00:00,2023-06-20T12:25:00-00:00,2023-06-20,6,TH_NP15_GEN-APND,TH_NP15_GEN-APND,TH_NP15_GEN-APND,RTM,LMP,LMP_PRC,TH_NP15_GEN-APND,ALL_APNODES,0,27.4551,5,10
2023-06-20T12:25:00-00:00,2023-06-20T12:30:00-00:00,2023-06-20,6,TH_NP15_GEN-APND,TH_NP15_GEN-APND,TH_NP15_GEN-APND,RTM,LMP,LMP_PRC,TH_NP15_GEN-APND,ALL_APNODES,0,27.45304,6,10
2023-06-20T12:30:00-00:00,2023-06-20T12:35:00-00:00,2023-06-20,6,TH_NP15_GEN-APND,TH_NP15_GEN-APND,TH_NP15_GEN-APND,RTM,LMP,LMP_PRC,TH_NP15_GEN-APND,ALL_APNODES,0,27.61165,7,10
2023-06-20T12:35:00-00:00,2023-06-20T12:40:00-00:00,2023-06-20,6,TH_NP15_GEN-APND,TH_NP15_GEN-APND,TH_NP15_GEN-APND,RTM,LMP,LMP_PRC,TH_NP15_GEN-APND,ALL_APNODES,0,27.61165,8,10
2023-06-20T12:40:00-00:00,2023-06-20T12:45:00-00:00,2023-06-20,6,TH_NP15_GEN-APND,TH_NP15_GEN-APND,TH_NP15_GEN-APND,RTM,LMP,LMP_PRC,TH_NP15_GEN-APND,ALL_APNODES,0,27.64478,9,10
2023-06-20T12:45:00-00:00,2023-06-20T12:50:00-00:00,2023-06-20,6,TH_NP15_GEN-APND,TH_NP15_GEN-APND,TH_NP15_GEN-APND,RTM,LMP,LMP_PRC,TH_NP15_GEN-APND,ALL_APNODES,0,27.92505,10,10
2023-06-20T12:50:00-00:00,2023-06-20T12:55:00-00:00,2023-06-20,6,TH_NP15_GEN-APND,TH_NP15_GEN-APND,TH_NP15_GEN-APND,RTM,LMP,LMP_PRC,TH_NP15_GEN-APND,ALL_APNODES,0,28.2667,11,10
2023-06-20T12:55:00-00:00,2023-06-20T13:00:00-00:00,2023-06-20,6,TH_NP15_GEN-APND,TH_NP15_GEN-APND,TH_NP15_GEN-APND,RTM,LMP,LMP_PRC,TH_NP15_GEN-APND,ALL_APNODES,0,27.91401,12,10
2023-06-20T13:00:00-00:00,2023-06-20T13:05:00-00:00,2023-06-20,7,TH_NP15_GEN-APND,TH_NP15_GEN-APND,TH_NP15_GEN-APND,RTM,LMP,LMP_PRC,TH_NP15_GEN-APND,ALL_APNODES,0,28.87013,1,10
2023-06-20T13:05:00-00:00,2023-06-20T13:10:00-00:00,2023-06-20,7,TH_NP15_GEN-APND,TH_NP15_GEN-APND,TH_NP15_GEN-APND,RTM,LMP,LMP_PRC,TH_NP15_GEN-APND,ALL_APNODES,0,27.54921,2,10
2023-06-20T13:10:00-00:00,2023-06-20T13:15:00-00:00,2023-06-20,7,TH_NP15_GEN-APND,TH_NP15_GEN-APND,TH_NP15_GEN-APND,RTM,LMP,LMP_PRC,TH_NP15_GEN-APND,ALL_APNODES,0,27.61022,3,10
2023-06-20T13:15:00-00:00,2023-06-20T13:20:00-00:00,2023-06-20,7,TH_NP15_GEN-APND,TH_NP15_GEN-APND,TH_NP15_GEN-APND,RTM,LMP,LMP_PRC,TH_NP15_GEN-APND,ALL_APNODES,0,27.36846,4,10
2023-06-20T13:20:00-00:00,2023-06-20T13:25:00-00:00,2023-06-20,7,TH_NP15_GEN-APND,TH_NP15_GEN-APND,TH_NP15_GEN-APND,RTM,LMP,LMP_PRC,TH_NP15_GEN-APND,ALL_APNODES,0,27.1832,5,10
2023-06-20T13:25:00-00:00,2023-06-20T13:30:00-00:00,2023-06-20,7,TH_NP15_GEN-APND,TH_NP15_GEN-APND,TH_NP15_GEN-APND,RTM,LMP,LMP_PRC,TH_NP15_GEN-APND,ALL_APNODES,0,25.49311,6,10
2023-06-20T13:30:00-00:00,2023-06-20T13:35:00-00:00,2023-06-20,7,TH_NP15_GEN-APND,TH_NP15_GEN-APND,TH_NP15_GEN-APND,RTM,LMP,LMP_PRC,TH_NP15_GEN-APND,ALL_APNODES,0,20.16889,7,10
2023-06-20T13:35:00-00:00,2023-06-20T13:40:00-00:00,2023-06-20,7,TH_NP15_GEN-APND,TH_NP15_GEN-APND,TH_NP15_GEN-APND,RTM,LMP,LMP_PRC,TH_NP15_GEN-APND,ALL_APNODES,0,15.96,8,10
2023-06-20T13:40:00-00:00,2023-06-20T13:45:00-00:00,2023-06-20,7,TH_NP15_GEN-APND,TH_NP15_GEN-APND,TH_NP15_GEN-APND,RTM,LMP,LMP_PRC,TH_NP15_GEN-APND,ALL_APNODES,0,14.9976,9,10
2023-06-20T13:45:00-00:00,2023-06-20T13:50:00-00:00,2023-06-20,7,TH_NP15_GEN-APND,TH_NP15_GEN-APND,TH_NP15_GEN-APND,RTM,LMP,LMP_PRC,TH_NP15_GEN-APND,ALL_APNODES,0,13.6852,10,10
2023-06-20T13:50:00-00:00,2023-06-20T13:55:00-00:00,2023-06-20,7,TH_NP15_GEN-APND,TH_NP15_GEN-APND,TH_NP15_GEN-APND,RTM,LMP,LMP_PRC,TH_NP15_GEN-APND,ALL_APNODES,0,10.62467,11,10
2023-06-20T13:55:00-00:00,2023-06-20T14:00:00-00:00,2023-06-20,7,TH_NP15_GEN-APND,TH_NP15_GEN-APND,TH_NP15_GEN-APND,RTM,LMP,LMP_PRC,TH_NP15_GEN-APND,ALL_APNODES,0,9.31821,12,10
2023-06-20T14:00:00-00:00,2023-06-20T14:05:00-00:00,2023-06-20,8,TH_NP15_GEN-APND,TH_NP15_GEN-APND,TH_NP15_GEN-APND,RTM,LMP,LMP_PRC,TH_NP15_GEN-APND,ALL_APNODES,0,17.79888,1,10
2023-06-20T14:05:00-00:00,2023-06-20T14:10:00-00:00,2023-06-20,8,TH_NP15_GEN-APND,TH_NP15_GEN-APND,TH_NP15_GEN-APND,RTM,LMP,LMP_PRC,TH_NP15_GEN-APND,ALL_APNODES,0,17.65509,2,10
2023-06-20T14:10:00-00:00,2023-06-20T14:15:00-00:00,2023-06-20,8,TH_NP15_GEN-APND,TH_NP15_GEN-APND,TH_NP15_GEN-APND,RTM,LMP,LMP_PRC,TH_NP15_GEN-APND,ALL_APNODES,0,18.85318,3,10
2023-06-20T14:15:00-00:00,2023-06-20T14:20:00-00:00,2023-06-20,8,TH_NP15_GEN-APND,TH_NP15_GEN-APND,TH_NP15_GEN-APND,RTM,LMP,LMP_PRC,TH_NP15_GEN-APND,ALL_APNODES,0,16.86603,4,10
2023-06-20T14:20:00-00:00,2023-06-20T14:25:00-00:00,2023-06-20,8,TH_NP15_GEN-APND,TH_NP15_GEN-APND,TH_NP15_GEN-APND,RTM,LMP,LMP_PRC,TH_NP15_GEN-APND,ALL_APNODES,0,15.35845,5,10
2023-06-20T14:25:00-00:00,2023-06-20T14:30:00-00:00,2023-06-20,8,TH_NP15_GEN-APND,TH_NP15_GEN-APND,TH_NP15_GEN-APND,RTM,LMP,LMP_PRC,TH_NP15_GEN-APND,ALL_APNODES,0,11.61591,6,10
2023-06-20T14:30:00-00:00,2023-06-20T14:35:00-00:00,2023-06-20,8,TH_NP15_GEN-APND,TH_NP15_GEN-APND,TH_NP15_GEN-APND,RTM,LMP,LMP_PRC,TH_NP15_GEN-APND,ALL_APNODES,0,10.72768,7,10
2023-06-20T14:35:00-00:00,2023-06-20T14:40:00-00:00,2023-06-20,8,TH_NP15_GEN-APND,TH_NP15_GEN-APND,TH_NP15_GEN-APND,RTM,LMP,LMP_PRC,TH_NP15_GEN-APND,ALL_APNODES,0,10.89536,8,10
2023-06-20T14:40:00-00:00,2023-06-20T14:45:00-00:00,2023-06-20,8,TH_NP15_GEN-APND,TH_NP15_GEN-APND,TH_NP15_GEN-APND,RTM,LMP,LMP_PRC,TH_NP15_GEN-APND,ALL_APNODES,0,10.72768,9,10
2023-06-20T14:45:00-00:00,2023-06-20T14:50:00-00:00,2023-06-20,8,TH_NP15_GEN-APND,TH_NP15_GEN-APND,TH_NP15_GEN-APND,RTM,LMP,LMP_PRC,TH_NP15_GEN-APND,ALL_APNODES,0,3.35114,10,10
2023-06-20T14:50:00-00:00,2023-06-20T14:55:00-00:00,2023-06-20,8,TH_NP15_GEN-APND,TH_NP15_GEN-APND,TH_NP15_GEN-APND,RTM,LMP,LMP_PRC,TH_NP15_GEN-APND,ALL_APNODES,0,0.01072,11,10
2023-06-20T14:55:00-00:00,2023-06-20T15:00:00-00:00,2023-06-20,8,TH_NP15_GEN-APND,TH_NP15_GEN-APND,TH_NP15_GEN-APND,RTM,LMP,LMP_PRC,TH_NP15_GEN-APND,ALL_APNODES,0,0.024,12,10
2023-06-20T15:00:00-00:00,2023-06-20T15:05:00-00:00,2023-06-20,9,TH_NP15_GEN-APND,TH_NP15_GEN-APND,TH_NP15_GEN-APND,RTM,LMP,LMP_PRC,TH_NP15_GEN-APND,ALL_APNODES,0,-0.20304,1,10
2023-06-20T15:05:00-00:00,2023-06-20T15:10:00-00:00,2023-06-20,9,TH_NP15_GEN-APND,TH_NP15_GEN-APND,TH_NP15_GEN-APND,RTM,LMP,LMP_PRC,TH_NP15_GEN-APND,ALL_APNODES,0,-0.35104,2,10
2023-06-20T15:10:00-00:00,2023-06-20T15:15:00-00:00,2023-06-20,9,TH_NP15_GEN-APND,TH_NP15_GEN-APND,TH_NP15_GEN-APND,RTM,LMP,LMP_PRC,TH_NP15_GEN-APND,ALL_APNODES,0,0.0,3,10
2023-06-20T15:15:00-00:00,2023-06-20T15:20:00-00:00,2023-06-20,9,TH_NP15_GEN-APND,TH_NP15_GEN-APND,TH_NP15_GEN-APND,RTM,LMP,LMP_PRC,TH_NP15_GEN-APND,ALL_APNODES,0,0.47843,4,10
2023-06-20T15:20:00-00:00,2023-06-20T15:25:00-00:00,2023-06-20,9,TH_NP15_GEN-APND,TH_NP15_GEN-APND,TH_NP15_GEN-APND,RTM,LMP,LMP_PRC,TH_NP15_GEN-APND,ALL_APNODES,0,2.66421,5,10
2023-06-20T15:25:00-00:00,2023-06-20T15:30:00-00:00,2023-06-20,9,TH_NP15_GEN-APND,TH_NP15_GEN-APND,TH_NP15_GEN-APND,RTM,LMP,LMP_PRC,TH_NP15_GEN-APND,ALL_APNODES,0,2.65145,6,10
2023-06-20T15:30:00-00:00,2023-06-20T15:35:00-00:00,2023-06-20,9,TH_NP15_GEN-APND,TH_NP15_GEN-APND,TH_NP15_GEN-APND,RTM,LMP,LMP_PRC,TH_NP15_GEN-APND,ALL_APNODES,0,2.4721,7,10
2023-06-20T15:35:00-00:00,2023-06-20T15:40:00-00:00,2023-06-20,9,TH_NP15_GEN-APND,TH_NP15_GEN-APND,TH_NP15_GEN-APND,RTM,LMP,LMP_PRC,TH_NP15_GEN-APND,ALL_APNODES,0,2.29529,8,10
2023-06-20T15:40:00-00:00,2023-06-20T15:45:00-00:00,2023-06-20,9,TH_NP15_GEN-APND,TH_NP15_GEN-APND,TH_NP15_GEN-APND,RTM,LMP,LMP_PRC,TH_NP15_GEN-APND,ALL_APNODES,0,2.46573,9,10
2023-06-20T15:45:00-00:00,2023-06-20T15:50:00-00:00,2023-06-20,9,TH_NP15_GEN-APND,TH_NP15_GEN-APND,TH_NP15_GEN-APND,RTM,LMP,LMP_PRC,TH_NP15_GEN-APND,ALL_APNODES,0,0.17751,10,10
2023-06-20T15:50:00-00:00,2023-06-20T15:55:00-00:00,2023-06-20,9,TH_NP15_GEN-APND,TH_NP15_GEN-APND,TH_NP15_GEN-APND,RTM,LMP,LMP_PRC,TH_NP15_GEN-APND,ALL_APNODES,0,0.66507,11,10
2023-06-20T15:55:00-00:00,2023-06-20T16:00:00-00:00,2023-06-20,9,TH_NP15_GEN-APND,TH_NP15_GEN-APND,TH_NP15_GEN-APND,RTM,LMP,LMP_PRC,TH_NP15_GEN-APND,ALL_APNODES,0,0.61295,12,10
2023-06-20T16:00:00-00:00,2023-06-20T16:05:00-00:00,2023-06-20,10,TH_NP15_GEN-APND,TH_NP15_GEN-APND,TH_NP15_GEN-APND,RTM,LMP,LMP_PRC,TH_NP15_GEN-APND,ALL_APNODES,0,1.75939,1,10
2023-06-20T16:05:00-00:00,2023-06-20T16:10:00-00:00,2023-06-20,10,TH_NP15_GEN-APND,TH_NP15_GEN-APND,TH_NP15_GEN-APND,RTM,LMP,LMP_PRC,TH_NP15_GEN-APND,ALL_APNODES,0,1.75706,2,10
2023-06-20T16:10:00-00:00,2023-06-20T16:15:00-00:00,2023-06-20,10,TH_NP15_GEN-APND,TH_NP15_GEN-APND,TH_NP15_GEN-APND,RTM,LMP,LMP_PRC,TH_NP15_GEN-APND,ALL_APNODES,0,1.95928,3,10
2023-06-20T16:15:00-00:00,2023-06-20T16:20:00-00:00,2023-06-20,10,TH_NP15_GEN-APND,TH_NP15_GEN-APND,TH_NP15_GEN-APND,RTM,LMP,LMP_PRC,TH_NP15_GEN-APND,ALL_APNODES,0,1.85393,4,10
2023-06-20T16:20:00-00:00,2023-06-20T16:25:00-00:00,2023-06-20,10,TH_NP15_GEN-APND,TH_NP15_GEN-APND,TH_NP15_GEN-APND,RTM,LMP,LMP_PRC,TH_NP15_GEN-APND,ALL_APNODES,0,1.8151,5,10
2023-06-20T16:25:00-00:00,2023-06-20T16:30:00-00:00,2023-06-20,10,TH_NP15_GEN-APND,TH_NP15_GEN-APND,TH_NP15_GEN-APND,RTM,LMP,LMP_PRC,TH_NP15_GEN-APND,ALL_APNODES,0,1.81579,6,10
2023-06-20T16:30:00-00:00,2023-06-20T16:35:00-00:00,2023-06-20,10,TH_NP15_GEN-APND,TH_NP15_GEN-APND,TH_NP15_GEN-APND,RTM,LMP,LMP_PRC,TH_NP15_GEN-APND,ALL_APNODES,0,1.84165,7,10
2023-06-20T16:35:00-00:00,2023-06-20T16:40:00-00:00,2023-06-20,10,TH_NP15_GEN-APND,TH_NP15_GEN-APND,TH_NP15_GEN-APND,RTM,LMP,LMP_PRC,TH_NP15_GEN-APND,ALL_APNODES,0,1.54332,8,10
2023-06-20T16:40:00-00:00,2023-06-20T16:45:00-00:00,2023-06-20,10,TH_NP15_GEN-APND,TH_NP15_GEN-APND,TH_NP15_GEN-APND,RTM,LMP,LMP_PRC,TH_NP15_GEN-APND,ALL_APNODES,0,0.43295,9,10
2023-06-20T16:45:00-00:00,2023-06-20T16:50:00-00:00,2023-06-20,10,TH_NP15_GEN-APND,TH_NP15_GEN-APND,TH_NP15_GEN-APND,RTM,LMP,LMP_PRC,TH_NP15_GEN-APND,ALL_APNODES,0,0.00854,10,10
2023-06-20T16:50:00-00:00,2023-06-20T16:55:00-00:00,2023-06-20,10,TH_NP15_GEN-APND,TH_NP15_GEN-APND,TH_NP15_GEN-APND,RTM,LMP,LMP_PRC,TH_NP15_GEN-APND,ALL_APNODES,0,-0.13032,11,10
2023-06-20T16:55:00-00:00,2023-06-20T17:00:00-00:00,2023-06-20,10,TH_NP15_GEN-APND,TH_NP15_GEN-APND,TH_NP15_GEN-APND,RTM,LMP,LMP_PRC,TH_NP15_GEN-APND,ALL_APNODES,0,-0.50408,12,10
2023-06-20T17:00:00-00:00,2023-06-20T17:05:00-00:00,2023-06-20,11,TH_NP15_GEN-APND,TH_NP15_GEN-APND,TH_NP15_GEN-APND,RTM,LMP,LMP_PRC,TH_NP15_GEN-APND,ALL_APNODES,0,-0.00573,1,10
2023-06-20T17:05:00-00:00,2023-06-20T17:10:00-00:00,2023-06-20,11,TH_NP15_GEN-APND,TH_NP15_GEN-APND,TH_NP15_GEN-APND,RTM,LMP,LMP_PRC,TH_NP15_GEN-APND,ALL_APNODES,0,0.01408,2,10
2023-06-20T17:10:00-00:00,2023-06-20T17:15:00-00:00,2023-06-20,11,TH_NP15_GEN-APND,TH_NP15_GEN-APND,TH_NP15_GEN-APND,RTM,LMP,LMP_PRC,TH_NP15_GEN-APND,ALL_APNODES,0,-0.00573,3,10
2023-06-20T17:15:00-00:00,2023-06-20T17:20:00-00:00,2023-06-20,11,TH_NP15_GEN-APND,TH_NP15_GEN-APND,TH_NP15_GEN-APND,RTM,LMP,LMP_PRC,TH_NP15_GEN-APND,ALL_APNODES,0,-2.21523,4,10
2023-06-20T17:20:00-00:00,2023-06-20T17:25:00-00:00,2023-06-20,11,TH_NP15_GEN-APND,TH_NP15_GEN-APND,TH_NP15_GEN-APND,RTM,LMP,LMP_PRC,TH_NP15_GEN-APND,ALL_APNODES,0,-1.35996,5,10
2023-06-20T17:25:00-00:00,2023-06-20T17:30:00-00:00,2023-06-20,11,TH_NP15_GEN-APND,TH_NP15_GEN-APND,TH_NP15_GEN-APND,RTM,LMP,LMP_PRC,TH_NP15_GEN-APND,ALL_APNODES,0,-1.36195,6,10
2023-06-20T17:30:00-00:00,2023-06-20T17:35:00-00:00,2023-06-20,11,TH_NP15_GEN-APND,TH_NP15_GEN-APND,TH_NP15_GEN-APND,RTM,LMP,LMP_PRC,TH_NP15_GEN-APND,ALL_APNODES,0,-2.64739,7,10
2023-06-20T17:35:00-00:00,2023-06-20T17:40:00-00:00,2023-06-20,11,TH_NP15_GEN-APND,TH_NP15_GEN-APND,TH_NP15_GEN-APND,RTM,LMP,LMP_PRC,TH_NP15_GEN-APND,ALL_APNODES,0,-1.54932,8,10
2023-06-20T17:40:00-00:00,2023-06-20T17:45:00-00:00,2023-06-20,11,TH_NP15_GEN-APND,TH_NP15_GEN-APND,TH_NP15_GEN-APND,RTM,LMP,LMP_PRC,TH_NP15_GEN-APND,ALL_APNODES,0,-5.20545,9,10
2023-06-20T17:45:00-00:00,2023-06-20T17:50:00-00:00,2023-06-20,11,TH_NP15_GEN-APND,TH_NP15_GEN-APND,TH_NP15_GEN-APND,RTM,LMP,LMP_PRC,TH_NP15_GEN-APND,ALL_APNODES,0,-6.98868,10,10
2023-06-20T17:50:00-00:00,2023-06-20T17:55:00-00:00,2023-06-20,11,TH_NP15_GEN-APND,TH_NP15_GEN-APND,TH_NP15_GEN-APND,RTM,LMP,LMP_PRC,TH_NP15_GEN-APND,ALL_APNODES,0,-5.68003,11,10
2023-06-20T17:55:00-00:00,2023-06-20T18:00:00-00:00,2023-06-20,11,TH_NP15_GEN-APND,TH_NP15_GEN-APND,TH_NP15_GEN-APND,RTM,LMP,LMP_PRC,TH_NP15_GEN-APND,ALL_APNODES,0,-2.25027,12,10
2023-06-20T18:00:00-00:00,2023-06-20T18:05:00-00:00,2023-06-20,12,TH_NP15_GEN-APND,TH_NP15_GEN-APND,TH_NP15_GEN-APND,RTM,LMP,LMP_PRC,TH_NP15_GEN-APND,ALL_APNODES,0,2.18698,1,10
2023-06-20T18:05:00-00:00,2023-06-20T18:10:00-00:00,2023-06-20,12,TH_NP15_GEN-APND,TH_NP15_GEN-APND,TH_NP15_GEN-APND,RTM,LMP,LMP_PRC,TH_NP15_GEN-APND,ALL_APNODES,0,2.18698,2,10
2023-06-20T18:10:00-00:00,2023-06-20T18:15:00-00:00,2023-06-20,12,TH_NP15_GEN-APND,TH_NP15_GEN-APND,TH_NP15_GEN-APND,RTM,LMP,LMP_PRC,TH_NP15_GEN-APND,ALL_APNODES,0,2.54631,3,10
2023-06-20T18:15:00-00:00,2023-06-20T18:20:00-00:00,2023-06-20,12,TH_NP15_GEN-APND,TH_NP15_GEN-APND,TH_NP15_GEN-APND,RTM,LMP,LMP_PRC,TH_NP15_GEN-APND,ALL_APNODES,0,4.55772,4,10
2023-06-20T18:20:00-00:00,2023-06-20T18:25:00-00:00,2023-06-20,12,TH_NP15_GEN-APND,TH_NP15_GEN-APND,TH_NP15_GEN-APND,RTM,LMP,LMP_PRC,TH_NP15_GEN-APND,ALL_APNODES,0,3.74668,5,10
2023-06-20T18:25:00-00:00,2023-06-20T18:30:00-00:00,2023-06-20,12,TH_NP15_GEN-APND,TH_NP15_GEN-APND,TH_NP15_GEN-APND,RTM,LMP,LMP_PRC,TH_NP15_GEN-APND,ALL_APNODES,0,3.10824,6,10
2023-06-20T18:30:00-00:00,2023-06-20T18:35:00-00:00,2023-06-20,12,TH_NP15_GEN-APND,TH_NP15_GEN-APND,TH_NP15_GEN-APND,RTM,LMP,LMP_PRC,TH_NP15_GEN-APND,ALL_APNODES,0,8.30854,7,10
2023-06-20T18:35:00-00:00,2023-06-20T18:40:00-00:00,2023-06-20,12,TH_NP15_GEN-APND,TH_NP15_GEN-APND,TH_NP15_GEN-APND,RTM,LMP,LMP_PRC,TH_NP15_GEN-APND,ALL_APNODES,0,8.38804,8,10
2023-06-20T18:40:00-00:00,2023-06-20T18:45:00-00:00,2023-06-20,12,TH_NP15_GEN-APND,TH_NP15_GEN-APND,TH_NP15_GEN-APND,RTM,LMP,LMP_PRC,TH_NP15_GEN-APND,ALL_APNODES,0,13.08132,9,10
2023-06-20T18:45:00-00:00,2023-06-20T18:50:00-00:00,2023-06-20,12,TH_NP15_GEN-APND,TH_NP15_GEN-APND,TH_NP15_GEN-APND,RTM,LMP,LMP_PRC,TH_NP15_GEN-APND,ALL_APNODES,0,3.33375,10,10
2023-06-20T18:50:00-00:00,2023-06-20T18:55:00-00:00,2023-06-20,12,TH_NP15_GEN-APND,TH_NP15_GEN-APND,TH_NP15_GEN-APND,RTM,LMP,LMP_PRC,TH_NP15_GEN-APND,ALL_APNODES,0,2.6018,11,10
2023-06-20T18:55:00-00:00,2023-06-20T19:00:00-00:00,2023-06-20,12,TH_NP15_GEN-APND,TH_NP15_GEN-APND,TH_NP15_GEN-APND,RTM,LMP,LMP_PRC,TH_NP15_GEN-APND,ALL_APNODES,0,2.59437,12,10
2023-06-20T19:00:00-00:00,2023-06-20T19:05:00-00:00,2023-06-20,13,TH_NP15_GEN-APND,TH_NP15_GEN-APND,TH_NP15_GEN-APND,RTM,LMP,LMP_PRC,TH_NP15_GEN-APND,ALL_APNODES,0,-1.58966,1,10
2023-06-20T19:05:00-00:00,2023-06-20T19:10:00-00:00,2023-06-20,13,TH_NP15_GEN-APND,TH_NP15_GEN-APND,TH_NP15_GEN-APND,RTM,LMP,LMP_PRC,TH_NP15_GEN-APND,ALL_APNODES,0,-1.55864,2,10
2023-06-20T19:10:00-00:00,2023-06-20T19:15:00-00:00,2023-06-20,13,TH_NP15_GEN-APND,TH_NP15_GEN-APND,TH_NP15_GEN-APND,RTM,LMP,LMP_PRC,TH_NP15_GEN-APND,ALL_APNODES,0,-1.58966,3,10
2023-06-20T19:15:00-00:00,2023-06-20T19:20:00-00:00,2023-06-20,13,TH_NP15_GEN-APND,TH_NP15_GEN-APND,TH_NP15_GEN-APND,RTM,LMP,LMP_PRC,TH_NP15_GEN-APND,ALL_APNODES,0,-1.27221,4,10
2023-06-20T19:20:00-00:00,2023-06-20T19:25:00-00:00,2023-06-20,13,TH_NP15_GEN-APND,TH_NP15_GEN-APND,TH_NP15_GEN-APND,RTM,LMP,LMP_PRC,TH_NP15_GEN-APND,ALL_APNODES,0,-1.35656,5,10
2023-06-20T19:25:00-00:00,2023-06-20T19:30:00-00:00,2023-06-20,13,TH_NP15_GEN-APND,TH_NP15_GEN-APND,TH_NP15_GEN-APND,RTM,LMP,LMP_PRC,TH_NP15_GEN-APND,ALL_APNODES,0,-1.26108,6,10
2023-06-20T19:30:00-00:00,2023-06-20T19:35:00-00:00,2023-06-20,13,TH_NP15_GEN-APND,TH_NP15_GEN-APND,TH_NP15_GEN-APND,RTM,LMP,LMP_PRC,TH_NP15_GEN-APND,ALL_APNODES,0,0.26953,7,10
2023-06-20T19:35:00-00:00,2023-06-20T19:40:00-00:00,2023-06-20,13,TH_NP15_GEN-APND,TH_NP15_GEN-APND,TH_NP15_GEN-APND,RTM,LMP,LMP_PRC,TH_NP15_GEN-APND,ALL_APNODES,0,0.27041,8,10
2023-06-20T19:40:00-00:00,2023-06-20T19:45:00-00:00,2023-06-20,13,TH_NP15_GEN-APND,TH_NP15_GEN-APND,TH_NP15_GEN-APND,RTM,LMP,LMP_PRC,TH_NP15_GEN-APND,ALL_APNODES,0,1.00545,9,10
2023-06-20T19:45:00-00:00,2023-06-20T19:50:00-00:00,2023-06-20,13,TH_NP15_GEN-APND,TH_NP15_GEN-APND,TH_NP15_GEN-APND,RTM,LMP,LMP_PRC,TH_NP15_GEN-APND,ALL_APNODES,0,0.17559,10,10
2023-06-20T19:50:00-00:00,2023-06-20T19:55:00-00:00,2023-06-20,13,TH_NP15_GEN-APND,TH_NP15_GEN-APND,TH_NP15_GEN-APND,RTM,LMP,LMP_PRC,TH_NP15_GEN-APND,ALL_APNODES,0,-0.07952,11,10
2023-06-20T19:55:00-00:00,2023-06-20T20:00:00-00:00,2023-06-20,13,TH_NP15_GEN-APND,TH_NP15_GEN-APND,TH_NP15_GEN-APND,RTM,LMP,LMP_PRC,TH_NP15_GEN-APND,ALL_APNODES,0,0.68951,12,10
2023-06-20T20:00:00-00:00,2023-06-20T20:05:00-00:00,2023-06-20,14,TH_NP15_GEN-APND,TH_NP15_GEN-APND,TH_NP15_GEN-APND,RTM,LMP,LMP_PRC,TH_NP15_GEN-APND,ALL_APNODES,0,-1.46141,1,10
2023-06-20T20:05:00-00:00,2023-06-20T20:10:00-00:00,2023-06-20,14,TH_NP15_GEN-APND,TH_NP15_GEN-APND,TH_NP15_GEN-APND,RTM,LMP,LMP_PRC,TH_NP15_GEN-APND,ALL_APNODES,0,-1.31778,2,10
2023-06-20T20:10:00-00:00,2023-06-20T20:15:00-00:00,2023-06-20,14,TH_NP15_GEN-APND,TH_NP15_GEN-APND,TH_NP15_GEN-APND,RTM,LMP,LMP_PRC,TH_NP15_GEN-APND,ALL_APNODES,0,-1.3382,3,10
2023-06-20T20:15:00-00:00,2023-06-20T20:20:00-00:00,2023-06-20,14,TH_NP15_GEN-APND,TH_NP15_GEN-APND,TH_NP15_GEN-APND,RTM,LMP,LMP_PRC,TH_NP15_GEN-APND,ALL_APNODES,0,0.2934,4,10
2023-06-20T20:20:00-00:00,2023-06-20T20:25:00-00:00,2023-06-20,14,TH_NP15_GEN-APND,TH_NP15_GEN-APND,TH_NP15_GEN-APND,RTM,LMP,LMP_PRC,TH_NP15_GEN-APND,ALL_APNODES,0,0.2376,5,10
2023-06-20T20:25:00-00:00,2023-06-20T20:30:00-00:00,2023-06-20,14,TH_NP15_GEN-APND,TH_NP15_GEN-APND,TH_NP15_GEN-APND,RTM,LMP,LMP_PRC,TH_NP15_GEN-APND,ALL_APNODES,0,2.19182,6,10
2023-06-20T20:30:00-00:00,2023-06-20T20:35:00-00:00,2023-06-20,14,TH_NP15_GEN-APND,TH_NP15_GEN-APND,TH_NP15_GEN-APND,RTM,LMP,LMP_PRC,TH_NP15_GEN-APND,ALL_APNODES,0,-3.90915,7,10
2023-06-20T20:35:00-00:00,2023-06-20T20:40:00-00:00,2023-06-20,14,TH_NP15_GEN-APND,TH_NP15_GEN-APND,TH_NP15_GEN-APND,RTM,LMP,LMP_PRC,TH_NP15_GEN-APND,ALL_APNODES,0,-1.22477,8,10
2023-06-20T20:40:00-00:00,2023-06-20T20:45:00-00:00,2023-06-20,14,TH_NP15_GEN-APND,TH_NP15_GEN-APND,TH_NP15_GEN-APND,RTM,LMP,LMP_PRC,TH_NP15_GEN-APND,ALL_APNODES,0,-1.3793,9,10
2023-06-20T20:45:00-00:00,2023-06-20T20:50:00-00:00,2023-06-20,14,TH_NP15_GEN-APND,TH_NP15_GEN-APND,TH_NP15_GEN-APND,RTM,LMP,LMP_PRC,TH_NP15_GEN-APND,ALL_APNODES,0,-1.35556,10,10
2023-06-20T20:50:00-00:00,2023-06-20T20:55:00-00:00,2023-06-20,14,TH_NP15_GEN-APND,TH_NP15_GEN-APND,TH_NP15_GEN-APND,RTM,LMP,LMP_PRC,TH_NP15_GEN-APND,ALL_APNODES,0,-0.69912,11,10
2023-06-20T20:55:00-00:00,2023-06-20T21:00:00-00:00,2023-06-20,14,TH_NP15_GEN-APND,TH_NP15_GEN-APND,TH_NP15_GEN-APND,RTM,LMP,LMP_PRC,TH_NP15_GEN-APND,ALL_APNODES,0,-0.86246,12,10
2023-06-20T21:00:00-00:00,2023-06-20T21:05:00-00:00,2023-06-20,15,TH_NP15_GEN-APND,TH_NP15_GEN-APND,TH_NP15_GEN-APND,RTM,LMP,LMP_PRC,TH_NP15_GEN-APND,ALL_APNODES,0,-1.87633,1,10
2023-06-20T21:05:00-00:00,2023-06-20T21:10:00-00:00,2023-06-20,15,TH_NP15_GEN-APND,TH_NP15_GEN-APND,TH_NP15_GEN-APND,RTM,LMP,LMP_PRC,TH_NP15_GEN-APND,ALL_APNODES,0,-1.53693,2,10
2023-06-20T21:10:00-00:00,2023-06-20T21:15:00-00:00,2023-06-20,15,TH_NP15_GEN-APND,TH_NP15_GEN-APND,TH_NP15_GEN-APND,RTM,LMP,LMP_PRC,TH_NP15_GEN-APND,ALL_APNODES,0,-1.41083,3,10
2023-06-20T21:15:00-00:00,2023-06-20T21:20:00-00:00,2023-06-20,15,TH_NP15_GEN-APND,TH_NP15_GEN-APND,TH_NP15_GEN-APND,RTM,LMP,LMP_PRC,TH_NP15_GEN-APND,ALL_APNODES,0,-0.98541,4,10
2023-06-20T21:20:00-00:00,2023-06-20T21:25:00-00:00,2023-06-20,15,TH_NP15_GEN-APND,TH_NP15_GEN-APND,TH_NP15_GEN-APND,RTM,LMP,LMP_PRC,TH_NP15_GEN-APND,ALL_APNODES,0,-0.32093,5,10
2023-06-20T21:25:00-00:00,2023-06-20T21:30:00-00:00,2023-06-20,15,TH_NP15_GEN-APND,TH_NP15_GEN-APND,TH_NP15_GEN-APND,RTM,LMP,LMP_PRC,TH_NP15_GEN-APND,ALL_APNODES,0,-0.72478,6,10
2023-06-20T21:30:00-00:00,2023-06-20T21:35:00-00:00,2023-06-20,15,TH_NP15_GEN-APND,TH_NP15_GEN-APND,TH_NP15_GEN-APND,RTM,LMP,LMP_PRC,TH_NP15_GEN-APND,ALL_APNODES,0,-0.0036,7,10
2023-06-20T21:35:00-00:00,2023-06-20T21:40:00-00:00,2023-06-20,15,TH_NP15_GEN-APND,TH_NP15_GEN-APND,TH_NP15_GEN-APND,RTM,LMP,LMP_PRC,TH_NP15_GEN-APND,ALL_APNODES,0,-0.11774,8,10
2023-06-20T21:40:00-00:00,2023-06-20T21:45:00-00:00,2023-06-20,15,TH_NP15_GEN-APND,TH_NP15_GEN-APND,TH_NP15_GEN-APND,RTM,LMP,LMP_PRC,TH_NP15_GEN-APND,ALL_APNODES,0,-0.0012,9,10
2023-06-20T21:45:00-00:00,2023-06-20T21:50:00-00:00,2023-06-20,15,TH_NP15_GEN-APND,TH_NP15_GEN-APND,TH_NP15_GEN-APND,RTM,LMP,LMP_PRC,TH_NP15_GEN-APND,ALL_APNODES,0,-0.30031,10,10
2023-06-20T21:50:00-00:00,2023-06-20T21:55:00-00:00,2023-06-20,15,TH_NP15_GEN-APND,TH_NP15_GEN-APND,TH_NP15_GEN-APND,RTM,LMP,LMP_PRC,TH_NP15_GEN-APND,ALL_APNODES,0,-0.11515,11,10
2023-06-20T21:55:00-00:00,2023-06-20T22:00:00-00:00,2023-06-20,15,TH_NP15_GEN-APND,TH_NP15_GEN-APND,TH_NP15_GEN-APND,RTM,LMP,LMP_PRC,TH_NP15_GEN-APND,ALL_APNODES,0,-0.12089,12,10
2023-06-20T22:00:00-00:00,2023-06-20T22:05:00-00:00,2023-06-20,16,TH_NP15_GEN-APND,TH_NP15_GEN-APND,TH_NP15_GEN-APND,RTM,LMP,LMP_PRC,TH_NP15_GEN-APND,ALL_APNODES,0,0.07377,1,10
2023-06-20T22:05:00-00:00,2023-06-20T22:10:00-00:00,2023-06-20,16,TH_NP15_GEN-APND,TH_NP15_GEN-APND,TH_NP15_GEN-APND,RTM,LMP,LMP_PRC,TH_NP15_GEN-APND,ALL_APNODES,0,1.11548,2,10
2023-06-20T22:10:00-00:00,2023-06-20T22:15:00-00:00,2023-06-20,16,TH_NP15_GEN-APND,TH_NP15_GEN-APND,TH_NP15_GEN-APND,RTM,LMP,LMP_PRC,TH_NP15_GEN-APND,ALL_APNODES,0,1.0338,3,10
2023-06-20T22:15:00-00:00,2023-06-20T22:20:00-00:00,2023-06-20,16,TH_NP15_GEN-APND,TH_NP15_GEN-APND,TH_NP15_GEN-APND,RTM,LMP,LMP_PRC,TH_NP15_GEN-APND,ALL_APNODES,0,0.01844,4,10
2023-06-20T22:20:00-00:00,2023-06-20T22:25:00-00:00,2023-06-20,16,TH_NP15_GEN-APND,TH_NP15_GEN-APND,TH_NP15_GEN-APND,RTM,LMP,LMP_PRC,TH_NP15_GEN-APND,ALL_APNODES,0,3.12792,5,10
2023-06-20T22:25:00-00:00,2023-06-20T22:30:00-00:00,2023-06-20,16,TH_NP15_GEN-APND,TH_NP15_GEN-APND,TH_NP15_GEN-APND,RTM,LMP,LMP_PRC,TH_NP15_GEN-APND,ALL_APNODES,0,5.06793,6,10
2023-06-20T22:30:00-00:00,2023-06-20T22:35:00-00:00,2023-06-20,16,TH_NP15_GEN-APND,TH_NP15_GEN-APND,TH_NP15_GEN-APND,RTM,LMP,LMP_PRC,TH_NP15_GEN-APND,ALL_APNODES,0,1.00943,7,10
2023-06-20T22:35:00-00:00,2023-06-20T22:40:00-00:00,2023-06-20,16,TH_NP15_GEN-APND,TH_NP15_GEN-APND,TH_NP15_GEN-APND,RTM,LMP,LMP_PRC,TH_NP15_GEN-APND,ALL_APNODES,0,0.01014,8,10
2023-06-20T22:40:00-00:00,2023-06-20T22:45:00-00:00,2023-06-20,16,TH_NP15_GEN-APND,TH_NP15_GEN-APND,TH_NP15_GEN-APND,RTM,LMP,LMP_PRC,TH_NP15_GEN-APND,ALL_APNODES,0,1.00204,9,10
2023-06-20T22:45:00-00:00,2023-06-20T22:50:00-00:00,2023-06-20,16,TH_NP15_GEN-APND,TH_NP15_GEN-APND,TH_NP15_GEN-APND,RTM,LMP,LMP_PRC,TH_NP15_GEN-APND,ALL_APNODES,0,3.28603,10,10
2023-06-20T22:50:00-00:00,2023-06-20T22:55:00-00:00,2023-06-20,16,TH_NP15_GEN-APND,TH_NP15_GEN-APND,TH_NP15_GEN-APND,RTM,LMP,LMP_PRC,TH_NP15_GEN-APND,ALL_APNODES,0,1.97687,11,10
2023-06-20T22:55:00-00:00,2023-06-20T23:00:00-00:00,2023-06-20,16,TH_NP15_GEN-APND,TH_NP15_GEN-APND,TH_NP15_GEN-APND,RTM,LMP,LMP_PRC,TH_NP15_GEN-APND,ALL_APNODES,0,0.86852,12,10
2023-06-20T23:00:00-00:00,2023-06-20T23:05:00-00:00,2023-06-20,17,TH_NP15_GEN-APND,TH_NP15_GEN-APND,TH_NP15_GEN-APND,RTM,LMP,LMP_PRC,TH_NP15_GEN-APND,ALL_APNODES,0,0.0193,1,10
2023-06-20T23:05:00-00:00,2023-06-20T23:10:00-00:00,2023-06-20,17,TH_NP15_GEN-APND,TH_NP15_GEN-APND,TH_NP15_GEN-APND,RTM,LMP,LMP_PRC,TH_NP15_GEN-APND,ALL_APNODES,0,0.0,2,10
2023-06-20T23:10:00-00:00,2023-06-20T23:15:00-00:00,2023-06-20,17,TH_NP15_GEN-APND,TH_NP15_GEN-APND,TH_NP15_GEN-APND,RTM,LMP,LMP_PRC,TH_NP15_GEN-APND,ALL_APNODES,0,-0.00118,3,10
2023-06-20T23:15:00-00:00,2023-06-20T23:20:00-00:00,2023-06-20,17,TH_NP15_GEN-APND,TH_NP15_GEN-APND,TH_NP15_GEN-APND,RTM,LMP,LMP_PRC,TH_NP15_GEN-APND,ALL_APNODES,0,0.0,4,10
2023-06-20T23:20:00-00:00,2023-06-20T23:25:00-00:00,2023-06-20,17,TH_NP15_GEN-APND,TH_NP15_GEN-APND,TH_NP15_GEN-APND,RTM,LMP,LMP_PRC,TH_NP15_GEN-APND,ALL_APNODES,0,-0.00116,5,10
2023-06-20T23:25:00-00:00,2023-06-20T23:30:00-00:00,2023-06-20,17,TH_NP15_GEN-APND,TH_NP15_GEN-APND,TH_NP15_GEN-APND,RTM,LMP,LMP_PRC,TH_NP15_GEN-APND,ALL_APNODES,0,0.00877,6,10
2023-06-20T23:30:00-00:00,2023-06-20T23:35:00-00:00,2023-06-20,17,TH_NP15_GEN-APND,TH_NP15_GEN-APND,TH_NP15_GEN-APND,RTM,LMP,LMP_PRC,TH_NP15_GEN-APND,ALL_APNODES,0,10.01651,7,10
2023-06-20T23:35:00-00:00,2023-06-20T23:40:00-00:00,2023-06-20,17,TH_NP15_GEN-APND,TH_NP15_GEN-APND,TH_NP15_GEN-APND,RTM,LMP,LMP_PRC,TH_NP15_GEN-APND,ALL_APNODES,0,12.43963,8,10
2023-06-20T23:40:00-00:00,2023-06-20T23:45:00-00:00,2023-06-20,17,TH_NP15_GEN-APND,TH_NP15_GEN-APND,TH_NP15_GEN-APND,RTM,LMP,LMP_PRC,TH_NP15_GEN-APND,ALL_APNODES,0,15.46513,9,10
2023-06-20T23:45:00-00:00,2023-06-20T23:50:00-00:00,2023-06-20,17,TH_NP15_GEN-APND,TH_NP15_GEN-APND,TH_NP15_GEN-APND,RTM,LMP,LMP_PRC,TH_NP15_GEN-APND,ALL_APNODES,0,16.93655,10,10
2023-06-20T23:50:00-00:00,2023-06-20T23:55:00-00:00,2023-06-20,17,TH_NP15_GEN-APND,TH_NP15_GEN-APND,TH_NP15_GEN-APND,RTM,LMP,LMP_PRC,TH_NP15_GEN-APND,ALL_APNODES,0,15.25711,11,10
2023-06-20T23:55:00-00:00,2023-06-21T00:00:00-00:00,2023-06-20,17,TH_NP15_GEN-APND,TH_NP15_GEN-APND,TH_NP15_GEN-APND,RTM,LMP,LMP_PRC,TH_NP15_GEN-APND,ALL_APNODES,0,16.15866,12,10
2023-06-21T00:00:00-00:00,2023-06-21T00:05:00-00:00,2023-06-20,18,TH_NP15_GEN-APND,TH_NP15_GEN-APND,TH_NP15_GEN-APND,RTM,LMP,LMP_PRC,TH_NP15_GEN-APND,ALL_APNODES,0,16.87466,1,10
2023-06-21T00:05:00-00:00,2023-06-21T00:10:00-00:00,2023-06-20,18,TH_NP15_GEN-APND,TH_NP15_GEN-APND,TH_NP15_GEN-APND,RTM,LMP,LMP_PRC,TH_NP15_GEN-APND,ALL_APNODES,0,15.33276,2,10
2023-06-21T00:10:00-00:00,2023-06-21T00:15:00-00:00,2023-06-20,18,TH_NP15_GEN-APND,TH_NP15_GEN-APND,TH_NP15_GEN-APND,RTM,LMP,LMP_PRC,TH_NP15_GEN-APND,ALL_APNODES,0,7.65747,3,10
2023-06-21T00:15:00-00:00,2023-06-21T00:20:00-00:00,2023-06-20,18,TH_NP15_GEN-APND,TH_NP15_GEN-APND,TH_NP15_GEN-APND,RTM,LMP,LMP_PRC,TH_NP15_GEN-APND,ALL_APNODES,0,13.64003,4,10
2023-06-21T00:20:00-00:00,2023-06-21T00:25:00-00:00,2023-06-20,18,TH_NP15_GEN-APND,TH_NP15_GEN-APND,TH_NP15_GEN-APND,RTM,LMP,LMP_PRC,TH_NP15_GEN-APND,ALL_APNODES,0,16.19313,5,10
2023-06-21T00:25:00-00:00,2023-06-21T00:30:00-00:00,2023-06-20,18,TH_NP15_GEN-APND,TH_NP15_GEN-APND,TH_NP15_GEN-APND,RTM,LMP,LMP_PRC,TH_NP15_GEN-APND,ALL_APNODES,0,13.44401,6,10
2023-06-21T00:30:00-00:00,2023-06-21T00:35:00-00:00,2023-06-20,18,TH_NP15_GEN-APND,TH_NP15_GEN-APND,TH_NP15_GEN-APND,RTM,LMP,LMP_PRC,TH_NP15_GEN-APND,ALL_APNODES,0,14.91726,7,10
2023-06-21T00:35:00-00:00,2023-06-21T00:40:00-00:00,2023-06-20,18,TH_NP15_GEN-APND,TH_NP15_GEN-APND,TH_NP15_GEN-APND,RTM,LMP,LMP_PRC,TH_NP15_GEN-APND,ALL_APNODES,0,14.85687,8,10
2023-06-21T00:40:00-00:00,2023-06-21T00:45:00-00:00,2023-06-20,18,TH_NP15_GEN-APND,TH_NP15_GEN-APND,TH_NP15_GEN-APND,RTM,LMP,LMP_PRC,TH_NP15_GEN-APND,ALL_APNODES,0,14.42092,9,10
2023-06-21T00:45:00-00:00,2023-06-21T00:50:00-00:00,2023-06-20,18,TH_NP15_GEN-APND,TH_NP15_GEN-APND,TH_NP15_GEN-APND,RTM,LMP,LMP_PRC,TH_NP15_GEN-APND,ALL_APNODES,0,15.83884,10,10
2023-06-21T00:50:00-00:00,2023-06-21T00:55:00-00:00,2023-06-20,18,TH_NP15_GEN-APND,TH_NP15_GEN-APND,TH_NP15_GEN-APND,RTM,LMP,LMP_PRC,TH_NP15_GEN-APND,ALL_APNODES,0,16.68501,11,10
2023-06-21T00:55:00-00:00,2023-06-21T01:00:00-00:00,2023-06-20,18,TH_NP15_GEN-APND,TH_NP15_GEN-APND,TH_NP15_GEN-APND,RTM,LMP,LMP_PRC,TH_NP15_GEN-APND,ALL_APNODES,0,16.32814,12,10
2023-06-21T01:00:00-00:00,2023-06-21T01:05:00-00:00,2023-06-20,19,TH_NP15_GEN-APND,TH_NP15_GEN-APND,TH_NP15_GEN-APND,RTM,LMP,LMP_PRC,TH_NP15_GEN-APND,ALL_APNODES,0,12.6188,1,10
2023-06-21T01:05:00-00:00,2023-06-21T01:10:00-00:00,2023-06-20,19,TH_NP15_GEN-APND,TH_NP15_GEN-APND,TH_NP15_GEN-APND,RTM,LMP,LMP_PRC,TH_NP15_GEN-APND,ALL_APNODES,0,11.9988,2,10
2023-06-21T01:10:00-00:00,2023-06-21T01:15:00-00:00,2023-06-20,19,TH_NP15_GEN-APND,TH_NP15_GEN-APND,TH_NP15_GEN-APND,RTM,LMP,LMP_PRC,TH_NP15_GEN-APND,ALL_APNODES,0,9.9864,3,10
2023-06-21T01:15:00-00:00,2023-06-21T01:20:00-00:00,2023-06-20,19,TH_NP15_GEN-APND,TH_NP15_GEN-APND,TH_NP15_GEN-APND,RTM,LMP,LMP_PRC,TH_NP15_GEN-APND,ALL_APNODES,0,15.5052,4,10
2023-06-21T01:20:00-00:00,2023-06-21T01:25:00-00:00,2023-06-20,19,TH_NP15_GEN-APND,TH_NP15_GEN-APND,TH_NP15_GEN-APND,RTM,LMP,LMP_PRC,TH_NP15_GEN-APND,ALL_APNODES,0,16.2788,5,10
2023-06-21T01:25:00-00:00,2023-06-21T01:30:00-00:00,2023-06-20,19,TH_NP15_GEN-APND,TH_NP15_GEN-APND,TH_NP15_GEN-APND,RTM,LMP,LMP_PRC,TH_NP15_GEN-APND,ALL_APNODES,0,19.54,6,10
2023-06-21T01:30:00-00:00,2023-06-21T01:35:00-00:00,2023-06-20,19,TH_NP15_GEN-APND,TH_NP15_GEN-APND,TH_NP15_GEN-APND,RTM,LMP,LMP_PRC,TH_NP15_GEN-APND,ALL_APNODES,0,19.80092,7,10
2023-06-21T01:35:00-00:00,2023-06-21T01:40:00-00:00,2023-06-20,19,TH_NP15_GEN-APND,TH_NP15_GEN-APND,TH_NP15_GEN-APND,RTM,LMP,LMP_PRC,TH_NP15_GEN-APND,ALL_APNODES,0,22.52176,8,10
2023-06-21T01:40:00-00:00,2023-06-21T01:45:00-00:00,2023-06-20,19,TH_NP15_GEN-APND,TH_NP15_GEN-APND,TH_NP15_GEN-APND,RTM,LMP,LMP_PRC,TH_NP15_GEN-APND,ALL_APNODES,0,28.18528,9,10
2023-06-21T01:45:00-00:00,2023-06-21T01:50:00-00:00,2023-06-20,19,TH_NP15_GEN-APND,TH_NP15_GEN-APND,TH_NP15_GEN-APND,RTM,LMP,LMP_PRC,TH_NP15_GEN-APND,ALL_APNODES,0,36.9988,10,10
2023-06-21T01:50:00-00:00,2023-06-21T01:55:00-00:00,2023-06-20,19,TH_NP15_GEN-APND,TH_NP15_GEN-APND,TH_NP15_GEN-APND,RTM,LMP,LMP_PRC,TH_NP15_GEN-APND,ALL_APNODES,0,39.95339,11,10
2023-06-21T01:55:00-00:00,2023-06-21T02:00:00-00:00,2023-06-20,19,TH_NP15_GEN-APND,TH_NP15_GEN-APND,TH_NP15_GEN-APND,RTM,LMP,LMP_PRC,TH_NP15_GEN-APND,ALL_APNODES,0,40.14,12,10
2023-06-21T02:00:00-00:00,2023-06-21T02:05:00-00:00,2023-06-20,20,TH_NP15_GEN-APND,TH_NP15_GEN-APND,TH_NP15_GEN-APND,RTM,LMP,LMP_PRC,TH_NP15_GEN-APND,ALL_APNODES,0,30.84681,1,10
2023-06-21T02:05:00-00:00,2023-06-21T02:10:00-00:00,2023-06-20,20,TH_NP15_GEN-APND,TH_NP15_GEN-APND,TH_NP15_GEN-APND,RTM,LMP,LMP_PRC,TH_NP15_GEN-APND,ALL_APNODES,0,35.42162,2,10
2023-06-21T02:10:00-00:00,2023-06-21T02:15:00-00:00,2023-06-20,20,TH_NP15_GEN-APND,TH_NP15_GEN-APND,TH_NP15_GEN-APND,RTM,LMP,LMP_PRC,TH_NP15_GEN-APND,ALL_APNODES,0,36.81829,3,10
2023-06-21T02:15:00-00:00,2023-06-21T02:20:00-00:00,2023-06-20,20,TH_NP15_GEN-APND,TH_NP15_GEN-APND,TH_NP15_GEN-APND,RTM,LMP,LMP_PRC,TH_NP15_GEN-APND,ALL_APNODES,0,42.91997,4,10
2023-06-21T02:20:00-00:00,2023-06-21T02:25:00-00:00,2023-06-20,20,TH_NP15_GEN-APND,TH_NP15_GEN-APND,TH_NP15_GEN-APND,RTM,LMP,LMP_PRC,TH_NP15_GEN-APND,ALL_APNODES,0,50.19013,5,10
2023-06-21T02:25:00-00:00,2023-06-21T02:30:00-00:00,2023-06-20,20,TH_NP15_GEN-APND,TH_NP15_GEN-APND,TH_NP15_GEN-APND,RTM,LMP,LMP_PRC,TH_NP15_GEN-APND,ALL_APNODES,0,60.13439,6,10
2023-06-21T02:30:00-00:00,2023-06-21T02:35:00-00:00,2023-06-20,20,TH_NP15_GEN-APND,TH_NP15_GEN-APND,TH_NP15_GEN-APND,RTM,LMP,LMP_PRC,TH_NP15_GEN-APND,ALL_APNODES,0,65.99685,7,10
2023-06-21T02:35:00-00:00,2023-06-21T02:40:00-00:00,2023-06-20,20,TH_NP15_GEN-APND,TH_NP15_GEN-APND,TH_NP15_GEN-APND,RTM,LMP,LMP_PRC,TH_NP15_GEN-APND,ALL_APNODES,0,82.49696,8,10
2023-06-21T02:40:00-00:00,2023-06-21T02:45:00-00:00,2023-06-20,20,TH_NP15_GEN-APND,TH_NP15_GEN-APND,TH_NP15_GEN-APND,RTM,LMP,LMP_PRC,TH_NP15_GEN-APND,ALL_APNODES,0,72.27125,9,10
2023-06-21T02:45:00-00:00,2023-06-21T02:50:00-00:00,2023-06-20,20,TH_NP15_GEN-APND,TH_NP15_GEN-APND,TH_NP15_GEN-APND,RTM,LMP,LMP_PRC,TH_NP15_GEN-APND,ALL_APNODES,0,62.25593,10,10
2023-06-21T02:50:00-00:00,2023-06-21T02:55:00-00:00,2023-06-20,20,TH_NP15_GEN-APND,TH_NP15_GEN-APND,TH_NP15_GEN-APND,RTM,LMP,LMP_PRC,TH_NP15_GEN-APND,ALL_APNODES,0,59.12084,11,10
2023-06-21T02:55:00-00:00,2023-06-21T03:00:00-00:00,2023-06-20,20,TH_NP15_GEN-APND,TH_NP15_GEN-APND,TH_NP15_GEN-APND,RTM,LMP,LMP_PRC,TH_NP15_GEN-APND,ALL_APNODES,0,67.0606,12,10
2023-06-21T03:00:00-00:00,2023-06-21T03:05:00-00:00,2023-06-20,21,TH_NP15_GEN-APND,TH_NP15_GEN-APND,TH_NP15_GEN-APND,RTM,LMP,LMP_PRC,TH_NP15_GEN-APND,ALL_APNODES,0,58.40641,1,10
2023-06-21T03:05:00-00:00,2023-06-21T03:10:00-00:00,2023-06-20,21,TH_NP15_GEN-APND,TH_NP15_GEN-APND,TH_NP15_GEN-APND,RTM,LMP,LMP_PRC,TH_NP15_GEN-APND,ALL_APNODES,0,54.27261,2,10
2023-06-21T03:10:00-00:00,2023-06-21T03:15:00-00:00,2023-06-20,21,TH_NP15_GEN-APND,TH_NP15_GEN-APND,TH_NP15_GEN-APND,RTM,LMP,LMP_PRC,TH_NP15_GEN-APND,ALL_APNODES,0,48.36598,3,10
2023-06-21T03:15:00-00:00,2023-06-21T03:20:00-00:00,2023-06-20,21,TH_NP15_GEN-APND,TH_NP15_GEN-APND,TH_NP15_GEN-APND,RTM,LMP,LMP_PRC,TH_NP15_GEN-APND,ALL_APNODES,0,55.5724,4,10
2023-06-21T03:20:00-00:00,2023-06-21T03:25:00-00:00,2023-06-20,21,TH_NP15_GEN-APND,TH_NP15_GEN-APND,TH_NP15_GEN-APND,RTM,LMP,LMP_PRC,TH_NP15_GEN-APND,ALL_APNODES,0,55.5712,5,10
2023-06-21T03:25:00-00:00,2023-06-21T03:30:00-00:00,2023-06-20,21,TH_NP15_GEN-APND,TH_NP15_GEN-APND,TH_NP15_GEN-APND,RTM,LMP,LMP_PRC,TH_NP15_GEN-APND,ALL_APNODES,0,55.5724,6,10
2023-06-21T03:30:00-00:00,2023-06-21T03:35:00-00:00,2023-06-20,21,TH_NP15_GEN-APND,TH_NP15_GEN-APND,TH_NP15_GEN-APND,RTM,LMP,LMP_PRC,TH_NP15_GEN-APND,ALL_APNODES,0,56.0,7,10
2023-06-21T03:35:00-00:00,2023-06-21T03:40:00-00:00,2023-06-20,21,TH_NP15_GEN-APND,TH_NP15_GEN-APND,TH_NP15_GEN-APND,RTM,LMP,LMP_PRC,TH_NP15_GEN-APND,ALL_APNODES,0,58.42577,8,10
2023-06-21T03:40:00-00:00,2023-06-21T03:45:00-00:00,2023-06-20,21,TH_NP15_GEN-APND,TH_NP15_GEN-APND,TH_NP15_GEN-APND,RTM,LMP,LMP_PRC,TH_NP15_GEN-APND,ALL_APNODES,0,55.5724,9,10
2023-06-21T03:45:00-00:00,2023-06-21T03:50:00-00:00,2023-06-20,21,TH_NP15_GEN-APND,TH_NP15_GEN-APND,TH_NP15_GEN-APND,RTM,LMP,LMP_PRC,TH_NP15_GEN-APND,ALL_APNODES,0,50.83824,10,10
2023-06-21T03:50:00-00:00,2023-06-21T03:55:00-00:00,2023-06-20,21,TH_NP15_GEN-APND,TH_NP15_GEN-APND,TH_NP15_GEN-APND,RTM,LMP,LMP_PRC,TH_NP15_GEN-APND,ALL_APNODES,0,55.62972,11,10
2023-06-21T03:55:00-00:00,2023-06-21T04:00:00-00:00,2023-06-20,21,TH_NP15_GEN-APND,TH_NP15_GEN-APND,TH_NP15_GEN-APND,RTM,LMP,LMP_PRC,TH_NP15_GEN-APND,ALL_APNODES,0,54.91642,12,10
2023-06-21T04:00:00-00:00,2023-06-21T04:05:00-00:00,2023-06-20,22,TH_NP15_GEN-APND,TH_NP15_GEN-APND,TH_NP15_GEN-APND,RTM,LMP,LMP_PRC,TH_NP15_GEN-APND,ALL_APNODES,0,59.69108,1,10
2023-06-21T04:05:00-00:00,2023-06-21T04:10:00-00:00,2023-06-20,22,TH_NP15_GEN-APND,TH_NP15_GEN-APND,TH_NP15_GEN-APND,RTM,LMP,LMP_PRC,TH_NP15_GEN-APND,ALL_APNODES,0,59.69449,2,10
2023-06-21T04:10:00-00:00,2023-06-21T04:15:00-00:00,2023-06-20,22,TH_NP15_GEN-APND,TH_NP15_GEN-APND,TH_NP15_GEN-APND,RTM,LMP,LMP_PRC,TH_NP15_GEN-APND,ALL_APNODES,0,55.03593,3,10
2023-06-21T04:15:00-00:00,2023-06-21T04:20:00-00:00,2023-06-20,22,TH_NP15_GEN-APND,TH_NP15_GEN-APND,TH_NP15_GEN-APND,RTM,LMP,LMP_PRC,TH_NP15_GEN-APND,ALL_APNODES,0,52.13055,4,10
2023-06-21T04:20:00-00:00,2023-06-21T04:25:00-00:00,2023-06-20,22,TH_NP15_GEN-APND,TH_NP15_GEN-APND,TH_NP15_GEN-APND,RTM,LMP,LMP_PRC,TH_NP15_GEN-APND,ALL_APNODES,0,54.59262,5,10
2023-06-21T04:25:00-00:00,2023-06-21T04:30:00-00:00,2023-06-20,22,TH_NP15_GEN-APND,TH_NP15_GEN-APND,TH_NP15_GEN-APND,RTM,LMP,LMP_PRC,TH_NP15_GEN-APND,ALL_APNODES,0,51.3581,6,10
2023-06-21T04:30:00-00:00,2023-06-21T04:35:00-00:00,2023-06-20,22,TH_NP15_GEN-APND,TH_NP15_GEN-APND,TH_NP15_GEN-APND,RTM,LMP,LMP_PRC,TH_NP15_GEN-APND,ALL_APNODES,0,52.24292,7,10
2023-06-21T04:35:00-00:00,2023-06-21T04:40:00-00:00,2023-06-20,22,TH_NP15_GEN-APND,TH_NP15_GEN-APND,TH_NP15_GEN-APND,RTM,LMP,LMP_PRC,TH_NP15_GEN-APND,ALL_APNODES,0,50.55131,8,10
2023-06-21T04:40:00-00:00,2023-06-21T04:45:00-00:00,2023-06-20,22,TH_NP15_GEN-APND,TH_NP15_GEN-APND,TH_NP15_GEN-APND,RTM,LMP,LMP_PRC,TH_NP15_GEN-APND,ALL_APNODES,0,39.30871,9,10
2023-06-21T04:45:00-00:00,2023-06-21T04:50:00-00:00,2023-06-20,22,TH_NP15_GEN-APND,TH_NP15_GEN-APND,TH_NP15_GEN-APND,RTM,LMP,LMP_PRC,TH_NP15_GEN-APND,ALL_APNODES,0,36.46572,10,10
2023-06-21T04:50:00-00:00,2023-06-21T04:55:00-00:00,2023-06-20,22,TH_NP15_GEN-APND,TH_NP15_GEN-APND,TH_NP15_GEN-APND,RTM,LMP,LMP_PRC,TH_NP15_GEN-APND,ALL_APNODES,0,37.70833,11,10
2023-06-21T04:55:00-00:00,2023-06-21T05:00:00-00:00,2023-06-20,22,TH_NP15_GEN-APND,TH_NP15_GEN-APND,TH_NP15_GEN-APND,RTM,LMP,LMP_PRC,TH_NP15_GEN-APND,ALL_APNODES,0,37.96939,12,10
2023-06-21T05:00:00-00:00,2023-06-21T05:05:00-00:00,2023-06-20,23,TH_NP15_GEN-APND,TH_NP15_GEN-APND,TH_NP15_GEN-APND,RTM,LMP,LMP_PRC,TH_NP15_GEN-APND,ALL_APNODES,0,38.00129,1,10
2023-06-21T05:05:00-00:00,2023-06-21T05:10:00-00:00,2023-06-20,23,TH_NP15_GEN-APND,TH_NP15_GEN-APND,TH_NP15_GEN-APND,RTM,LMP,LMP_PRC,TH_NP15_GEN-APND,ALL_APNODES,0,51.50517,2,10
2023-06-21T05:10:00-00:00,2023-06-21T05:15:00-00:00,2023-06-20,23,TH_NP15_GEN-APND,TH_NP15_GEN-APND,TH_NP15_GEN-APND,RTM,LMP,LMP_PRC,TH_NP15_GEN-APND,ALL_APNODES,0,48.05443,3,10
2023-06-21T05:15:00-00:00,2023-06-21T05:20:00-00:00,2023-06-20,23,TH_NP15_GEN-APND,TH_NP15_GEN-APND,TH_NP15_GEN-APND,RTM,LMP,LMP_PRC,TH_NP15_GEN-APND,ALL_APNODES,0,42.02698,4,10
2023-06-21T05:20:00-00:00,2023-06-21T05:25:00-00:00,2023-06-20,23,TH_NP15_GEN-APND,TH_NP15_GEN-APND,TH_NP15_GEN-APND,RTM,LMP,LMP_PRC,TH_NP15_GEN-APND,ALL_APNODES,0,45.24507,5,10
2023-06-21T05:25:00-00:00,2023-06-21T05:30:00-00:00,2023-06-20,23,TH_NP15_GEN-APND,TH_NP15_GEN-APND,TH_NP15_GEN-APND,RTM,LMP,LMP_PRC,TH_NP15_GEN-APND,ALL_APNODES,0,42.91929,6,10
2023-06-21T05:30:00-00:00,2023-06-21T05:35:00-00:00,2023-06-20,23,TH_NP15_GEN-APND,TH_NP15_GEN-APND,TH_NP15_GEN-APND,RTM,LMP,LMP_PRC,TH_NP15_GEN-APND,ALL_APNODES,0,42.33709,7,10
2023-06-21T05:35:00-00:00,2023-06-21T05:40:00-00:00,2023-06-20,23,TH_NP15_GEN-APND,TH_NP15_GEN-APND,TH_NP15_GEN-APND,RTM,LMP,LMP_PRC,TH_NP15_GEN-APND,ALL_APNODES,0,36.88655,8,10
2023-06-21T05:40:00-00:00,2023-06-21T05:45:00-00:00,2023-06-20,23,TH_NP15_GEN-APND,TH_NP15_GEN-APND,TH_NP15_GEN-APND,RTM,LMP,LMP_PRC,TH_NP15_GEN-APND,ALL_APNODES,0,36.84889,9,10
2023-06-21T05:45:00-00:00,2023-06-21T05:50:00-00:00,2023-06-20,23,TH_NP15_GEN-APND,TH_NP15_GEN-APND,TH_NP15_GEN-APND,RTM,LMP,LMP_PRC,TH_NP15_GEN-APND,ALL_APNODES,0,36.36507,10,10
2023-06-21T05:50:00-00:00,2023-06-21T05:55:00-00:00,2023-06-20,23,TH_NP15_GEN-APND,TH_NP15_GEN-APND,TH_NP15_GEN-APND,RTM,LMP,LMP_PRC,TH_NP15_GEN-APND,ALL_APNODES,0,35.0932,11,10
2023-06-21T05:55:00-00:00,2023-06-21T06:00:00-00:00,2023-06-20,23,TH_NP15_GEN-APND,TH_NP15_GEN-APND,TH_NP15_GEN-APND,RTM,LMP,LMP_PRC,TH_NP15_GEN-APND,ALL_APNODES,0,34.84452,12,10
2023-06-21T06:00:00-00:00,2023-06-21T06:05:00-00:00,2023-06-20,24,TH_NP15_GEN-APND,TH_NP15_GEN-APND,TH_NP15_GEN-APND,RTM,LMP,LMP_PRC,TH_NP15_GEN-APND,ALL_APNODES,0,37.32126,1,10
2023-06-21T06:05:00-00:00,2023-06-21T06:10:00-00:00,2023-06-20,24,TH_NP15_GEN-APND,TH_NP15_GEN-APND,TH_NP15_GEN-APND,RTM,LMP,LMP_PRC,TH_NP15_GEN-APND,ALL_APNODES,0,36.19437,2,10
2023-06-21T06:10:00-00:00,2023-06-21T06:15:00-00:00,2023-06-20,24,TH_NP15_GEN-APND,TH_NP15_GEN-APND,TH_NP15_GEN-APND,RTM,LMP,LMP_PRC,TH_NP15_GEN-APND,ALL_APNODES,0,34.22531,3,10
2023-06-21T06:15:00-00:00,2023-06-21T06:20:00-00:00,2023-06-20,24,TH_NP15_GEN-APND,TH_NP15_GEN-APND,TH_NP15_GEN-APND,RTM,LMP,LMP_PRC,TH_NP15_GEN-APND,ALL_APNODES,0,33.94201,4,10
2023-06-21T06:20:00-00:00,2023-06-21T06:25:00-00:00,2023-06-20,24,TH_NP15_GEN-APND,TH_NP15_GEN-APND,TH_NP15_GEN-APND,RTM,LMP,LMP_PRC,TH_NP15_GEN-APND,ALL_APNODES,0,34.65532,5,10
2023-06-21T06:25:00-00:00,2023-06-21T06:30:00-00:00,2023-06-20,24,TH_NP15_GEN-APND,TH_NP15_GEN-APND,TH_NP15_GEN-APND,RTM,LMP,LMP_PRC,TH_NP15_GEN-APND,ALL_APNODES,0,34.18265,6,10
2023-06-21T06:30:00-00:00,2023-06-21T06:35:00-00:00,2023-06-20,24,TH_NP15_GEN-APND,TH_NP15_GEN-APND,TH_NP15_GEN-APND,RTM,LMP,LMP_PRC,TH_NP15_GEN-APND,ALL_APNODES,0,33.3592,7,10
2023-06-21T06:35:00-00:00,2023-06-21T06:40:00-00:00,2023-06-20,24,TH_NP15_GEN-APND,TH_NP15_GEN-APND,TH_NP15_GEN-APND,RTM,LMP,LMP_PRC,TH_NP15_GEN-APND,ALL_APNODES,0,33.22679,8,10
2023-06-21T06:40:00-00:00,2023-06-21T06:45:00-00:00,2023-06-20,24,TH_NP15_GEN-APND,TH_NP15_GEN-APND,TH_NP15_GEN-APND,RTM,LMP,LMP_PRC,TH_NP15_GEN-APND,ALL_APNODES,0,30.85444,9,10
2023-06-21T06:45:00-00:00,2023-06-21T06:50:00-00:00,2023-06-20,24,TH_NP15_GEN-APND,TH_NP15_GEN-APND,TH_NP15_GEN-APND,RTM,LMP,LMP_PRC,TH_NP15_GEN-APND,ALL_APNODES,0,30.57116,10,10
2023-06-21T06:50:00-00:00,2023-06-21T06:55:00-00:00,2023-06-20,24,TH_NP15_GEN-APND,TH_NP15_GEN-APND,TH_NP15_GEN-APND,RTM,LMP,LMP_PRC,TH_NP15_GEN-APND,ALL_APNODES,0,30.57116,11,10
2023-06-21T06:55:00-00:00,2023-06-21T07:00:00-00:00,2023-06-20,24,TH_NP15_GEN-APND,TH_NP15_GEN-APND,TH_NP15_GEN-APND,RTM,LMP,LMP_PRC,TH_NP15_GEN-APND,ALL_APNODES,0,29.35561,12,10
2023-06-21T07:00:00-00:00,2023-06-21T07:05:00-00:00,2023-06-21,1,TH_NP15_GEN-APND,TH_NP15_GEN-APND,TH_NP15_GEN-APND,RTM,MCC,LMP_CONG_PRC,TH_NP15_GEN-APND,ALL_APNODES,0,0.0,1,11
2023-06-21T07:05:00-00:00,2023-06-21T07:10:00-00:00,2023-06-21,1,TH_NP15_GEN-APND,TH_NP15_GEN-APND,TH_NP15_GEN-APND,RTM,MCC,LMP_CONG_PRC,TH_NP15_GEN-APND,ALL_APNODES,0,0.0,2,11
2023-06-21T07:10:00-00:00,2023-06-21T07:15:00-00:00,2023-06-21,1,TH_NP15_GEN-APND,TH_NP15_GEN-APND,TH_NP15_GEN-APND,RTM,MCC,LMP_CONG_PRC,TH_NP15_GEN-APND,ALL_APNODES,0,0.0,3,11
2023-06-21T07:15:00-00:00,2023-06-21T07:20:00-00:00,2023-06-21,1,TH_NP15_GEN-APND,TH_NP15_GEN-APND,TH_NP15_GEN-APND,RTM,MCC,LMP_CONG_PRC,TH_NP15_GEN-APND,ALL_APNODES,0,0.0,4,11
2023-06-21T07:20:00-00:00,2023-06-21T07:25:00-00:00,2023-06-21,1,TH_NP15_GEN-APND,TH_NP15_GEN-APND,TH_NP15_GEN-APND,RTM,MCC,LMP_CONG_PRC,TH_NP15_GEN-APND,ALL_APNODES,0,0.0,5,11
2023-06-21T07:25:00-00:00,2023-06-21T07:30:00-00:00,2023-06-21,1,TH_NP15_GEN-APND,TH_NP15_GEN-APND,TH_NP15_GEN-APND,RTM,MCC,LMP_CONG_PRC,TH_NP15_GEN-APND,ALL_APNODES,0,0.0,6,11
2023-06-21T07:30:00-00:00,2023-06-21T07:35:00-00:00,2023-06-21,1,TH_NP15_GEN-APND,TH_NP15_GEN-APND,TH_NP15_GEN-APND,RTM,MCC,LMP_CONG_PRC,TH_NP15_GEN-APND,ALL_APNODES,0,0.0,7,11
2023-06-21T07:35:00-00:00,2023-06-21T07:40:00-00:00,2023-06-21,1,TH_NP15_GEN-APND,TH_NP15_GEN-APND,TH_NP15_GEN-APND,RTM,MCC,LMP_CONG_PRC,TH_NP15_GEN-APND,ALL_APNODES,0,0.0,8,11
2023-06-21T07:40:00-00:00,2023-06-21T07:45:00-00:00,2023-06-21,1,TH_NP15_GEN-APND,TH_NP15_GEN-APND,TH_NP15_GEN-APND,RTM,MCC,LMP_CONG_PRC,TH_NP15_GEN-APND,ALL_APNODES,0,0.0,9,11
2023-06-21T07:45:00-00:00,2023-06-21T07:50:00-00:00,2023-06-21,1,TH_NP15_GEN-APND,TH_NP15_GEN-APND,TH_NP15_GEN-APND,RTM,MCC,LMP_CONG_PRC,TH_NP15_GEN-APND,ALL_APNODES,0,0.0,10,11
2023-06-21T07:50:00-00:00,2023-06-21T07:55:00-00:00,2023-06-21,1,TH_NP15_GEN-APND,TH_NP15_GEN-APND,TH_NP15_GEN-APND,RTM,MCC,LMP_CONG_PRC,TH_NP15_GEN-APND,ALL_APNODES,0,0.0,11,11
2023-06-21T07:55:00-00:00,2023-06-21T08:00:00-00:00,2023-06-21,1,TH_NP15_GEN-APND,TH_NP15_GEN-APND,TH_NP15_GEN-APND,RTM,MCC,LMP_CONG_PRC,TH_NP15_GEN-APND,ALL_APNODES,0,0.0,12,11
2023-06-21T08:00:00-00:00,2023-06-21T08:05:00-00:00,2023-06-21,2,TH_NP15_GEN-APND,TH_NP15_GEN-APND,TH_NP15_GEN-APND,RTM,MCC,LMP_CONG_PRC,TH_NP15_GEN-APND,ALL_APNODES,0,0.0,1,11
2023-06-21T08:05:00-00:00,2023-06-21T08:10:00-00:00,2023-06-21,2,TH_NP15_GEN-APND,TH_NP15_GEN-APND,TH_NP15_GEN-APND,RTM,MCC,LMP_CONG_PRC,TH_NP15_GEN-APND,ALL_APNODES,0,0.0,2,11
2023-06-21T08:10:00-00:00,2023-06-21T08:15:00-00:00,2023-06-21,2,TH_NP15_GEN-APND,TH_NP15_GEN-APND,TH_NP15_GEN-APND,RTM,MCC,LMP_CONG_PRC,TH_NP15_GEN-APND,ALL_APNODES,0,0.0,3,11
2023-06-21T08:15:00-00:00,2023-06-21T08:20:00-00:00,2023-06-21,2,TH_NP15_GEN-APND,TH_NP15_GEN-APND,TH_NP15_GEN-APND,RTM,MCC,LMP_CONG_PRC,TH_NP15_GEN-APND,ALL_APNODES,0,0.0,4,11
2023-06-21T08:20:00-00:00,2023-06-21T08:25:00-00:00,2023-06-21,2,TH_NP15_GEN-APND,TH_NP15_GEN-APND,TH_NP15_GEN-APND,RTM,MCC,LMP_CONG_PRC,TH_NP15_GEN-APND,ALL_APNODES,0,0.0,5,11
2023-06-21T08:25:00-00:00,2023-06-21T08:30:00-00:00,2023-06-21,2,TH_NP15_GEN-APND,TH_NP15_GEN-APND,TH_NP15_GEN-APND,RTM,MCC,LMP_CONG_PRC,TH_NP15_GEN-APND,ALL_APNODES,0,0.0,6,11
2023-06-21T08:30:00-00:00,2023-06-21T08:35:00-00:00,2023-06-21,2,TH_NP15_GEN-APND,TH_NP15_GEN-APND,TH_NP15_GEN-APND,RTM,MCC,LMP_CONG_PRC,TH_NP15_GEN-APND,ALL_APNODES,0,0.0,7,11
2023-06-21T08:35:00-00:00,2023-06-21T08:40:00-00:00,2023-06-21,2,TH_NP15_GEN-APND,TH_NP15_GEN-APND,TH_NP15_GEN-APND,RTM,MCC,LMP_CONG_PRC,TH_NP15_GEN-APND,ALL_APNODES,0,0.0,8,11
2023-06-21T08:40:00-00:00,2023-06-21T08:45:00-00:00,2023-06-21,2,TH_NP15_GEN-APND,TH_NP15_GEN-APND,TH_NP15_GEN-APND,RTM,MCC,LMP_CONG_PRC,TH_NP15_GEN-APND,ALL_APNODES,0,0.0,9,11
2023-06-21T08:45:00-00:00,2023-06-21T08:50:00-00:00,2023-06-21,2,TH_NP15_GEN-APND,TH_NP15_GEN-APND,TH_NP15_GEN-APND,RTM,MCC,LMP_CONG_PRC,TH_NP15_GEN-APND,ALL_APNODES,0,0.0,10,11
2023-06-21T08:50:00-00:00,2023-06-21T08:55:00-00:00,2023-06-21,2,TH_NP15_GEN-APND,TH_NP15_GEN-APND,TH_NP15_GEN-APND,RTM,MCC,LMP_CONG_PRC,TH_NP15_GEN-APND,ALL_APNODES,0,0.0,11,11
2023-06-21T08:55:00-00:00,2023-06-21T09:00:00-00:00,2023-06-21,2,TH_NP15_GEN-APND,TH_NP15_GEN-APND,TH_NP15_GEN-APND,RTM,MCC,LMP_CONG_PRC,TH_NP15_GEN-APND,ALL_APNODES,0,0.0,12,11
2023-06-21T09:00:00-00:00,2023-06-21T09:05:00-00:00,2023-06-21,3,TH_NP15_GEN-APND,TH_NP15_GEN-APND,TH_NP15_GEN-APND,RTM,MCC,LMP_CONG_PRC,TH_NP15_GEN-APND,ALL_APNODES,0,0.0,1,11
2023-06-21T09:05:00-00:00,2023-06-21T09:10:00-00:00,2023-06-21,3,TH_NP15_GEN-APND,TH_NP15_GEN-APND,TH_NP15_GEN-APND,RTM,MCC,LMP_CONG_PRC,TH_NP15_GEN-APND,ALL_APNODES,0,0.0,2,11
2023-06-21T09:10:00-00:00,2023-06-21T09:15:00-00:00,2023-06-21,3,TH_NP15_GEN-APND,TH_NP15_GEN-APND,TH_NP15_GEN-APND,RTM,MCC,LMP_CONG_PRC,TH_NP15_GEN-APND,ALL_APNODES,0,0.0,3,11
2023-06-21T09:15:00-00:00,2023-06-21T09:20:00-00:00,2023-06-21,3,TH_NP15_GEN-APND,TH_NP15_GEN-APND,TH_NP15_GEN-APND,RTM,MCC,LMP_CONG_PRC,TH_NP15_GEN-APND,ALL_APNODES,0,0.0,4,11
2023-06-21T09:20:00-00:00,2023-06-21T09:25:00-00:00,2023-06-21,3,TH_NP15_GEN-APND,TH_NP15_GEN-APND,TH_NP15_GEN-APND,RTM,MCC,LMP_CONG_PRC,TH_NP15_GEN-APND,ALL_APNODES,0,0.0,5,11
2023-06-21T09:25:00-00:00,2023-06-21T09:30:00-00:00,2023-06-21,3,TH_NP15_GEN-APND,TH_NP15_GEN-APND,TH_NP15_GEN-APND,RTM,MCC,LMP_CONG_PRC,TH_NP15_GEN-APND,ALL_APNODES,0,0.0,6,11
2023-06-21T09:30:00-00:00,2023-06-21T09:35:00-00:00,2023-06-21,3,TH_NP15_GEN-APND,TH_NP15_GEN-APND,TH_NP15_GEN-APND,RTM,MCC,LMP_CONG_PRC,TH_NP15_GEN-APND,ALL_APNODES,0,0.0,7,11
2023-06-21T09:35:00-00:00,2023-06-21T09:40:00-00:00,2023-06-21,3,TH_NP15_GEN-APND,TH_NP15_GEN-APND,TH_NP15_GEN-APND,RTM,MCC,LMP_CONG_PRC,TH_NP15_GEN-APND,ALL_APNODES,0,0.0,8,11
2023-06-21T09:40:00-00:00,2023-06-21T09:45:00-00:00,2023-06-21,3,TH_NP15_GEN-APND,TH_NP15_GEN-APND,TH_NP15_GEN-APND,RTM,MCC,LMP_CONG_PRC,TH_NP15_GEN-APND,ALL_APNODES,0,0.0,9,11
2023-06-21T09:45:00-00:00,2023-06-21T09:50:00-00:00,2023-06-21,3,TH_NP15_GEN-APND,TH_NP15_GEN-APND,TH_NP15_GEN-APND,RTM,MCC,LMP_CONG_PRC,TH_NP15_GEN-APND,ALL_APNODES,0,0.0,10,11
2023-06-21T09:50:00-00:00,2023-06-21T09:55:00-00:00,2023-06-21,3,TH_NP15_GEN-APND,TH_NP15_GEN-APND,TH_NP15_GEN-APND,RTM,MCC,LMP_CONG_PRC,TH_NP15_GEN-APND,ALL_APNODES,0,0.0,11,11
2023-06-21T09:55:00-00:00,2023-06-21T10:00:00-00:00,2023-06-21,3,TH_NP15_GEN-APND,TH_NP15_GEN-APND,TH_NP15_GEN-APND,RTM,MCC,LMP_CONG_PRC,TH_NP15_GEN-APND,ALL_APNODES,0,0.0,12,11
2023-06-21T10:00:00-00:00,2023-06-21T10:05:00-00:00,2023-06-21,4,TH_NP15_GEN-APND,TH_NP15_GEN-APND,TH_NP15_GEN-APND,RTM,MCC,LMP_CONG_PRC,TH_NP15_GEN-APND,ALL_APNODES,0,0.0,1,11
2023-06-21T10:05:00-00:00,2023-06-21T10:10:00-00:00,2023-06-21,4,TH_NP15_GEN-APND,TH_NP15_GEN-APND,TH_NP15_GEN-APND,RTM,MCC,LMP_CONG_PRC,TH_NP15_GEN-APND,ALL_APNODES,0,0.0,2,11
2023-06-21T10:10:00-00:00,2023-06-21T10:15:00-00:00,2023-06-21,4,TH_NP15_GEN-APND,TH_NP15_GEN-APND,TH_NP15_GEN-APND,RTM,MCC,LMP_CONG_PRC,TH_NP15_GEN-APND,ALL_APNODES,0,0.0,3,11
2023-06-21T10:15:00-00:00,2023-06-21T10:20:00-00:00,2023-06-21,4,TH_NP15_GEN-APND,TH_NP15_GEN-APND,TH_NP15_GEN-APND,RTM,MCC,LMP_CONG_PRC,TH_NP15_GEN-APND,ALL_APNODES,0,0.0,4,11
2023-06-21T10:20:00-00:00,2023-06-21T10:25:00-00:00,2023-06-21,4,TH_NP15_GEN-APND,TH_NP15_GEN-APND,TH_NP15_GEN-APND,RTM,MCC,LMP_CONG_PRC,TH_NP15_GEN-APND,ALL_APNODES,0,0.0,5,11
2023-06-21T10:25:00-00:00,2023-06-21T10:30:00-00:00,2023-06-21,4,TH_NP15_GEN-APND,TH_NP15_GEN-APND,TH_NP15_GEN-APND,RTM,MCC,LMP_CONG_PRC,TH_NP15_GEN-APND,ALL_APNODES,0,0.0,6,11
2023-06-21T10:30:00-00:00,2023-06-21T10:35:00-00:00,2023-06-21,4,TH_NP15_GEN-APND,TH_NP15_GEN-APND,TH_NP15_GEN-APND,RTM,MCC,LMP_CONG_PRC,TH_NP15_GEN-APND,ALL_APNODES,0,0.0,7,11
2023-06-21T10:35:00-00:00,2023-06-21T10:40:00-00:00,2023-06-21,4,TH_NP15_GEN-APND,TH_NP15_GEN-APND,TH_NP15_GEN-APND,RTM,MCC,LMP_CONG_PRC,TH_NP15_GEN-APND,ALL_APNODES,0,0.0,8,11
2023-06-21T10:40:00-00:00,2023-06-21T10:45:00-00:00,2023-06-21,4,TH_NP15_GEN-APND,TH_NP15_GEN-APND,TH_NP15_GEN-APND,RTM,MCC,LMP_CONG_PRC,TH_NP15_GEN-APND,ALL_APNODES,0,0.0,9,11
2023-06-21T10:45:00-00:00,2023-06-21T10:50:00-00:00,2023-06-21,4,TH_NP15_GEN-APND,TH_NP15_GEN-APND,TH_NP15_GEN-APND,RTM,MCC,LMP_CONG_PRC,TH_NP15_GEN-APND,ALL_APNODES,0,0.0,10,11
2023-06-21T10:50:00-00:00,2023-06-21T10:55:00-00:00,2023-06-21,4,TH_NP15_GEN-APND,TH_NP15_GEN-APND,TH_NP15_GEN-APND,RTM,MCC,LMP_CONG_PRC,TH_NP15_GEN-APND,ALL_APNODES,0,0.0,11,11
2023-06-21T10:55:00-00:00,2023-06-21T11:00:00-00:00,2023-06-21,4,TH_NP15_GEN-APND,TH_NP15_GEN-APND,TH_NP15_GEN-APND,RTM,MCC,LMP_CONG_PRC,TH_NP15_GEN-APND,ALL_APNODES,0,0.0,12,11
2023-06-21T11:00:00-00:00,2023-06-21T11:05:00-00:00,2023-06-21,5,TH_NP15_GEN-APND,TH_NP15_GEN-APND,TH_NP15_GEN-APND,RTM,MCC,LMP_CONG_PRC,TH_NP15_GEN-APND,ALL_APNODES,0,0.0,1,11
2023-06-21T11:05:00-00:00,2023-06-21T11:10:00-00:00,2023-06-21,5,TH_NP15_GEN-APND,TH_NP15_GEN-APND,TH_NP15_GEN-APND,RTM,MCC,LMP_CONG_PRC,TH_NP15_GEN-APND,ALL_APNODES,0,0.0,2,11
2023-06-21T11:10:00-00:00,2023-06-21T11:15:00-00:00,2023-06-21,5,TH_NP15_GEN-APND,TH_NP15_GEN-APND,TH_NP15_GEN-APND,RTM,MCC,LMP_CONG_PRC,TH_NP15_GEN-APND,ALL_APNODES,0,0.0,3,11
2023-06-21T11:15:00-00:00,2023-06-21T11:20:00-00:00,2023-06-21,5,TH_NP15_GEN-APND,TH_NP15_GEN-APND,TH_NP15_GEN-APND,RTM,MCC,LMP_CONG_PRC,TH_NP15_GEN-APND,ALL_APNODES,0,0.0,4,11
2023-06-21T11:20:00-00:00,2023-06-21T11:25:00-00:00,2023-06-21,5,TH_NP15_GEN-APND,TH_NP15_GEN-APND,TH_NP15_GEN-APND,RTM,MCC,LMP_CONG_PRC,TH_NP15_GEN-APND,ALL_APNODES,0,0.0,5,11
2023-06-21T11:25:00-00:00,2023-06-21T11:30:00-00:00,2023-06-21,5,TH_NP15_GEN-APND,TH_NP15_GEN-APND,TH_NP15_GEN-APND,RTM,MCC,LMP_CONG_PRC,TH_NP15_GEN-APND,ALL_APNODES,0,0.0,6,11
2023-06-21T11:30:00-00:00,2023-06-21T11:35:00-00:00,2023-06-21,5,TH_NP15_GEN-APND,TH_NP15_GEN-APND,TH_NP15_GEN-APND,RTM,MCC,LMP_CONG_PRC,TH_NP15_GEN-APND,ALL_APNODES,0,0.0,7,11
2023-06-21T11:35:00-00:00,2023-06-21T11:40:00-00:00,2023-06-21,5,TH_NP15_GEN-APND,TH_NP15_GEN-APND,TH_NP15_GEN-APND,RTM,MCC,LMP_CONG_PRC,TH_NP15_GEN-APND,ALL_APNODES,0,0.0,8,11
2023-06-21T11:40:00-00:00,2023-06-21T11:45:00-00:00,2023-06-21,5,TH_NP15_GEN-APND,TH_NP15_GEN-APND,TH_NP15_GEN-APND,RTM,MCC,LMP_CONG_PRC,TH_NP15_GEN-APND,ALL_APNODES,0,0.0,9,11
2023-06-21T11:45:00-00:00,2023-06-21T11:50:00-00:00,2023-06-21,5,TH_NP15_GEN-APND,TH_NP15_GEN-APND,TH_NP15_GEN-APND,RTM,MCC,LMP_CONG_PRC,TH_NP15_GEN-APND,ALL_APNODES,0,0.0,10,11
2023-06-21T11:50:00-00:00,2023-06-21T11:55:00-00:00,2023-06-21,5,TH_NP15_GEN-APND,TH_NP15_GEN-APND,TH_NP15_GEN-APND,RTM,MCC,LMP_CONG_PRC,TH_NP15_GEN-APND,ALL_APNODES,0,0.0,11,11
2023-06-21T11:55:00-00:00,2023-06-21T12:00:00-00:00,2023-06-21,5,TH_NP15_GEN-APND,TH_NP15_GEN-APND,TH_NP15_GEN-APND,RTM,MCC,LMP_CONG_PRC,TH_NP15_GEN-APND,ALL_APNODES,0,0.0,12,11
2023-06-21T12:00:00-00:00,2023-06-21T12:05:00-00:00,2023-06-21,6,TH_NP15_GEN-APND,TH_NP15_GEN-APND,TH_NP15_GEN-APND,RTM,MCC,LMP_CONG_PRC,TH_NP15_GEN-APND,ALL_APNODES,0,0.0,1,11
2023-06-21T12:05:00-00:00,2023-06-21T12:10:00-00:00,2023-06-21,6,TH_NP15_GEN-APND,TH_NP15_GEN-APND,TH_NP15_GEN-APND,RTM,MCC,LMP_CONG_PRC,TH_NP15_GEN-APND,ALL_APNODES,0,0.0,2,11
2023-06-21T12:10:00-00:00,2023-06-21T12:15:00-00:00,2023-06-21,6,TH_NP15_GEN-APND,TH_NP15_GEN-APND,TH_NP15_GEN-APND,RTM,MCC,LMP_CONG_PRC,TH_NP15_GEN-APND,ALL_APNODES,0,0.0,3,11
2023-06-21T12:15:00-00:00,2023-06-21T12:20:00-00:00,2023-06-21,6,TH_NP15_GEN-APND,TH_NP15_GEN-APND,TH_NP15_GEN-APND,RTM,MCC,LMP_CONG_PRC,TH_NP15_GEN-APND,ALL_APNODES,0,0.0,4,11
2023-06-21T12:20:00-00:00,2023-06-21T12:25:00-00:00,2023-06-21,6,TH_NP15_GEN-APND,TH_NP15_GEN-APND,TH_NP15_GEN-APND,RTM,MCC,LMP_CONG_PRC,TH_NP15_GEN-APND,ALL_APNODES,0,0.0,5,11
2023-06-21T12:25:00-00:00,2023-06-21T12:30:00-00:00,2023-06-21,6,TH_NP15_GEN-APND,TH_NP15_GEN-APND,TH_NP15_GEN-APND,RTM,MCC,LMP_CONG_PRC,TH_NP15_GEN-APND,ALL_APNODES,0,0.0,6,11
2023-06-21T12:30:00-00:00,2023-06-21T12:35:00-00:00,2023-06-21,6,TH_NP15_GEN-APND,TH_NP15_GEN-APND,TH_NP15_GEN-APND,RTM,MCC,LMP_CONG_PRC,TH_NP15_GEN-APND,ALL_APNODES,0,0.0,7,11
2023-06-21T12:35:00-00:00,2023-06-21T12:40:00-00:00,2023-06-21,6,TH_NP15_GEN-APND,TH_NP15_GEN-APND,TH_NP15_GEN-APND,RTM,MCC,LMP_CONG_PRC,TH_NP15_GEN-APND,ALL_APNODES,0,0.0,8,11
2023-06-21T12:40:00-00:00,2023-06-21T12:45:00-00:00,2023-06-21,6,TH_NP15_GEN-APND,TH_NP15_GEN-APND,TH_NP15_GEN-APND,RTM,MCC,LMP_CONG_PRC,TH_NP15_GEN-APND,ALL_APNODES,0,0.0,9,11
2023-06-21T12:45:00-00:00,2023-06-21T12:50:00-00:00,2023-06-21,6,TH_NP15_GEN-APND,TH_NP15_GEN-APND,TH_NP15_GEN-APND,RTM,MCC,LMP_CONG_PRC,TH_NP15_GEN-APND,ALL_APNODES,0,0.0,10,11
2023-06-21T12:50:00-00:00,2023-06-21T12:55:00-00:00,2023-06-21,6,TH_NP15_GEN-APND,TH_NP15_GEN-APND,TH_NP15_GEN-APND,RTM,MCC,LMP_CONG_PRC,TH_NP15_GEN-APND,ALL_APNODES,0,0.0,11,11
2023-06-21T12:55:00-00:00,2023-06-21T13:00:00-00:00,2023-06-21,6,TH_NP15_GEN-APND,TH_NP15_GEN-APND,TH_NP15_GEN-APND,RTM,MCC,LMP_CONG_PRC,TH_NP15_GEN-APND,ALL_APNODES,0,0.0,12,11
2023-06-21T13:00:00-00:00,2023-06-21T13:05:00-00:00,2023-06-21,7,TH_NP15_GEN-APND,TH_NP15_GEN-APND,TH_NP15_GEN-APND,RTM,MCC,LMP_CONG_PRC,TH_NP15_GEN-APND,ALL_APNODES,0,0.0,1,11
2023-06-21T13:05:00-00:00,2023-06-21T13:10:00-00:00,2023-06-21,7,TH_NP15_GEN-APND,TH_NP15_GEN-APND,TH_NP15_GEN-APND,RTM,MCC,LMP_CONG_PRC,TH_NP15_GEN-APND,ALL_APNODES,0,0.0,2,11
2023-06-21T13:10:00-00:00,2023-06-21T13:15:00-00:00,2023-06-21,7,TH_NP15_GEN-APND,TH_NP15_GEN-APND,TH_NP15_GEN-APND,RTM,MCC,LMP_CONG_PRC,TH_NP15_GEN-APND,ALL_APNODES,0,0.0,3,11
2023-06-21T13:15:00-00:00,2023-06-21T13:20:00-00:00,2023-06-21,7,TH_NP15_GEN-APND,TH_NP15_GEN-APND,TH_NP15_GEN-APND,RTM,MCC,LMP_CONG_PRC,TH_NP15_GEN-APND,ALL_APNODES,0,0.0,4,11
2023-06-21T13:20:00-00:00,2023-06-21T13:25:00-00:00,2023-06-21,7,TH_NP15_GEN-APND,TH_NP15_GEN-APND,TH_NP15_GEN-APND,RTM,MCC,LMP_CONG_PRC,TH_NP15_GEN-APND,ALL_APNODES,0,0.0,5,11
2023-06-21T13:25:00-00:00,2023-06-21T13:30:00-00:00,2023-06-21,7,TH_NP15_GEN-APND,TH_NP15_GEN-APND,TH_NP15_GEN-APND,RTM,MCC,LMP_CONG_PRC,TH_NP15_GEN-APND,ALL_APNODES,0,0.0,6,11
2023-06-21T13:30:00-00:00,2023-06-21T13:35:00-00:00,2023-06-21,7,TH_NP15_GEN-APND,TH_NP15_GEN-APND,TH_NP15_GEN-APND,RTM,MCC,LMP_CONG_PRC,TH_NP15_GEN-APND,ALL_APNODES,0,0.0,7,11
2023-06-21T13:35:00-00:00,2023-06-21T13:40:00-00:00,2023-06-21,7,TH_NP15_GEN-APND,TH_NP15_GEN-APND,TH_NP15_GEN-APND,RTM,MCC,LMP_CONG_PRC,TH_NP15_GEN-APND,ALL_APNODES,0,0.0,8,11
2023-06-21T13:40:00-00:00,2023-06-21T13:45:00-00:00,2023-06-21,7,TH_NP15_GEN-APND,TH_NP15_GEN-APND,TH_NP15_GEN-APND,RTM,MCC,LMP_CONG_PRC,TH_NP15_GEN-APND,ALL_APNODES,0,0.0,9,11
2023-06-21T13:45:00-00:00,2023-06-21T13:50:00-00:00,2023-06-21,7,TH_NP15_GEN-APND,TH_NP15_GEN-APND,TH_NP15_GEN-APND,RTM,MCC,LMP_CONG_PRC,TH_NP15_GEN-APND,ALL_APNODES,0,3.51538,10,11
2023-06-21T13:50:00-00:00,2023-06-21T13:55:00-00:00,2023-06-21,7,TH_NP15_GEN-APND,TH_NP15_GEN-APND,TH_NP15_GEN-APND,RTM,MCC,LMP_CONG_PRC,TH_NP15_GEN-APND,ALL_APNODES,0,5.53004,11,11
2023-06-21T13:55:00-00:00,2023-06-21T14:00:00-00:00,2023-06-21,7,TH_NP15_GEN-APND,TH_NP15_GEN-APND,TH_NP15_GEN-APND,RTM,MCC,LMP_CONG_PRC,TH_NP15_GEN-APND,ALL_APNODES,0,15.43622,12,11
2023-06-21T14:00:00-00:00,2023-06-21T14:05:00-00:00,2023-06-21,8,TH_NP15_GEN-APND,TH_NP15_GEN-APND,TH_NP15_GEN-APND,RTM,MCC,LMP_CONG_PRC,TH_NP15_GEN-APND,ALL_APNODES,0,7.84334,1,11
2023-06-21T14:05:00-00:00,2023-06-21T14:10:00-00:00,2023-06-21,8,TH_NP15_GEN-APND,TH_NP15_GEN-APND,TH_NP15_GEN-APND,RTM,MCC,LMP_CONG_PRC,TH_NP15_GEN-APND,ALL_APNODES,0,15.5236,2,11
2023-06-21T14:10:00-00:00,2023-06-21T14:15:00-00:00,2023-06-21,8,TH_NP15_GEN-APND,TH_NP15_GEN-APND,TH_NP15_GEN-APND,RTM,MCC,LMP_CONG_PRC,TH_NP15_GEN-APND,ALL_APNODES,0,16.22552,3,11
2023-06-21T14:15:00-00:00,2023-06-21T14:20:00-00:00,2023-06-21,8,TH_NP15_GEN-APND,TH_NP15_GEN-APND,TH_NP15_GEN-APND,RTM,MCC,LMP_CONG_PRC,TH_NP15_GEN-APND,ALL_APNODES,0,12.57698,4,11
2023-06-21T14:20:00-00:00,2023-06-21T14:25:00-00:00,2023-06-21,8,TH_NP15_GEN-APND,TH_NP15_GEN-APND,TH_NP15_GEN-APND,RTM,MCC,LMP_CONG_PRC,TH_NP15_GEN-APND,ALL_APNODES,0,18.72974,5,11
2023-06-21T14:25:00-00:00,2023-06-21T14:30:00-00:00,2023-06-21,8,TH_NP15_GEN-APND,TH_NP15_GEN-APND,TH_NP15_GEN-APND,RTM,MCC,LMP_CONG_PRC,TH_NP15_GEN-APND,ALL_APNODES,0,22.26943,6,11
2023-06-21T14:30:00-00:00,2023-06-21T14:35:00-00:00,2023-06-21,8,TH_NP15_GEN-APND,TH_NP15_GEN-APND,TH_NP15_GEN-APND,RTM,MCC,LMP_CONG_PRC,TH_NP15_GEN-APND,ALL_APNODES,0,26.13063,7,11
2023-06-21T14:35:00-00:00,2023-06-21T14:40:00-00:00,2023-06-21,8,TH_NP15_GEN-APND,TH_NP15_GEN-APND,TH_NP15_GEN-APND,RTM,MCC,LMP_CONG_PRC,TH_NP15_GEN-APND,ALL_APNODES,0,26.06998,8,11
2023-06-21T14:40:00-00:00,2023-06-21T14:45:00-00:00,2023-06-21,8,TH_NP15_GEN-APND,TH_NP15_GEN-APND,TH_NP15_GEN-APND,RTM,MCC,LMP_CONG_PRC,TH_NP15_GEN-APND,ALL_APNODES,0,26.6877,9,11
2023-06-21T14:45:00-00:00,2023-06-21T14:50:00-00:00,2023-06-21,8,TH_NP15_GEN-APND,TH_NP15_GEN-APND,TH_NP15_GEN-APND,RTM,MCC,LMP_CONG_PRC,TH_NP15_GEN-APND,ALL_APNODES,0,28.96385,10,11
2023-06-21T14:50:00-00:00,2023-06-21T14:55:00-00:00,2023-06-21,8,TH_NP15_GEN-APND,TH_NP15_GEN-APND,TH_NP15_GEN-APND,RTM,MCC,LMP_CONG_PRC,TH_NP15_GEN-APND,ALL_APNODES,0,28.76627,11,11
2023-06-21T14:55:00-00:00,2023-06-21T15:00:00-00:00,2023-06-21,8,TH_NP15_GEN-APND,TH_NP15_GEN-APND,TH_NP15_GEN-APND,RTM,MCC,LMP_CONG_PRC,TH_NP15_GEN-APND,ALL_APNODES,0,30.12271,12,11
2023-06-21T15:00:00-00:00,2023-06-21T15:05:00-00:00,2023-06-21,9,TH_NP15_GEN-APND,TH_NP15_GEN-APND,TH_NP15_GEN-APND,RTM,MCC,LMP_CONG_PRC,TH_NP15_GEN-APND,ALL_APNODES,0,27.7401,1,11
2023-06-21T15:05:00-00:00,2023-06-21T15:10:00-00:00,2023-06-21,9,TH_NP15_GEN-APND,TH_NP15_GEN-APND,TH_NP15_GEN-APND,RTM,MCC,LMP_CONG_PRC,TH_NP15_GEN-APND,ALL_APNODES,0,28.1238,2,11
2023-06-21T15:10:00-00:00,2023-06-21T15:15:00-00:00,2023-06-21,9,TH_NP15_GEN-APND,TH_NP15_GEN-APND,TH_NP15_GEN-APND,RTM,MCC,LMP_CONG_PRC,TH_NP15_GEN-APND,ALL_APNODES,0,28.43287,3,11
2023-06-21T15:15:00-00:00,2023-06-21T15:20:00-00:00,2023-06-21,9,TH_NP15_GEN-APND,TH_NP15_GEN-APND,TH_NP15_GEN-APND,RTM,MCC,LMP_CONG_PRC,TH_NP15_GEN-APND,ALL_APNODES,0,27.04662,4,11
2023-06-21T15:20:00-00:00,2023-06-21T15:25:00-00:00,2023-06-21,9,TH_NP15_GEN-APND,TH_NP15_GEN-APND,TH_NP15_GEN-APND,RTM,MCC,LMP_CONG_PRC,TH_NP15_GEN-APND,ALL_APNODES,0,29.92094,5,11
2023-06-21T15:25:00-00:00,2023-06-21T15:30:00-00:00,2023-06-21,9,TH_NP15_GEN-APND,TH_NP15_GEN-APND,TH_NP15_GEN-APND,RTM,MCC,LMP_CONG_PRC,TH_NP15_GEN-APND,ALL_APNODES,0,28.3796,6,11
2023-06-21T15:30:00-00:00,2023-06-21T15:35:00-00:00,2023-06-21,9,TH_NP15_GEN-APND,TH_NP15_GEN-APND,TH_NP15_GEN-APND,RTM,MCC,LMP_CONG_PRC,TH_NP15_GEN-APND,ALL_APNODES,0,28.89165,7,11
2023-06-21T15:35:00-00:00,2023-06-21T15:40:00-00:00,2023-06-21,9,TH_NP15_GEN-APND,TH_NP15_GEN-APND,TH_NP15_GEN-APND,RTM,MCC,LMP_CONG_PRC,TH_NP15_GEN-APND,ALL_APNODES,0,28.94441,8,11
2023-06-21T15:40:00-00:00,2023-06-21T15:45:00-00:00,2023-06-21,9,TH_NP15_GEN-APND,TH_NP15_GEN-APND,TH_NP15_GEN-APND,RTM,MCC,LMP_CONG_PRC,TH_NP15_GEN-APND,ALL_APNODES,0,28.55517,9,11
2023-06-21T15:45:00-00:00,2023-06-21T15:50:00-00:00,2023-06-21,9,TH_NP15_GEN-APND,TH_NP15_GEN-APND,TH_NP15_GEN-APND,RTM,MCC,LMP_CONG_PRC,TH_NP15_GEN-APND,ALL_APNODES,0,28.59093,10,11
2023-06-21T15:50:00-00:00,2023-06-21T15:55:00-00:00,2023-06-21,9,TH_NP15_GEN-APND,TH_NP15_GEN-APND,TH_NP15_GEN-APND,RTM,MCC,LMP_CONG_PRC,TH_NP15_GEN-APND,ALL_APNODES,0,28.6171,11,11
2023-06-21T15:55:00-00:00,2023-06-21T16:00:00-00:00,2023-06-21,9,TH_NP15_GEN-APND,TH_NP15_GEN-APND,TH_NP15_GEN-APND,RTM,MCC,LMP_CONG_PRC,TH_NP15_GEN-APND,ALL_APNODES,0,28.72807,12,11
2023-06-21T16:00:00-00:00,2023-06-21T16:05:00-00:00,2023-06-21,10,TH_NP15_GEN-APND,TH_NP15_GEN-APND,TH_NP15_GEN-APND,RTM,MCC,LMP_CONG_PRC,TH_NP15_GEN-APND,ALL_APNODES,0,27.65044,1,11
2023-06-21T16:05:00-00:00,2023-06-21T16:10:00-00:00,2023-06-21,10,TH_NP15_GEN-APND,TH_NP15_GEN-APND,TH_NP15_GEN-APND,RTM,MCC,LMP_CONG_PRC,TH_NP15_GEN-APND,ALL_APNODES,0,27.71279,2,11
2023-06-21T16:10:00-00:00,2023-06-21T16:15:00-00:00,2023-06-21,10,TH_NP15_GEN-APND,TH_NP15_GEN-APND,TH_NP15_GEN-APND,RTM,MCC,LMP_CONG_PRC,TH_NP15_GEN-APND,ALL_APNODES,0,29.73941,3,11
2023-06-21T16:15:00-00:00,2023-06-21T16:20:00-00:00,2023-06-21,10,TH_NP15_GEN-APND,TH_NP15_GEN-APND,TH_NP15_GEN-APND,RTM,MCC,LMP_CONG_PRC,TH_NP15_GEN-APND,ALL_APNODES,0,29.40089,4,11
2023-06-21T16:20:00-00:00,2023-06-21T16:25:00-00:00,2023-06-21,10,TH_NP15_GEN-APND,TH_NP15_GEN-APND,TH_NP15_GEN-APND,RTM,MCC,LMP_CONG_PRC,TH_NP15_GEN-APND,ALL_APNODES,0,29.95185,5,11
2023-06-21T16:25:00-00:00,2023-06-21T16:30:00-00:00,2023-06-21,10,TH_NP15_GEN-APND,TH_NP15_GEN-APND,TH_NP15_GEN-APND,RTM,MCC,LMP_CONG_PRC,TH_NP15_GEN-APND,ALL_APNODES,0,30.1118,6,11
2023-06-21T16:30:00-00:00,2023-06-21T16:35:00-00:00,2023-06-21,10,TH_NP15_GEN-APND,TH_NP15_GEN-APND,TH_NP15_GEN-APND,RTM,MCC,LMP_CONG_PRC,TH_NP15_GEN-APND,ALL_APNODES,0,34.04055,7,11
2023-06-21T16:35:00-00:00,2023-06-21T16:40:00-00:00,2023-06-21,10,TH_NP15_GEN-APND,TH_NP15_GEN-APND,TH_NP15_GEN-APND,RTM,MCC,LMP_CONG_PRC,TH_NP15_GEN-APND,ALL_APNODES,0,32.84884,8,11
2023-06-21T16:40:00-00:00,2023-06-21T16:45:00-00:00,2023-06-21,10,TH_NP15_GEN-APND,TH_NP15_GEN-APND,TH_NP15_GEN-APND,RTM,MCC,LMP_CONG_PRC,TH_NP15_GEN-APND,ALL_APNODES,0,32.32264,9,11
2023-06-21T16:45:00-00:00,2023-06-21T16:50:00-00:00,2023-06-21,10,TH_NP15_GEN-APND,TH_NP15_GEN-APND,TH_NP15_GEN-APND,RTM,MCC,LMP_CONG_PRC,TH_NP15_GEN-APND,ALL_APNODES,0,32.46452,10,11
2023-06-21T16:50:00-00:00,2023-06-21T16:55:00-00:00,2023-06-21,10,TH_NP15_GEN-APND,TH_NP15_GEN-APND,TH_NP15_GEN-APND,RTM,MCC,LMP_CONG_PRC,TH_NP15_GEN-APND,ALL_APNODES,0,32.2345,11,11
2023-06-21T16:55:00-00:00,2023-06-21T17:00:00-00:00,2023-06-21,10,TH_NP15_GEN-APND,TH_NP15_GEN-APND,TH_NP15_GEN-APND,RTM,MCC,LMP_CONG_PRC,TH_NP15_GEN-APND,ALL_APNODES,0,32.23549,12,11
2023-06-21T17:00:00-00:00,2023-06-21T17:05:00-00:00,2023-06-21,11,TH_NP15_GEN-APND,TH_NP15_GEN-APND,TH_NP15_GEN-APND,RTM,MCC,LMP_CONG_PRC,TH_NP15_GEN-APND,ALL_APNODES,0,34.1551,1,11
2023-06-21T17:05:00-00:00,2023-06-21T17:10:00-00:00,2023-06-21,11,TH_NP15_GEN-APND,TH_NP15_GEN-APND,TH_NP15_GEN-APND,RTM,MCC,LMP_CONG_PRC,TH_NP15_GEN-APND,ALL_APNODES,0,33.04137,2,11
2023-06-21T17:10:00-00:00,2023-06-21T17:15:00-00:00,2023-06-21,11,TH_NP15_GEN-APND,TH_NP15_GEN-APND,TH_NP15_GEN-APND,RTM,MCC,LMP_CONG_PRC,TH_NP15_GEN-APND,ALL_APNODES,0,32.66819,3,11
2023-06-21T17:15:00-00:00,2023-06-21T17:20:00-00:00,2023-06-21,11,TH_NP15_GEN-APND,TH_NP15_GEN-APND,TH_NP15_GEN-APND,RTM,MCC,LMP_CONG_PRC,TH_NP15_GEN-APND,ALL_APNODES,0,32.55883,4,11
2023-06-21T17:20:00-00:00,2023-06-21T17:25:00-00:00,2023-06-21,11,TH_NP15_GEN-APND,TH_NP15_GEN-APND,TH_NP15_GEN-APND,RTM,MCC,LMP_CONG_PRC,TH_NP15_GEN-APND,ALL_APNODES,0,32.51924,5,11
2023-06-21T17:25:00-00:00,2023-06-21T17:30:00-00:00,2023-06-21,11,TH_NP15_GEN-APND,TH_NP15_GEN-APND,TH_NP15_GEN-APND,RTM,MCC,LMP_CONG_PRC,TH_NP15_GEN-APND,ALL_APNODES,0,34.30685,6,11
2023-06-21T17:30:00-00:00,2023-06-21T17:35:00-00:00,2023-06-21,11,TH_NP15_GEN-APND,TH_NP15_GEN-APND,TH_NP15_GEN-APND,RTM,MCC,LMP_CONG_PRC,TH_NP15_GEN-APND,ALL_APNODES,0,27.79842,7,11
2023-06-21T17:35:00-00:00,2023-06-21T17:40:00-00:00,2023-06-21,11,TH_NP15_GEN-APND,TH_NP15_GEN-APND,TH_NP15_GEN-APND,RTM,MCC,LMP_CONG_PRC,TH_NP15_GEN-APND,ALL_APNODES,0,26.98941,8,11
2023-06-21T17:40:00-00:00,2023-06-21T17:45:00-00:00,2023-06-21,11,TH_NP15_GEN-APND,TH_NP15_GEN-APND,TH_NP15_GEN-APND,RTM,MCC,LMP_CONG_PRC,TH_NP15_GEN-APND,ALL_APNODES,0,26.12467,9,11
2023-06-21T17:45:00-00:00,2023-06-21T17:50:00-00:00,2023-06-21,11,TH_NP15_GEN-APND,TH_NP15_GEN-APND,TH_NP15_GEN-APND,RTM,MCC,LMP_CONG_PRC,TH_NP15_GEN-APND,ALL_APNODES,0,26.34948,10,11
2023-06-21T17:50:00-00:00,2023-06-21T17:55:00-00:00,2023-06-21,11,TH_NP15_GEN-APND,TH_NP15_GEN-APND,TH_NP15_GEN-APND,RTM,MCC,LMP_CONG_PRC,TH_NP15_GEN-APND,ALL_APNODES,0,26.93024,11,11
2023-06-21T17:55:00-00:00,2023-06-21T18:00:00-00:00,2023-06-21,11,TH_NP15_GEN-APND,TH_NP15_GEN-APND,TH_NP15_GEN-APND,RTM,MCC,LMP_CONG_PRC,TH_NP15_GEN-APND,ALL_APNODES,0,27.72472,12,11
2023-06-21T18:00:00-00:00,2023-06-21T18:05:00-00:00,2023-06-21,12,TH_NP15_GEN-APND,TH_NP15_GEN-APND,TH_NP15_GEN-APND,RTM,MCC,LMP_CONG_PRC,TH_NP15_GEN-APND,ALL_APNODES,0,26.42864,1,11
2023-06-21T18:05:00-00:00,2023-06-21T18:10:00-00:00,2023-06-21,12,TH_NP15_GEN-APND,TH_NP15_GEN-APND,TH_NP15_GEN-APND,RTM,MCC,LMP_CONG_PRC,TH_NP15_GEN-APND,ALL_APNODES,0,26.0802,2,11
2023-06-21T18:10:00-00:00,2023-06-21T18:15:00-00:00,2023-06-21,12,TH_NP15_GEN-APND,TH_NP15_GEN-APND,TH_NP15_GEN-APND,RTM,MCC,LMP_CONG_PRC,TH_NP15_GEN-APND,ALL_APNODES,0,26.0802,3,11
2023-06-21T18:15:00-00:00,2023-06-21T18:20:00-00:00,2023-06-21,12,TH_NP15_GEN-APND,TH_NP15_GEN-APND,TH_NP15_GEN-APND,RTM,MCC,LMP_CONG_PRC,TH_NP15_GEN-APND,ALL_APNODES,0,23.24075,4,11
2023-06-21T18:20:00-00:00,2023-06-21T18:25:00-00:00,2023-06-21,12,TH_NP15_GEN-APND,TH_NP15_GEN-APND,TH_NP15_GEN-APND,RTM,MCC,LMP_CONG_PRC,TH_NP15_GEN-APND,ALL_APNODES,0,22.19013,5,11
2023-06-21T18:25:00-00:00,2023-06-21T18:30:00-00:00,2023-06-21,12,TH_NP15_GEN-APND,TH_NP15_GEN-APND,TH_NP15_GEN-APND,RTM,MCC,LMP_CONG_PRC,TH_NP15_GEN-APND,ALL_APNODES,0,25.79286,6,11
2023-06-21T18:30:00-00:00,2023-06-21T18:35:00-00:00,2023-06-21,12,TH_NP15_GEN-APND,TH_NP15_GEN-APND,TH_NP15_GEN-APND,RTM,MCC,LMP_CONG_PRC,TH_NP15_GEN-APND,ALL_APNODES,0,25.12182,7,11
2023-06-21T18:35:00-00:00,2023-06-21T18:40:00-00:00,2023-06-21,12,TH_NP15_GEN-APND,TH_NP15_GEN-APND,TH_NP15_GEN-APND,RTM,MCC,LMP_CONG_PRC,TH_NP15_GEN-APND,ALL_APNODES,0,24.97113,8,11
2023-06-21T18:40:00-00:00,2023-06-21T18:45:00-00:00,2023-06-21,12,TH_NP15_GEN-APND,TH_NP15_GEN-APND,TH_NP15_GEN-APND,RTM,MCC,LMP_CONG_PRC,TH_NP15_GEN-APND,ALL_APNODES,0,25.20332,9,11
2023-06-21T18:45:00-00:00,2023-06-21T18:50:00-00:00,2023-06-21,12,TH_NP15_GEN-APND,TH_NP15_GEN-APND,TH_NP15_GEN-APND,RTM,MCC,LMP_CONG_PRC,TH_NP15_GEN-APND,ALL_APNODES,0,23.03599,10,11
2023-06-21T18:50:00-00:00,2023-06-21T18:55:00-00:00,2023-06-21,12,TH_NP15_GEN-APND,TH_NP15_GEN-APND,TH_NP15_GEN-APND,RTM,MCC,LMP_CONG_PRC,TH_NP15_GEN-APND,ALL_APNODES,0,26.4271,11,11
2023-06-21T18:55:00-00:00,2023-06-21T19:00:00-00:00,2023-06-21,12,TH_NP15_GEN-APND,TH_NP15_GEN-APND,TH_NP15_GEN-APND,RTM,MCC,LMP_CONG_PRC,TH_NP15_GEN-APND,ALL_APNODES,0,27.78913,12,11
2023-06-21T19:00:00-00:00,2023-06-21T19:05:00-00:00,2023-06-21,13,TH_NP15_GEN-APND,TH_NP15_GEN-APND,TH_NP15_GEN-APND,RTM,MCC,LMP_CONG_PRC,TH_NP15_GEN-APND,ALL_APNODES,0,28.06783,1,11
2023-06-21T19:05:00-00:00,2023-06-21T19:10:00-00:00,2023-06-21,13,TH_NP15_GEN-APND,TH_NP15_GEN-APND,TH_NP15_GEN-APND,RTM,MCC,LMP_CONG_PRC,TH_NP15_GEN-APND,ALL_APNODES,0,28.03191,2,11
2023-06-21T19:10:00-00:00,2023-06-21T19:15:00-00:00,2023-06-21,13,TH_NP15_GEN-APND,TH_NP15_GEN-APND,TH_NP15_GEN-APND,RTM,MCC,LMP_CONG_PRC,TH_NP15_GEN-APND,ALL_APNODES,0,28.80583,3,11
2023-06-21T19:15:00-00:00,2023-06-21T19:20:00-00:00,2023-06-21,13,TH_NP15_GEN-APND,TH_NP15_GEN-APND,TH_NP15_GEN-APND,RTM,MCC,LMP_CONG_PRC,TH_NP15_GEN-APND,ALL_APNODES,0,28.97686,4,11
2023-06-21T19:20:00-00:00,2023-06-21T19:25:00-00:00,2023-06-21,13,TH_NP15_GEN-APND,TH_NP15_GEN-APND,TH_NP15_GEN-APND,RTM,MCC,LMP_CONG_PRC,TH_NP15_GEN-APND,ALL_APNODES,0,28.85753,5,11
2023-06-21T19:25:00-00:00,2023-06-21T19:30:00-00:00,2023-06-21,13,TH_NP15_GEN-APND,TH_NP15_GEN-APND,TH_NP15_GEN-APND,RTM,MCC,LMP_CONG_PRC,TH_NP15_GEN-APND,ALL_APNODES,0,28.87389,6,11
2023-06-21T19:30:00-00:00,2023-06-21T19:35:00-00:00,2023-06-21,13,TH_NP15_GEN-APND,TH_NP15_GEN-APND,TH_NP15_GEN-APND,RTM,MCC,LMP_CONG_PRC,TH_NP15_GEN-APND,ALL_APNODES,0,29.40458,7,11
2023-06-21T19:35:00-00:00,2023-06-21T19:40:00-00:00,2023-06-21,13,TH_NP15_GEN-APND,TH_NP15_GEN-APND,TH_NP15_GEN-APND,RTM,MCC,LMP_CONG_PRC,TH_NP15_GEN-APND,ALL_APNODES,0,29.37765,8,11
2023-06-21T19:40:00-00:00,2023-06-21T19:45:00-00:00,2023-06-21,13,TH_NP15_GEN-APND,TH_NP15_GEN-APND,TH_NP15_GEN-APND,RTM,MCC,LMP_CONG_PRC,TH_NP15_GEN-APND,ALL_APNODES,0,29.47485,9,11
2023-06-21T19:45:00-00:00,2023-06-21T19:50:00-00:00,2023-06-21,13,TH_NP15_GEN-APND,TH_NP15_GEN-APND,TH_NP15_GEN-APND,RTM,MCC,LMP_CONG_PRC,TH_NP15_GEN-APND,ALL_APNODES,0,29.77988,10,11
2023-06-21T19:50:00-00:00,2023-06-21T19:55:00-00:00,2023-06-21,13,TH_NP15_GEN-APND,TH_NP15_GEN-APND,TH_NP15_GEN-APND,RTM,MCC,LMP_CONG_PRC,TH_NP15_GEN-APND,ALL_APNODES,0,29.96631,11,11
2023-06-21T19:55:00-00:00,2023-06-21T20:00:00-00:00,2023-06-21,13,TH_NP15_GEN-APND,TH_NP15_GEN-APND,TH_NP15_GEN-APND,RTM,MCC,LMP_CONG_PRC,TH_NP15_GEN-APND,ALL_APNODES,0,29.87909,12,11
2023-06-21T20:00:00-00:00,2023-06-21T20:05:00-00:00,2023-06-21,14,TH_NP15_GEN-APND,TH_NP15_GEN-APND,TH_NP15_GEN-APND,RTM,MCC,LMP_CONG_PRC,TH_NP15_GEN-APND,ALL_APNODES,0,26.63579,1,11
2023-06-21T20:05:00-00:00,2023-06-21T20:10:00-00:00,2023-06-21,14,TH_NP15_GEN-APND,TH_NP15_GEN-APND,TH_NP15_GEN-APND,RTM,MCC,LMP_CONG_PRC,TH_NP15_GEN-APND,ALL_APNODES,0,25.93203,2,11
2023-06-21T20:10:00-00:00,2023-06-21T20:15:00-00:00,2023-06-21,14,TH_NP15_GEN-APND,TH_NP15_GEN-APND,TH_NP15_GEN-APND,RTM,MCC,LMP_CONG_PRC,TH_NP15_GEN-APND,ALL_APNODES,0,26.60171,3,11
2023-06-21T20:15:00-00:00,2023-06-21T20:20:00-00:00,2023-06-21,14,TH_NP15_GEN-APND,TH_NP15_GEN-APND,TH_NP15_GEN-APND,RTM,MCC,LMP_CONG_PRC,TH_NP15_GEN-APND,ALL_APNODES,0,23.35361,4,11
2023-06-21T20:20:00-00:00,2023-06-21T20:25:00-00:00,2023-06-21,14,TH_NP15_GEN-APND,TH_NP15_GEN-APND,TH_NP15_GEN-APND,RTM,MCC,LMP_CONG_PRC,TH_NP15_GEN-APND,ALL_APNODES,0,25.60142,5,11
2023-06-21T20:25:00-00:00,2023-06-21T20:30:00-00:00,2023-06-21,14,TH_NP15_GEN-APND,TH_NP15_GEN-APND,TH_NP15_GEN-APND,RTM,MCC,LMP_CONG_PRC,TH_NP15_GEN-APND,ALL_APNODES,0,26.63503,6,11
2023-06-21T20:30:00-00:00,2023-06-21T20:35:00-00:00,2023-06-21,14,TH_NP15_GEN-APND,TH_NP15_GEN-APND,TH_NP15_GEN-APND,RTM,MCC,LMP_CONG_PRC,TH_NP15_GEN-APND,ALL_APNODES,0,28.45892,7,11
2023-06-21T20:35:00-00:00,2023-06-21T20:40:00-00:00,2023-06-21,14,TH_NP15_GEN-APND,TH_NP15_GEN-APND,TH_NP15_GEN-APND,RTM,MCC,LMP_CONG_PRC,TH_NP15_GEN-APND,ALL_APNODES,0,30.28827,8,11
2023-06-21T20:40:00-00:00,2023-06-21T20:45:00-00:00,2023-06-21,14,TH_NP15_GEN-APND,TH_NP15_GEN-APND,TH_NP15_GEN-APND,RTM,MCC,LMP_CONG_PRC,TH_NP15_GEN-APND,ALL_APNODES,0,30.27964,9,11
2023-06-21T20:45:00-00:00,2023-06-21T20:50:00-00:00,2023-06-21,14,TH_NP15_GEN-APND,TH_NP15_GEN-APND,TH_NP15_GEN-APND,RTM,MCC,LMP_CONG_PRC,TH_NP15_GEN-APND,ALL_APNODES,0,28.09785,10,11
2023-06-21T20:50:00-00:00,2023-06-21T20:55:00-00:00,2023-06-21,14,TH_NP15_GEN-APND,TH_NP15_GEN-APND,TH_NP15_GEN-APND,RTM,MCC,LMP_CONG_PRC,TH_NP15_GEN-APND,ALL_APNODES,0,26.31446,11,11
2023-06-21T20:55:00-00:00,2023-06-21T21:00:00-00:00,2023-06-21,14,TH_NP15_GEN-APND,TH_NP15_GEN-APND,TH_NP15_GEN-APND,RTM,MCC,LMP_CONG_PRC,TH_NP15_GEN-APND,ALL_APNODES,0,27.22503,12,11
2023-06-21T21:00:00-00:00,2023-06-21T21:05:00-00:00,2023-06-21,15,TH_NP15_GEN-APND,TH_NP15_GEN-APND,TH_NP15_GEN-APND,RTM,MCC,LMP_CONG_PRC,TH_NP15_GEN-APND,ALL_APNODES,0,28.59597,1,11
2023-06-21T21:05:00-00:00,2023-06-21T21:10:00-00:00,2023-06-21,15,TH_NP15_GEN-APND,TH_NP15_GEN-APND,TH_NP15_GEN-APND,RTM,MCC,LMP_CONG_PRC,TH_NP15_GEN-APND,ALL_APNODES,0,29.3883,2,11
2023-06-21T21:10:00-00:00,2023-06-21T21:15:00-00:00,2023-06-21,15,TH_NP15_GEN-APND,TH_NP15_GEN-APND,TH_NP15_GEN-APND,RTM,MCC,LMP_CONG_PRC,TH_NP15_GEN-APND,ALL_APNODES,0,30.68404,3,11
2023-06-21T21:15:00-00:00,2023-06-21T21:20:00-00:00,2023-06-21,15,TH_NP15_GEN-APND,TH_NP15_GEN-APND,TH_NP15_GEN-APND,RTM,MCC,LMP_CONG_PRC,TH_NP15_GEN-APND,ALL_APNODES,0,28.1935,4,11
2023-06-21T21:20:00-00:00,2023-06-21T21:25:00-00:00,2023-06-21,15,TH_NP15_GEN-APND,TH_NP15_GEN-APND,TH_NP15_GEN-APND,RTM,MCC,LMP_CONG_PRC,TH_NP15_GEN-APND,ALL_APNODES,0,27.86267,5,11
2023-06-21T21:25:00-00:00,2023-06-21T21:30:00-00:00,2023-06-21,15,TH_NP15_GEN-APND,TH_NP15_GEN-APND,TH_NP15_GEN-APND,RTM,MCC,LMP_CONG_PRC,TH_NP15_GEN-APND,ALL_APNODES,0,27.58795,6,11
2023-06-21T21:30:00-00:00,2023-06-21T21:35:00-00:00,2023-06-21,15,TH_NP15_GEN-APND,TH_NP15_GEN-APND,TH_NP15_GEN-APND,RTM,MCC,LMP_CONG_PRC,TH_NP15_GEN-APND,ALL_APNODES,0,26.72503,7,11
2023-06-21T21:35:00-00:00,2023-06-21T21:40:00-00:00,2023-06-21,15,TH_NP15_GEN-APND,TH_NP15_GEN-APND,TH_NP15_GEN-APND,RTM,MCC,LMP_CONG_PRC,TH_NP15_GEN-APND,ALL_APNODES,0,27.54286,8,11
2023-06-21T21:40:00-00:00,2023-06-21T21:45:00-00:00,2023-06-21,15,TH_NP15_GEN-APND,TH_NP15_GEN-APND,TH_NP15_GEN-APND,RTM,MCC,LMP_CONG_PRC,TH_NP15_GEN-APND,ALL_APNODES,0,30.35573,9,11
2023-06-21T21:45:00-00:00,2023-06-21T21:50:00-00:00,2023-06-21,15,TH_NP15_GEN-APND,TH_NP15_GEN-APND,TH_NP15_GEN-APND,RTM,MCC,LMP_CONG_PRC,TH_NP15_GEN-APND,ALL_APNODES,0,30.3334,10,11
2023-06-21T21:50:00-00:00,2023-06-21T21:55:00-00:00,2023-06-21,15,TH_NP15_GEN-APND,TH_NP15_GEN-APND,TH_NP15_GEN-APND,RTM,MCC,LMP_CONG_PRC,TH_NP15_GEN-APND,ALL_APNODES,0,29.74026,11,11
2023-06-21T21:55:00-00:00,2023-06-21T22:00:00-00:00,2023-06-21,15,TH_NP15_GEN-APND,TH_NP15_GEN-APND,TH_NP15_GEN-APND,RTM,MCC,LMP_CONG_PRC,TH_NP15_GEN-APND,ALL_APNODES,0,30.40332,12,11
2023-06-21T22:00:00-00:00,2023-06-21T22:05:00-00:00,2023-06-21,16,TH_NP15_GEN-APND,TH_NP15_GEN-APND,TH_NP15_GEN-APND,RTM,MCC,LMP_CONG_PRC,TH_NP15_GEN-APND,ALL_APNODES,0,28.63352,1,11
2023-06-21T22:05:00-00:00,2023-06-21T22:10:00-00:00,2023-06-21,16,TH_NP15_GEN-APND,TH_NP15_GEN-APND,TH_NP15_GEN-APND,RTM,MCC,LMP_CONG_PRC,TH_NP15_GEN-APND,ALL_APNODES,0,29.19379,2,11
2023-06-21T22:10:00-00:00,2023-06-21T22:15:00-00:00,2023-06-21,16,TH_NP15_GEN-APND,TH_NP15_GEN-APND,TH_NP15_GEN-APND,RTM,MCC,LMP_CONG_PRC,TH_NP15_GEN-APND,ALL_APNODES,0,31.12992,3,11
2023-06-21T22:15:00-00:00,2023-06-21T22:20:00-00:00,2023-06-21,16,TH_NP15_GEN-APND,TH_NP15_GEN-APND,TH_NP15_GEN-APND,RTM,MCC,LMP_CONG_PRC,TH_NP15_GEN-APND,ALL_APNODES,0,31.10452,4,11
2023-06-21T22:20:00-00:00,2023-06-21T22:25:00-00:00,2023-06-21,16,TH_NP15_GEN-APND,TH_NP15_GEN-APND,TH_NP15_GEN-APND,RTM,MCC,LMP_CONG_PRC,TH_NP15_GEN-APND,ALL_APNODES,0,31.12701,5,11
2023-06-21T22:25:00-00:00,2023-06-21T22:30:00-00:00,2023-06-21,16,TH_NP15_GEN-APND,TH_NP15_GEN-APND,TH_NP15_GEN-APND,RTM,MCC,LMP_CONG_PRC,TH_NP15_GEN-APND,ALL_APNODES,0,32.20225,6,11
2023-06-21T22:30:00-00:00,2023-06-21T22:35:00-00:00,2023-06-21,16,TH_NP15_GEN-APND,TH_NP15_GEN-APND,TH_NP15_GEN-APND,RTM,MCC,LMP_CONG_PRC,TH_NP15_GEN-APND,ALL_APNODES,0,28.80046,7,11
2023-06-21T22:35:00-00:00,2023-06-21T22:40:00-00:00,2023-06-21,16,TH_NP15_GEN-APND,TH_NP15_GEN-APND,TH_NP15_GEN-APND,RTM,MCC,LMP_CONG_PRC,TH_NP15_GEN-APND,ALL_APNODES,0,30.51021,8,11
2023-06-21T22:40:00-00:00,2023-06-21T22:45:00-00:00,2023-06-21,16,TH_NP15_GEN-APND,TH_NP15_GEN-APND,TH_NP15_GEN-APND,RTM,MCC,LMP_CONG_PRC,TH_NP15_GEN-APND,ALL_APNODES,0,30.48757,9,11
2023-06-21T22:45:00-00:00,2023-06-21T22:50:00-00:00,2023-06-21,16,TH_NP15_GEN-APND,TH_NP15_GEN-APND,TH_NP15_GEN-APND,RTM,MCC,LMP_CONG_PRC,TH_NP15_GEN-APND,ALL_APNODES,0,30.49002,10,11
2023-06-21T22:50:00-00:00,2023-06-21T22:55:00-00:00,2023-06-21,16,TH_NP15_GEN-APND,TH_NP15_GEN-APND,TH_NP15_GEN-APND,RTM,MCC,LMP_CONG_PRC,TH_NP15_GEN-APND,ALL_APNODES,0,24.56468,11,11
2023-06-21T22:55:00-00:00,2023-06-21T23:00:00-00:00,2023-06-21,16,TH_NP15_GEN-APND,TH_NP15_GEN-APND,TH_NP15_GEN-APND,RTM,MCC,LMP_CONG_PRC,TH_NP15_GEN-APND,ALL_APNODES,0,18.45691,12,11
2023-06-21T23:00:00-00:00,2023-06-21T23:05:00-00:00,2023-06-21,17,TH_NP15_GEN-APND,TH_NP15_GEN-APND,TH_NP15_GEN-APND,RTM,MCC,LMP_CONG_PRC,TH_NP15_GEN-APND,ALL_APNODES,0,13.41252,1,11
2023-06-21T23:05:00-00:00,2023-06-21T23:10:00-00:00,2023-06-21,17,TH_NP15_GEN-APND,TH_NP15_GEN-APND,TH_NP15_GEN-APND,RTM,MCC,LMP_CONG_PRC,TH_NP15_GEN-APND,ALL_APNODES,0,8.63837,2,11
2023-06-21T23:10:00-00:00,2023-06-21T23:15:00-00:00,2023-06-21,17,TH_NP15_GEN-APND,TH_NP15_GEN-APND,TH_NP15_GEN-APND,RTM,MCC,LMP_CONG_PRC,TH_NP15_GEN-APND,ALL_APNODES,0,7.23709,3,11
2023-06-21T23:15:00-00:00,2023-06-21T23:20:00-00:00,2023-06-21,17,TH_NP15_GEN-APND,TH_NP15_GEN-APND,TH_NP15_GEN-APND,RTM,MCC,LMP_CONG_PRC,TH_NP15_GEN-APND,ALL_APNODES,0,10.84559,4,11
2023-06-21T23:20:00-00:00,2023-06-21T23:25:00-00:00,2023-06-21,17,TH_NP15_GEN-APND,TH_NP15_GEN-APND,TH_NP15_GEN-APND,RTM,MCC,LMP_CONG_PRC,TH_NP15_GEN-APND,ALL_APNODES,0,10.46346,5,11
2023-06-21T23:25:00-00:00,2023-06-21T23:30:00-00:00,2023-06-21,17,TH_NP15_GEN-APND,TH_NP15_GEN-APND,TH_NP15_GEN-APND,RTM,MCC,LMP_CONG_PRC,TH_NP15_GEN-APND,ALL_APNODES,0,12.33609,6,11
2023-06-21T23:30:00-00:00,2023-06-21T23:35:00-00:00,2023-06-21,17,TH_NP15_GEN-APND,TH_NP15_GEN-APND,TH_NP15_GEN-APND,RTM,MCC,LMP_CONG_PRC,TH_NP15_GEN-APND,ALL_APNODES,0,7.10626,7,11
2023-06-21T23:35:00-00:00,2023-06-21T23:40:00-00:00,2023-06-21,17,TH_NP15_GEN-APND,TH_NP15_GEN-APND,TH_NP15_GEN-APND,RTM,MCC,LMP_CONG_PRC,TH_NP15_GEN-APND,ALL_APNODES,0,8.91489,8,11
2023-06-21T23:40:00-00:00,2023-06-21T23:45:00-00:00,2023-06-21,17,TH_NP15_GEN-APND,TH_NP15_GEN-APND,TH_NP15_GEN-APND,RTM,MCC,LMP_CONG_PRC,TH_NP15_GEN-APND,ALL_APNODES,0,8.05722,9,11
2023-06-21T23:45:00-00:00,2023-06-21T23:50:00-00:00,2023-06-21,17,TH_NP15_GEN-APND,TH_NP15_GEN-APND,TH_NP15_GEN-APND,RTM,MCC,LMP_CONG_PRC,TH_NP15_GEN-APND,ALL_APNODES,0,8.0561,10,11
2023-06-21T23:50:00-00:00,2023-06-21T23:55:00-00:00,2023-06-21,17,TH_NP15_GEN-APND,TH_NP15_GEN-APND,TH_NP15_GEN-APND,RTM,MCC,LMP_CONG_PRC,TH_NP15_GEN-APND,ALL_APNODES,0,9.15203,11,11
2023-06-21T23:55:00-00:00,2023-06-22T00:00:00-00:00,2023-06-21,17,TH_NP15_GEN-APND,TH_NP15_GEN-APND,TH_NP15_GEN-APND,RTM,MCC,LMP_CONG_PRC,TH_NP15_GEN-APND,ALL_APNODES,0,7.84464,12,11
2023-06-21T07:00:00-00:00,2023-06-21T07:05:00-00:00,2023-06-21,1,TH_NP15_GEN-APND,TH_NP15_GEN-APND,TH_NP15_GEN-APND,RTM,MCE,LMP_ENE_PRC,TH_NP15_GEN-APND,ALL_APNODES,0,37.35205,1,12
2023-06-21T07:05:00-00:00,2023-06-21T07:10:00-00:00,2023-06-21,1,TH_NP15_GEN-APND,TH_NP15_GEN-APND,TH_NP15_GEN-APND,RTM,MCE,LMP_ENE_PRC,TH_NP15_GEN-APND,ALL_APNODES,0,37.35205,2,12
2023-06-21T07:10:00-00:00,2023-06-21T07:15:00-00:00,2023-06-21,1,TH_NP15_GEN-APND,TH_NP15_GEN-APND,TH_NP15_GEN-APND,RTM,MCE,LMP_ENE_PRC,TH_NP15_GEN-APND,ALL_APNODES,0,37.42125,3,12
2023-06-21T07:15:00-00:00,2023-06-21T07:20:00-00:00,2023-06-21,1,TH_NP15_GEN-APND,TH_NP15_GEN-APND,TH_NP15_GEN-APND,RTM,MCE,LMP_ENE_PRC,TH_NP15_GEN-APND,ALL_APNODES,0,37.19086,4,12
2023-06-21T07:20:00-00:00,2023-06-21T07:25:00-00:00,2023-06-21,1,TH_NP15_GEN-APND,TH_NP15_GEN-APND,TH_NP15_GEN-APND,RTM,MCE,LMP_ENE_PRC,TH_NP15_GEN-APND,ALL_APNODES,0,36.89178,5,12
2023-06-21T07:25:00-00:00,2023-06-21T07:30:00-00:00,2023-06-21,1,TH_NP15_GEN-APND,TH_NP15_GEN-APND,TH_NP15_GEN-APND,RTM,MCE,LMP_ENE_PRC,TH_NP15_GEN-APND,ALL_APNODES,0,34.02299,6,12
2023-06-21T07:30:00-00:00,2023-06-21T07:35:00-00:00,2023-06-21,1,TH_NP15_GEN-APND,TH_NP15_GEN-APND,TH_NP15_GEN-APND,RTM,MCE,LMP_ENE_PRC,TH_NP15_GEN-APND,ALL_APNODES,0,35.37607,7,12
2023-06-21T07:35:00-00:00,2023-06-21T07:40:00-00:00,2023-06-21,1,TH_NP15_GEN-APND,TH_NP15_GEN-APND,TH_NP15_GEN-APND,RTM,MCE,LMP_ENE_PRC,TH_NP15_GEN-APND,ALL_APNODES,0,36.64028,8,12
2023-06-21T07:40:00-00:00,2023-06-21T07:45:00-00:00,2023-06-21,1,TH_NP15_GEN-APND,TH_NP15_GEN-APND,TH_NP15_GEN-APND,RTM,MCE,LMP_ENE_PRC,TH_NP15_GEN-APND,ALL_APNODES,0,34.68728,9,12
2023-06-21T07:45:00-00:00,2023-06-21T07:50:00-00:00,2023-06-21,1,TH_NP15_GEN-APND,TH_NP15_GEN-APND,TH_NP15_GEN-APND,RTM,MCE,LMP_ENE_PRC,TH_NP15_GEN-APND,ALL_APNODES,0,34.55701,10,12
2023-06-21T07:50:00-00:00,2023-06-21T07:55:00-00:00,2023-06-21,1,TH_NP15_GEN-APND,TH_NP15_GEN-APND,TH_NP15_GEN-APND,RTM,MCE,LMP_ENE_PRC,TH_NP15_GEN-APND,ALL_APNODES,0,34.63813,11,12
2023-06-21T07:55:00-00:00,2023-06-21T08:00:00-00:00,2023-06-21,1,TH_NP15_GEN-APND,TH_NP15_GEN-APND,TH_NP15_GEN-APND,RTM,MCE,LMP_ENE_PRC,TH_NP15_GEN-APND,ALL_APNODES,0,33.61826,12,12
2023-06-21T08:00:00-00:00,2023-06-21T08:05:00-00:00,2023-06-21,2,TH_NP15_GEN-APND,TH_NP15_GEN-APND,TH_NP15_GEN-APND,RTM,MCE,LMP_ENE_PRC,TH_NP15_GEN-APND,ALL_APNODES,0,37.0222,1,12
2023-06-21T08:05:00-00:00,2023-06-21T08:10:00-00:00,2023-06-21,2,TH_NP15_GEN-APND,TH_NP15_GEN-APND,TH_NP15_GEN-APND,RTM,MCE,LMP_ENE_PRC,TH_NP15_GEN-APND,ALL_APNODES,0,36.11879,2,12
2023-06-21T08:10:00-00:00,2023-06-21T08:15:00-00:00,2023-06-21,2,TH_NP15_GEN-APND,TH_NP15_GEN-APND,TH_NP15_GEN-APND,RTM,MCE,LMP_ENE_PRC,TH_NP15_GEN-APND,ALL_APNODES,0,33.59594,3,12
2023-06-21T08:15:00-00:00,2023-06-21T08:20:00-00:00,2023-06-21,2,TH_NP15_GEN-APND,TH_NP15_GEN-APND,TH_NP15_GEN-APND,RTM,MCE,LMP_ENE_PRC,TH_NP15_GEN-APND,ALL_APNODES,0,33.63466,4,12
2023-06-21T08:20:00-00:00,2023-06-21T08:25:00-00:00,2023-06-21,2,TH_NP15_GEN-APND,TH_NP15_GEN-APND,TH_NP15_GEN-APND,RTM,MCE,LMP_ENE_PRC,TH_NP15_GEN-APND,ALL_APNODES,0,33.50833,5,12
2023-06-21T08:25:00-00:00,2023-06-21T08:30:00-00:00,2023-06-21,2,TH_NP15_GEN-APND,TH_NP15_GEN-APND,TH_NP15_GEN-APND,RTM,MCE,LMP_ENE_PRC,TH_NP15_GEN-APND,ALL_APNODES,0,33.12099,6,12
2023-06-21T08:30:00-00:00,2023-06-21T08:35:00-00:00,2023-06-21,2,TH_NP15_GEN-APND,TH_NP15_GEN-APND,TH_NP15_GEN-APND,RTM,MCE,LMP_ENE_PRC,TH_NP15_GEN-APND,ALL_APNODES,0,33.12099,7,12
2023-06-21T08:35:00-00:00,2023-06-21T08:40:00-00:00,2023-06-21,2,TH_NP15_GEN-APND,TH_NP15_GEN-APND,TH_NP15_GEN-APND,RTM,MCE,LMP_ENE_PRC,TH_NP15_GEN-APND,ALL_APNODES,0,33.12099,8,12
2023-06-21T08:40:00-00:00,2023-06-21T08:45:00-00:00,2023-06-21,2,TH_NP15_GEN-APND,TH_NP15_GEN-APND,TH_NP15_GEN-APND,RTM,MCE,LMP_ENE_PRC,TH_NP15_GEN-APND,ALL_APNODES,0,33.12099,9,12
2023-06-21T08:45:00-00:00,2023-06-21T08:50:00-00:00,2023-06-21,2,TH_NP15_GEN-APND,TH_NP15_GEN-APND,TH_NP15_GEN-APND,RTM,MCE,LMP_ENE_PRC,TH_NP15_GEN-APND,ALL_APNODES,0,33.12099,10,12
2023-06-21T08:50:00-00:00,2023-06-21T08:55:00-00:00,2023-06-21,2,TH_NP15_GEN-APND,TH_NP15_GEN-APND,TH_NP15_GEN-APND,RTM,MCE,LMP_ENE_PRC,TH_NP15_GEN-APND,ALL_APNODES,0,30.83788,11,12
2023-06-21T08:55:00-00:00,2023-06-21T09:00:00-00:00,2023-06-21,2,TH_NP15_GEN-APND,TH_NP15_GEN-APND,TH_NP15_GEN-APND,RTM,MCE,LMP_ENE_PRC,TH_NP15_GEN-APND,ALL_APNODES,0,30.88594,12,12
2023-06-21T09:00:00-00:00,2023-06-21T09:05:00-00:00,2023-06-21,3,TH_NP15_GEN-APND,TH_NP15_GEN-APND,TH_NP15_GEN-APND,RTM,MCE,LMP_ENE_PRC,TH_NP15_GEN-APND,ALL_APNODES,0,31.79691,1,12
2023-06-21T09:05:00-00:00,2023-06-21T09:10:00-00:00,2023-06-21,3,TH_NP15_GEN-APND,TH_NP15_GEN-APND,TH_NP15_GEN-APND,RTM,MCE,LMP_ENE_PRC,TH_NP15_GEN-APND,ALL_APNODES,0,32.0,2,12
2023-06-21T09:10:00-00:00,2023-06-21T09:15:00-00:00,2023-06-21,3,TH_NP15_GEN-APND,TH_NP15_GEN-APND,TH_NP15_GEN-APND,RTM,MCE,LMP_ENE_PRC,TH_NP15_GEN-APND,ALL_APNODES,0,31.3976,3,12
2023-06-21T09:15:00-00:00,2023-06-21T09:20:00-00:00,2023-06-21,3,TH_NP15_GEN-APND,TH_NP15_GEN-APND,TH_NP15_GEN-APND,RTM,MCE,LMP_ENE_PRC,TH_NP15_GEN-APND,ALL_APNODES,0,30.872,4,12
2023-06-21T09:20:00-00:00,2023-06-21T09:25:00-00:00,2023-06-21,3,TH_NP15_GEN-APND,TH_NP15_GEN-APND,TH_NP15_GEN-APND,RTM,MCE,LMP_ENE_PRC,TH_NP15_GEN-APND,ALL_APNODES,0,30.8464,5,12
2023-06-21T09:25:00-00:00,2023-06-21T09:30:00-00:00,2023-06-21,3,TH_NP15_GEN-APND,TH_NP15_GEN-APND,TH_NP15_GEN-APND,RTM,MCE,LMP_ENE_PRC,TH_NP15_GEN-APND,ALL_APNODES,0,31.3976,6,12
2023-06-21T09:30:00-00:00,2023-06-21T09:35:00-00:00,2023-06-21,3,TH_NP15_GEN-APND,TH_NP15_GEN-APND,TH_NP15_GEN-APND,RTM,MCE,LMP_ENE_PRC,TH_NP15_GEN-APND,ALL_APNODES,0,31.25,7,12
2023-06-21T09:35:00-00:00,2023-06-21T09:40:00-00:00,2023-06-21,3,TH_NP15_GEN-APND,TH_NP15_GEN-APND,TH_NP15_GEN-APND,RTM,MCE,LMP_ENE_PRC,TH_NP15_GEN-APND,ALL_APNODES,0,31.2828,8,12
2023-06-21T09:40:00-00:00,2023-06-21T09:45:00-00:00,2023-06-21,3,TH_NP15_GEN-APND,TH_NP15_GEN-APND,TH_NP15_GEN-APND,RTM,MCE,LMP_ENE_PRC,TH_NP15_GEN-APND,ALL_APNODES,0,31.2876,9,12
2023-06-21T09:45:00-00:00,2023-06-21T09:50:00-00:00,2023-06-21,3,TH_NP15_GEN-APND,TH_NP15_GEN-APND,TH_NP15_GEN-APND,RTM,MCE,LMP_ENE_PRC,TH_NP15_GEN-APND,ALL_APNODES,0,31.33705,10,12
2023-06-21T09:50:00-00:00,2023-06-21T09:55:00-00:00,2023-06-21,3,TH_NP15_GEN-APND,TH_NP15_GEN-APND,TH_NP15_GEN-APND,RTM,MCE,LMP_ENE_PRC,TH_NP15_GEN-APND,ALL_APNODES,0,30.9172,11,12
2023-06-21T09:55:00-00:00,2023-06-21T10:00:00-00:00,2023-06-21,3,TH_NP15_GEN-APND,TH_NP15_GEN-APND,TH_NP15_GEN-APND,RTM,MCE,LMP_ENE_PRC,TH_NP15_GEN-APND,ALL_APNODES,0,30.8213,12,12
2023-06-21T10:00:00-00:00,2023-06-21T10:05:00-00:00,2023-06-21,4,TH_NP15_GEN-APND,TH_NP15_GEN-APND,TH_NP15_GEN-APND,RTM,MCE,LMP_ENE_PRC,TH_NP15_GEN-APND,ALL_APNODES,0,30.864,1,12
2023-06-21T10:05:00-00:00,2023-06-21T10:10:00-00:00,2023-06-21,4,TH_NP15_GEN-APND,TH_NP15_GEN-APND,TH_NP15_GEN-APND,RTM,MCE,LMP_ENE_PRC,TH_NP15_GEN-APND,ALL_APNODES,0,31.3488,2,12
2023-06-21T10:10:00-00:00,2023-06-21T10:15:00-00:00,2023-06-21,4,TH_NP15_GEN-APND,TH_NP15_GEN-APND,TH_NP15_GEN-APND,RTM,MCE,LMP_ENE_PRC,TH_NP15_GEN-APND,ALL_APNODES,0,31.3488,3,12
2023-06-21T10:15:00-00:00,2023-06-21T10:20:00-00:00,2023-06-21,4,TH_NP15_GEN-APND,TH_NP15_GEN-APND,TH_NP15_GEN-APND,RTM,MCE,LMP_ENE_PRC,TH_NP15_GEN-APND,ALL_APNODES,0,31.33897,4,12
2023-06-21T10:20:00-00:00,2023-06-21T10:25:00-00:00,2023-06-21,4,TH_NP15_GEN-APND,TH_NP15_GEN-APND,TH_NP15_GEN-APND,RTM,MCE,LMP_ENE_PRC,TH_NP15_GEN-APND,ALL_APNODES,0,31.4883,5,12
2023-06-21T10:25:00-00:00,2023-06-21T10:30:00-00:00,2023-06-21,4,TH_NP15_GEN-APND,TH_NP15_GEN-APND,TH_NP15_GEN-APND,RTM,MCE,LMP_ENE_PRC,TH_NP15_GEN-APND,ALL_APNODES,0,31.3512,6,12
2023-06-21T10:30:00-00:00,2023-06-21T10:35:00-00:00,2023-06-21,4,TH_NP15_GEN-APND,TH_NP15_GEN-APND,TH_NP15_GEN-APND,RTM,MCE,LMP_ENE_PRC,TH_NP15_GEN-APND,ALL_APNODES,0,31.64759,7,12
2023-06-21T10:35:00-00:00,2023-06-21T10:40:00-00:00,2023-06-21,4,TH_NP15_GEN-APND,TH_NP15_GEN-APND,TH_NP15_GEN-APND,RTM,MCE,LMP_ENE_PRC,TH_NP15_GEN-APND,ALL_APNODES,0,31.64759,8,12
2023-06-21T10:40:00-00:00,2023-06-21T10:45:00-00:00,2023-06-21,4,TH_NP15_GEN-APND,TH_NP15_GEN-APND,TH_NP15_GEN-APND,RTM,MCE,LMP_ENE_PRC,TH_NP15_GEN-APND,ALL_APNODES,0,31.64759,9,12
2023-06-21T10:45:00-00:00,2023-06-21T10:50:00-00:00,2023-06-21,4,TH_NP15_GEN-APND,TH_NP15_GEN-APND,TH_NP15_GEN-APND,RTM,MCE,LMP_ENE_PRC,TH_NP15_GEN-APND,ALL_APNODES,0,31.3512,10,12
2023-06-21T10:50:00-00:00,2023-06-21T10:55:00-00:00,2023-06-21,4,TH_NP15_GEN-APND,TH_NP15_GEN-APND,TH_NP15_GEN-APND,RTM,MCE,LMP_ENE_PRC,TH_NP15_GEN-APND,ALL_APNODES,0,31.3488,11,12
2023-06-21T10:55:00-00:00,2023-06-21T11:00:00-00:00,2023-06-21,4,TH_NP15_GEN-APND,TH_NP15_GEN-APND,TH_NP15_GEN-APND,RTM,MCE,LMP_ENE_PRC,TH_NP15_GEN-APND,ALL_APNODES,0,32.22499,12,12
2023-06-21T11:00:00-00:00,2023-06-21T11:05:00-00:00,2023-06-21,5,TH_NP15_GEN-APND,TH_NP15_GEN-APND,TH_NP15_GEN-APND,RTM,MCE,LMP_ENE_PRC,TH_NP15_GEN-APND,ALL_APNODES,0,35.66,1,12
2023-06-21T11:05:00-00:00,2023-06-21T11:10:00-00:00,2023-06-21,5,TH_NP15_GEN-APND,TH_NP15_GEN-APND,TH_NP15_GEN-APND,RTM,MCE,LMP_ENE_PRC,TH_NP15_GEN-APND,ALL_APNODES,0,35.66,2,12
2023-06-21T11:10:00-00:00,2023-06-21T11:15:00-00:00,2023-06-21,5,TH_NP15_GEN-APND,TH_NP15_GEN-APND,TH_NP15_GEN-APND,RTM,MCE,LMP_ENE_PRC,TH_NP15_GEN-APND,ALL_APNODES,0,35.66,3,12
2023-06-21T11:15:00-00:00,2023-06-21T11:20:00-00:00,2023-06-21,5,TH_NP15_GEN-APND,TH_NP15_GEN-APND,TH_NP15_GEN-APND,RTM,MCE,LMP_ENE_PRC,TH_NP15_GEN-APND,ALL_APNODES,0,35.64,4,12
2023-06-21T11:20:00-00:00,2023-06-21T11:25:00-00:00,2023-06-21,5,TH_NP15_GEN-APND,TH_NP15_GEN-APND,TH_NP15_GEN-APND,RTM,MCE,LMP_ENE_PRC,TH_NP15_GEN-APND,ALL_APNODES,0,38.2384,5,12
2023-06-21T11:25:00-00:00,2023-06-21T11:30:00-00:00,2023-06-21,5,TH_NP15_GEN-APND,TH_NP15_GEN-APND,TH_NP15_GEN-APND,RTM,MCE,LMP_ENE_PRC,TH_NP15_GEN-APND,ALL_APNODES,0,40.96,6,12
2023-06-21T11:30:00-00:00,2023-06-21T11:35:00-00:00,2023-06-21,5,TH_NP15_GEN-APND,TH_NP15_GEN-APND,TH_NP15_GEN-APND,RTM,MCE,LMP_ENE_PRC,TH_NP15_GEN-APND,ALL_APNODES,0,41.65268,7,12
2023-06-21T11:35:00-00:00,2023-06-21T11:40:00-00:00,2023-06-21,5,TH_NP15_GEN-APND,TH_NP15_GEN-APND,TH_NP15_GEN-APND,RTM,MCE,LMP_ENE_PRC,TH_NP15_GEN-APND,ALL_APNODES,0,42.02625,8,12
2023-06-21T11:40:00-00:00,2023-06-21T11:45:00-00:00,2023-06-21,5,TH_NP15_GEN-APND,TH_NP15_GEN-APND,TH_NP15_GEN-APND,RTM,MCE,LMP_ENE_PRC,TH_NP15_GEN-APND,ALL_APNODES,0,42.34714,9,12
2023-06-21T11:45:00-00:00,2023-06-21T11:50:00-00:00,2023-06-21,5,TH_NP15_GEN-APND,TH_NP15_GEN-APND,TH_NP15_GEN-APND,RTM,MCE,LMP_ENE_PRC,TH_NP15_GEN-APND,ALL_APNODES,0,50.42324,10,12
2023-06-21T11:50:00-00:00,2023-06-21T11:55:00-00:00,2023-06-21,5,TH_NP15_GEN-APND,TH_NP15_GEN-APND,TH_NP15_GEN-APND,RTM,MCE,LMP_ENE_PRC,TH_NP15_GEN-APND,ALL_APNODES,0,54.43523,11,12
2023-06-21T11:55:00-00:00,2023-06-21T12:00:00-00:00,2023-06-21,5,TH_NP15_GEN-APND,TH_NP15_GEN-APND,TH_NP15_GEN-APND,RTM,MCE,LMP_ENE_PRC,TH_NP15_GEN-APND,ALL_APNODES,0,49.56413,12,12
2023-06-21T12:00:00-00:00,2023-06-21T12:05:00-00:00,2023-06-21,6,TH_NP15_GEN-APND,TH_NP15_GEN-APND,TH_NP15_GEN-APND,RTM,MCE,LMP_ENE_PRC,TH_NP15_GEN-APND,ALL_APNODES,0,56.17239,1,12
2023-06-21T12:05:00-00:00,2023-06-21T12:10:00-00:00,2023-06-21,6,TH_NP15_GEN-APND,TH_NP15_GEN-APND,TH_NP15_GEN-APND,RTM,MCE,LMP_ENE_PRC,TH_NP15_GEN-APND,ALL_APNODES,0,58.03609,2,12
2023-06-21T12:10:00-00:00,2023-06-21T12:15:00-00:00,2023-06-21,6,TH_NP15_GEN-APND,TH_NP15_GEN-APND,TH_NP15_GEN-APND,RTM,MCE,LMP_ENE_PRC,TH_NP15_GEN-APND,ALL_APNODES,0,53.34158,3,12
2023-06-21T12:15:00-00:00,2023-06-21T12:20:00-00:00,2023-06-21,6,TH_NP15_GEN-APND,TH_NP15_GEN-APND,TH_NP15_GEN-APND,RTM,MCE,LMP_ENE_PRC,TH_NP15_GEN-APND,ALL_APNODES,0,67.79158,4,12
2023-06-21T12:20:00-00:00,2023-06-21T12:25:00-00:00,2023-06-21,6,TH_NP15_GEN-APND,TH_NP15_GEN-APND,TH_NP15_GEN-APND,RTM,MCE,LMP_ENE_PRC,TH_NP15_GEN-APND,ALL_APNODES,0,74.34363,5,12
2023-06-21T12:25:00-00:00,2023-06-21T12:30:00-00:00,2023-06-21,6,TH_NP15_GEN-APND,TH_NP15_GEN-APND,TH_NP15_GEN-APND,RTM,MCE,LMP_ENE_PRC,TH_NP15_GEN-APND,ALL_APNODES,0,71.2832,6,12
2023-06-21T12:30:00-00:00,2023-06-21T12:35:00-00:00,2023-06-21,6,TH_NP15_GEN-APND,TH_NP15_GEN-APND,TH_NP15_GEN-APND,RTM,MCE,LMP_ENE_PRC,TH_NP15_GEN-APND,ALL_APNODES,0,73.89847,7,12
2023-06-21T12:35:00-00:00,2023-06-21T12:40:00-00:00,2023-06-21,6,TH_NP15_GEN-APND,TH_NP15_GEN-APND,TH_NP15_GEN-APND,RTM,MCE,LMP_ENE_PRC,TH_NP15_GEN-APND,ALL_APNODES,0,81.83734,8,12
2023-06-21T12:40:00-00:00,2023-06-21T12:45:00-00:00,2023-06-21,6,TH_NP15_GEN-APND,TH_NP15_GEN-APND,TH_NP15_GEN-APND,RTM,MCE,LMP_ENE_PRC,TH_NP15_GEN-APND,ALL_APNODES,0,70.35444,9,12
2023-06-21T12:45:00-00:00,2023-06-21T12:50:00-00:00,2023-06-21,6,TH_NP15_GEN-APND,TH_NP15_GEN-APND,TH_NP15_GEN-APND,RTM,MCE,LMP_ENE_PRC,TH_NP15_GEN-APND,ALL_APNODES,0,62.79373,10,12
2023-06-21T12:50:00-00:00,2023-06-21T12:55:00-00:00,2023-06-21,6,TH_NP15_GEN-APND,TH_NP15_GEN-APND,TH_NP15_GEN-APND,RTM,MCE,LMP_ENE_PRC,TH_NP15_GEN-APND,ALL_APNODES,0,64.21985,11,12
2023-06-21T12:55:00-00:00,2023-06-21T13:00:00-00:00,2023-06-21,6,TH_NP15_GEN-APND,TH_NP15_GEN-APND,TH_NP15_GEN-APND,RTM,MCE,LMP_ENE_PRC,TH_NP15_GEN-APND,ALL_APNODES,0,67.05107,12,12
2023-06-21T13:00:00-00:00,2023-06-21T13:05:00-00:00,2023-06-21,7,TH_NP15_GEN-APND,TH_NP15_GEN-APND,TH_NP15_GEN-APND,RTM,MCE,LMP_ENE_PRC,TH_NP15_GEN-APND,ALL_APNODES,0,60.5712,1,12
2023-06-21T13:05:00-00:00,2023-06-21T13:10:00-00:00,2023-06-21,7,TH_NP15_GEN-APND,TH_NP15_GEN-APND,TH_NP15_GEN-APND,RTM,MCE,LMP_ENE_PRC,TH_NP15_GEN-APND,ALL_APNODES,0,50.56029,2,12
2023-06-21T13:10:00-00:00,2023-06-21T13:15:00-00:00,2023-06-21,7,TH_NP15_GEN-APND,TH_NP15_GEN-APND,TH_NP15_GEN-APND,RTM,MCE,LMP_ENE_PRC,TH_NP15_GEN-APND,ALL_APNODES,0,36.0,3,12
2023-06-21T13:15:00-00:00,2023-06-21T13:20:00-00:00,2023-06-21,7,TH_NP15_GEN-APND,TH_NP15_GEN-APND,TH_NP15_GEN-APND,RTM,MCE,LMP_ENE_PRC,TH_NP15_GEN-APND,ALL_APNODES,0,35.5012,4,12
2023-06-21T13:20:00-00:00,2023-06-21T13:25:00-00:00,2023-06-21,7,TH_NP15_GEN-APND,TH_NP15_GEN-APND,TH_NP15_GEN-APND,RTM,MCE,LMP_ENE_PRC,TH_NP15_GEN-APND,ALL_APNODES,0,36.33284,5,12
2023-06-21T13:25:00-00:00,2023-06-21T13:30:00-00:00,2023-06-21,7,TH_NP15_GEN-APND,TH_NP15_GEN-APND,TH_NP15_GEN-APND,RTM,MCE,LMP_ENE_PRC,TH_NP15_GEN-APND,ALL_APNODES,0,35.64,6,12
2023-06-21T13:30:00-00:00,2023-06-21T13:35:00-00:00,2023-06-21,7,TH_NP15_GEN-APND,TH_NP15_GEN-APND,TH_NP15_GEN-APND,RTM,MCE,LMP_ENE_PRC,TH_NP15_GEN-APND,ALL_APNODES,0,36.33284,7,12
2023-06-21T13:35:00-00:00,2023-06-21T13:40:00-00:00,2023-06-21,7,TH_NP15_GEN-APND,TH_NP15_GEN-APND,TH_NP15_GEN-APND,RTM,MCE,LMP_ENE_PRC,TH_NP15_GEN-APND,ALL_APNODES,0,32.99,8,12
2023-06-21T13:40:00-00:00,2023-06-21T13:45:00-00:00,2023-06-21,7,TH_NP15_GEN-APND,TH_NP15_GEN-APND,TH_NP15_GEN-APND,RTM,MCE,LMP_ENE_PRC,TH_NP15_GEN-APND,ALL_APNODES,0,30.52,9,12
2023-06-21T13:45:00-00:00,2023-06-21T13:50:00-00:00,2023-06-21,7,TH_NP15_GEN-APND,TH_NP15_GEN-APND,TH_NP15_GEN-APND,RTM,MCE,LMP_ENE_PRC,TH_NP15_GEN-APND,ALL_APNODES,0,25.12534,10,12
2023-06-21T13:50:00-00:00,2023-06-21T13:55:00-00:00,2023-06-21,7,TH_NP15_GEN-APND,TH_NP15_GEN-APND,TH_NP15_GEN-APND,RTM,MCE,LMP_ENE_PRC,TH_NP15_GEN-APND,ALL_APNODES,0,25.35886,11,12
2023-06-21T13:55:00-00:00,2023-06-21T14:00:00-00:00,2023-06-21,7,TH_NP15_GEN-APND,TH_NP15_GEN-APND,TH_NP15_GEN-APND,RTM,MCE,LMP_ENE_PRC,TH_NP15_GEN-APND,ALL_APNODES,0,29.7224,12,12
2023-06-21T14:00:00-00:00,2023-06-21T14:05:00-00:00,2023-06-21,8,TH_NP15_GEN-APND,TH_NP15_GEN-APND,TH_NP15_GEN-APND,RTM,MCE,LMP_ENE_PRC,TH_NP15_GEN-APND,ALL_APNODES,0,24.08403,1,12
2023-06-21T14:05:00-00:00,2023-06-21T14:10:00-00:00,2023-06-21,8,TH_NP15_GEN-APND,TH_NP15_GEN-APND,TH_NP15_GEN-APND,RTM,MCE,LMP_ENE_PRC,TH_NP15_GEN-APND,ALL_APNODES,0,38.48091,2,12
2023-06-21T14:10:00-00:00,2023-06-21T14:15:00-00:00,2023-06-21,8,TH_NP15_GEN-APND,TH_NP15_GEN-APND,TH_NP15_GEN-APND,RTM,MCE,LMP_ENE_PRC,TH_NP15_GEN-APND,ALL_APNODES,0,30.54116,3,12
2023-06-21T14:15:00-00:00,2023-06-21T14:20:00-00:00,2023-06-21,8,TH_NP15_GEN-APND,TH_NP15_GEN-APND,TH_NP15_GEN-APND,RTM,MCE,LMP_ENE_PRC,TH_NP15_GEN-APND,ALL_APNODES,0,22.44288,4,12
2023-06-21T14:20:00-00:00,2023-06-21T14:25:00-00:00,2023-06-21,8,TH_NP15_GEN-APND,TH_NP15_GEN-APND,TH_NP15_GEN-APND,RTM,MCE,LMP_ENE_PRC,TH_NP15_GEN-APND,ALL_APNODES,0,27.60738,5,12
2023-06-21T14:25:00-00:00,2023-06-21T14:30:00-00:00,2023-06-21,8,TH_NP15_GEN-APND,TH_NP15_GEN-APND,TH_NP15_GEN-APND,RTM,MCE,LMP_ENE_PRC,TH_NP15_GEN-APND,ALL_APNODES,0,27.77935,6,12
2023-06-21T14:30:00-00:00,2023-06-21T14:35:00-00:00,2023-06-21,8,TH_NP15_GEN-APND,TH_NP15_GEN-APND,TH_NP15_GEN-APND,RTM,MCE,LMP_ENE_PRC,TH_NP15_GEN-APND,ALL_APNODES,0,23.59194,7,12
2023-06-21T14:35:00-00:00,2023-06-21T14:40:00-00:00,2023-06-21,8,TH_NP15_GEN-APND,TH_NP15_GEN-APND,TH_NP15_GEN-APND,RTM,MCE,LMP_ENE_PRC,TH_NP15_GEN-APND,ALL_APNODES,0,23.32003,8,12
2023-06-21T14:40:00-00:00,2023-06-21T14:45:00-00:00,2023-06-21,8,TH_NP15_GEN-APND,TH_NP15_GEN-APND,TH_NP15_GEN-APND,RTM,MCE,LMP_ENE_PRC,TH_NP15_GEN-APND,ALL_APNODES,0,23.0338,9,12
2023-06-21T14:45:00-00:00,2023-06-21T14:50:00-00:00,2023-06-21,8,TH_NP15_GEN-APND,TH_NP15_GEN-APND,TH_NP15_GEN-APND,RTM,MCE,LMP_ENE_PRC,TH_NP15_GEN-APND,ALL_APNODES,0,26.14598,10,12
2023-06-21T14:50:00-00:00,2023-06-21T14:55:00-00:00,2023-06-21,8,TH_NP15_GEN-APND,TH_NP15_GEN-APND,TH_NP15_GEN-APND,RTM,MCE,LMP_ENE_PRC,TH_NP15_GEN-APND,ALL_APNODES,0,24.35631,11,12
2023-06-21T14:55:00-00:00,2023-06-21T15:00:00-00:00,2023-06-21,8,TH_NP15_GEN-APND,TH_NP15_GEN-APND,TH_NP15_GEN-APND,RTM,MCE,LMP_ENE_PRC,TH_NP15_GEN-APND,ALL_APNODES,0,25.55227,12,12
2023-06-21T15:00:00-00:00,2023-06-21T15:05:00-00:00,2023-06-21,9,TH_NP15_GEN-APND,TH_NP15_GEN-APND,TH_NP15_GEN-APND,RTM,MCE,LMP_ENE_PRC,TH_NP15_GEN-APND,ALL_APNODES,0,25.25886,1,12
2023-06-21T15:05:00-00:00,2023-06-21T15:10:00-00:00,2023-06-21,9,TH_NP15_GEN-APND,TH_NP15_GEN-APND,TH_NP15_GEN-APND,RTM,MCE,LMP_ENE_PRC,TH_NP15_GEN-APND,ALL_APNODES,0,25.00061,2,12
2023-06-21T15:10:00-00:00,2023-06-21T15:15:00-00:00,2023-06-21,9,TH_NP15_GEN-APND,TH_NP15_GEN-APND,TH_NP15_GEN-APND,RTM,MCE,LMP_ENE_PRC,TH_NP15_GEN-APND,ALL_APNODES,0,25.76228,3,12
2023-06-21T15:15:00-00:00,2023-06-21T15:20:00-00:00,2023-06-21,9,TH_NP15_GEN-APND,TH_NP15_GEN-APND,TH_NP15_GEN-APND,RTM,MCE,LMP_ENE_PRC,TH_NP15_GEN-APND,ALL_APNODES,0,25.89354,4,12
2023-06-21T15:20:00-00:00,2023-06-21T15:25:00-00:00,2023-06-21,9,TH_NP15_GEN-APND,TH_NP15_GEN-APND,TH_NP15_GEN-APND,RTM,MCE,LMP_ENE_PRC,TH_NP15_GEN-APND,ALL_APNODES,0,26.10052,5,12
2023-06-21T15:25:00-00:00,2023-06-21T15:30:00-00:00,2023-06-21,9,TH_NP15_GEN-APND,TH_NP15_GEN-APND,TH_NP15_GEN-APND,RTM,MCE,LMP_ENE_PRC,TH_NP15_GEN-APND,ALL_APNODES,0,25.22688,6,12
2023-06-21T15:30:00-00:00,2023-06-21T15:35:00-00:00,2023-06-21,9,TH_NP15_GEN-APND,TH_NP15_GEN-APND,TH_NP15_GEN-APND,RTM,MCE,LMP_ENE_PRC,TH_NP15_GEN-APND,ALL_APNODES,0,25.73082,7,12
2023-06-21T15:35:00-00:00,2023-06-21T15:40:00-00:00,2023-06-21,9,TH_NP15_GEN-APND,TH_NP15_GEN-APND,TH_NP15_GEN-APND,RTM,MCE,LMP_ENE_PRC,TH_NP15_GEN-APND,ALL_APNODES,0,25.65908,8,12
2023-06-21T15:40:00-00:00,2023-06-21T15:45:00-00:00,2023-06-21,9,TH_NP15_GEN-APND,TH_NP15_GEN-APND,TH_NP15_GEN-APND,RTM,MCE,LMP_ENE_PRC,TH_NP15_GEN-APND,ALL_APNODES,0,24.72396,9,12
2023-06-21T15:45:00-00:00,2023-06-21T15:50:00-00:00,2023-06-21,9,TH_NP15_GEN-APND,TH_NP15_GEN-APND,TH_NP15_GEN-APND,RTM,MCE,LMP_ENE_PRC,TH_NP15_GEN-APND,ALL_APNODES,0,24.35322,10,12
2023-06-21T15:50:00-00:00,2023-06-21T15:55:00-00:00,2023-06-21,9,TH_NP15_GEN-APND,TH_NP15_GEN-APND,TH_NP15_GEN-APND,RTM,MCE,LMP_ENE_PRC,TH_NP15_GEN-APND,ALL_APNODES,0,23.26779,11,12
2023-06-21T15:55:00-00:00,2023-06-21T16:00:00-00:00,2023-06-21,9,TH_NP15_GEN-APND,TH_NP15_GEN-APND,TH_NP15_GEN-APND,RTM,MCE,LMP_ENE_PRC,TH_NP15_GEN-APND,ALL_APNODES,0,23.22521,12,12
2023-06-21T16:00:00-00:00,2023-06-21T16:05:00-00:00,2023-06-21,10,TH_NP15_GEN-APND,TH_NP15_GEN-APND,TH_NP15_GEN-APND,RTM,MCE,LMP_ENE_PRC,TH_NP15_GEN-APND,ALL_APNODES,0,24.94351,1,12
2023-06-21T16:05:00-00:00,2023-06-21T16:10:00-00:00,2023-06-21,10,TH_NP15_GEN-APND,TH_NP15_GEN-APND,TH_NP15_GEN-APND,RTM,MCE,LMP_ENE_PRC,TH_NP15_GEN-APND,ALL_APNODES,0,24.89853,2,12
2023-06-21T16:10:00-00:00,2023-06-21T16:15:00-00:00,2023-06-21,10,TH_NP15_GEN-APND,TH_NP15_GEN-APND,TH_NP15_GEN-APND,RTM,MCE,LMP_ENE_PRC,TH_NP15_GEN-APND,ALL_APNODES,0,28.05922,3,12
2023-06-21T16:15:00-00:00,2023-06-21T16:20:00-00:00,2023-06-21,10,TH_NP15_GEN-APND,TH_NP15_GEN-APND,TH_NP15_GEN-APND,RTM,MCE,LMP_ENE_PRC,TH_NP15_GEN-APND,ALL_APNODES,0,28.4057,4,12
2023-06-21T16:20:00-00:00,2023-06-21T16:25:00-00:00,2023-06-21,10,TH_NP15_GEN-APND,TH_NP15_GEN-APND,TH_NP15_GEN-APND,RTM,MCE,LMP_ENE_PRC,TH_NP15_GEN-APND,ALL_APNODES,0,27.55549,5,12
2023-06-21T16:25:00-00:00,2023-06-21T16:30:00-00:00,2023-06-21,10,TH_NP15_GEN-APND,TH_NP15_GEN-APND,TH_NP15_GEN-APND,RTM,MCE,LMP_ENE_PRC,TH_NP15_GEN-APND,ALL_APNODES,0,27.7683,6,12
2023-06-21T16:30:00-00:00,2023-06-21T16:35:00-00:00,2023-06-21,10,TH_NP15_GEN-APND,TH_NP15_GEN-APND,TH_NP15_GEN-APND,RTM,MCE,LMP_ENE_PRC,TH_NP15_GEN-APND,ALL_APNODES,0,30.46331,7,12
2023-06-21T16:35:00-00:00,2023-06-21T16:40:00-00:00,2023-06-21,10,TH_NP15_GEN-APND,TH_NP15_GEN-APND,TH_NP15_GEN-APND,RTM,MCE,LMP_ENE_PRC,TH_NP15_GEN-APND,ALL_APNODES,0,28.84886,8,12
2023-06-21T16:40:00-00:00,2023-06-21T16:45:00-00:00,2023-06-21,10,TH_NP15_GEN-APND,TH_NP15_GEN-APND,TH_NP15_GEN-APND,RTM,MCE,LMP_ENE_PRC,TH_NP15_GEN-APND,ALL_APNODES,0,27.8631,9,12
2023-06-21T16:45:00-00:00,2023-06-21T16:50:00-00:00,2023-06-21,10,TH_NP15_GEN-APND,TH_NP15_GEN-APND,TH_NP15_GEN-APND,RTM,MCE,LMP_ENE_PRC,TH_NP15_GEN-APND,ALL_APNODES,0,27.94211,10,12
2023-06-21T16:50:00-00:00,2023-06-21T16:55:00-00:00,2023-06-21,10,TH_NP15_GEN-APND,TH_NP15_GEN-APND,TH_NP15_GEN-APND,RTM,MCE,LMP_ENE_PRC,TH_NP15_GEN-APND,ALL_APNODES,0,26.86107,11,12
2023-06-21T16:55:00-00:00,2023-06-21T17:00:00-00:00,2023-06-21,10,TH_NP15_GEN-APND,TH_NP15_GEN-APND,TH_NP15_GEN-APND,RTM,MCE,LMP_ENE_PRC,TH_NP15_GEN-APND,ALL_APNODES,0,26.86251,12,12
2023-06-21T17:00:00-00:00,2023-06-21T17:05:00-00:00,2023-06-21,11,TH_NP15_GEN-APND,TH_NP15_GEN-APND,TH_NP15_GEN-APND,RTM,MCE,LMP_ENE_PRC,TH_NP15_GEN-APND,ALL_APNODES,0,30.07009,1,12
2023-06-21T17:05:00-00:00,2023-06-21T17:10:00-00:00,2023-06-21,11,TH_NP15_GEN-APND,TH_NP15_GEN-APND,TH_NP15_GEN-APND,RTM,MCE,LMP_ENE_PRC,TH_NP15_GEN-APND,ALL_APNODES,0,30.40588,2,12
2023-06-21T17:10:00-00:00,2023-06-21T17:15:00-00:00,2023-06-21,11,TH_NP15_GEN-APND,TH_NP15_GEN-APND,TH_NP15_GEN-APND,RTM,MCE,LMP_ENE_PRC,TH_NP15_GEN-APND,ALL_APNODES,0,27.95514,3,12
2023-06-21T17:15:00-00:00,2023-06-21T17:20:00-00:00,2023-06-21,11,TH_NP15_GEN-APND,TH_NP15_GEN-APND,TH_NP15_GEN-APND,RTM,MCE,LMP_ENE_PRC,TH_NP15_GEN-APND,ALL_APNODES,0,27.49783,4,12
2023-06-21T17:20:00-00:00,2023-06-21T17:25:00-00:00,2023-06-21,11,TH_NP15_GEN-APND,TH_NP15_GEN-APND,TH_NP15_GEN-APND,RTM,MCE,LMP_ENE_PRC,TH_NP15_GEN-APND,ALL_APNODES,0,27.49212,5,12
2023-06-21T17:25:00-00:00,2023-06-21T17:30:00-00:00,2023-06-21,11,TH_NP15_GEN-APND,TH_NP15_GEN-APND,TH_NP15_GEN-APND,RTM,MCE,LMP_ENE_PRC,TH_NP15_GEN-APND,ALL_APNODES,0,29.86355,6,12
2023-06-21T17:30:00-00:00,2023-06-21T17:35:00-00:00,2023-06-21,11,TH_NP15_GEN-APND,TH_NP15_GEN-APND,TH_NP15_GEN-APND,RTM,MCE,LMP_ENE_PRC,TH_NP15_GEN-APND,ALL_APNODES,0,26.52441,7,12
2023-06-21T17:35:00-00:00,2023-06-21T17:40:00-00:00,2023-06-21,11,TH_NP15_GEN-APND,TH_NP15_GEN-APND,TH_NP15_GEN-APND,RTM,MCE,LMP_ENE_PRC,TH_NP15_GEN-APND,ALL_APNODES,0,25.32354,8,12
2023-06-21T17:40:00-00:00,2023-06-21T17:45:00-00:00,2023-06-21,11,TH_NP15_GEN-APND,TH_NP15_GEN-APND,TH_NP15_GEN-APND,RTM,MCE,LMP_ENE_PRC,TH_NP15_GEN-APND,ALL_APNODES,0,24.03462,9,12
2023-06-21T17:45:00-00:00,2023-06-21T17:50:00-00:00,2023-06-21,11,TH_NP15_GEN-APND,TH_NP15_GEN-APND,TH_NP15_GEN-APND,RTM,MCE,LMP_ENE_PRC,TH_NP15_GEN-APND,ALL_APNODES,0,24.01986,10,12
2023-06-21T17:50:00-00:00,2023-06-21T17:55:00-00:00,2023-06-21,11,TH_NP15_GEN-APND,TH_NP15_GEN-APND,TH_NP15_GEN-APND,RTM,MCE,LMP_ENE_PRC,TH_NP15_GEN-APND,ALL_APNODES,0,25.21114,11,12
2023-06-21T17:55:00-00:00,2023-06-21T18:00:00-00:00,2023-06-21,11,TH_NP15_GEN-APND,TH_NP15_GEN-APND,TH_NP15_GEN-APND,RTM,MCE,LMP_ENE_PRC,TH_NP15_GEN-APND,ALL_APNODES,0,24.41515,12,12
2023-06-21T18:00:00-00:00,2023-06-21T18:05:00-00:00,2023-06-21,12,TH_NP15_GEN-APND,TH_NP15_GEN-APND,TH_NP15_GEN-APND,RTM,MCE,LMP_ENE_PRC,TH_NP15_GEN-APND,ALL_APNODES,0,23.32444,1,12
2023-06-21T18:05:00-00:00,2023-06-21T18:10:00-00:00,2023-06-21,12,TH_NP15_GEN-APND,TH_NP15_GEN-APND,TH_NP15_GEN-APND,RTM,MCE,LMP_ENE_PRC,TH_NP15_GEN-APND,ALL_APNODES,0,22.83194,2,12
2023-06-21T18:10:00-00:00,2023-06-21T18:15:00-00:00,2023-06-21,12,TH_NP15_GEN-APND,TH_NP15_GEN-APND,TH_NP15_GEN-APND,RTM,MCE,LMP_ENE_PRC,TH_NP15_GEN-APND,ALL_APNODES,0,22.83194,3,12
2023-06-21T18:15:00-00:00,2023-06-21T18:20:00-00:00,2023-06-21,12,TH_NP15_GEN-APND,TH_NP15_GEN-APND,TH_NP15_GEN-APND,RTM,MCE,LMP_ENE_PRC,TH_NP15_GEN-APND,ALL_APNODES,0,20.06913,4,12
2023-06-21T18:20:00-00:00,2023-06-21T18:25:00-00:00,2023-06-21,12,TH_NP15_GEN-APND,TH_NP15_GEN-APND,TH_NP15_GEN-APND,RTM,MCE,LMP_ENE_PRC,TH_NP15_GEN-APND,ALL_APNODES,0,18.55162,5,12
2023-06-21T18:25:00-00:00,2023-06-21T18:30:00-00:00,2023-06-21,12,TH_NP15_GEN-APND,TH_NP15_GEN-APND,TH_NP15_GEN-APND,RTM,MCE,LMP_ENE_PRC,TH_NP15_GEN-APND,ALL_APNODES,0,23.01683,6,12
2023-06-21T18:30:00-00:00,2023-06-21T18:35:00-00:00,2023-06-21,12,TH_NP15_GEN-APND,TH_NP15_GEN-APND,TH_NP15_GEN-APND,RTM,MCE,LMP_ENE_PRC,TH_NP15_GEN-APND,ALL_APNODES,0,23.57558,7,12
2023-06-21T18:35:00-00:00,2023-06-21T18:40:00-00:00,2023-06-21,12,TH_NP15_GEN-APND,TH_NP15_GEN-APND,TH_NP15_GEN-APND,RTM,MCE,LMP_ENE_PRC,TH_NP15_GEN-APND,ALL_APNODES,0,23.35282,8,12
2023-06-21T18:40:00-00:00,2023-06-21T18:45:00-00:00,2023-06-21,12,TH_NP15_GEN-APND,TH_NP15_GEN-APND,TH_NP15_GEN-APND,RTM,MCE,LMP_ENE_PRC,TH_NP15_GEN-APND,ALL_APNODES,0,23.49996,9,12
2023-06-21T18:45:00-00:00,2023-06-21T18:50:00-00:00,2023-06-21,12,TH_NP15_GEN-APND,TH_NP15_GEN-APND,TH_NP15_GEN-APND,RTM,MCE,LMP_ENE_PRC,TH_NP15_GEN-APND,ALL_APNODES,0,21.14821,10,12
2023-06-21T18:50:00-00:00,2023-06-21T18:55:00-00:00,2023-06-21,12,TH_NP15_GEN-APND,TH_NP15_GEN-APND,TH_NP15_GEN-APND,RTM,MCE,LMP_ENE_PRC,TH_NP15_GEN-APND,ALL_APNODES,0,25.68376,11,12
2023-06-21T18:55:00-00:00,2023-06-21T19:00:00-00:00,2023-06-21,12,TH_NP15_GEN-APND,TH_NP15_GEN-APND,TH_NP15_GEN-APND,RTM,MCE,LMP_ENE_PRC,TH_NP15_GEN-APND,ALL_APNODES,0,27.07469,12,12
2023-06-21T19:00:00-00:00,2023-06-21T19:05:00-00:00,2023-06-21,13,TH_NP15_GEN-APND,TH_NP15_GEN-APND,TH_NP15_GEN-APND,RTM,MCE,LMP_ENE_PRC,TH_NP15_GEN-APND,ALL_APNODES,0,26.8566,1,12
2023-06-21T19:05:00-00:00,2023-06-21T19:10:00-00:00,2023-06-21,13,TH_NP15_GEN-APND,TH_NP15_GEN-APND,TH_NP15_GEN-APND,RTM,MCE,LMP_ENE_PRC,TH_NP15_GEN-APND,ALL_APNODES,0,26.90302,2,12
2023-06-21T19:10:00-00:00,2023-06-21T19:15:00-00:00,2023-06-21,13,TH_NP15_GEN-APND,TH_NP15_GEN-APND,TH_NP15_GEN-APND,RTM,MCE,LMP_ENE_PRC,TH_NP15_GEN-APND,ALL_APNODES,0,26.25322,3,12
2023-06-21T19:15:00-00:00,2023-06-21T19:20:00-00:00,2023-06-21,13,TH_NP15_GEN-APND,TH_NP15_GEN-APND,TH_NP15_GEN-APND,RTM,MCE,LMP_ENE_PRC,TH_NP15_GEN-APND,ALL_APNODES,0,26.02873,4,12
2023-06-21T19:20:00-00:00,2023-06-21T19:25:00-00:00,2023-06-21,13,TH_NP15_GEN-APND,TH_NP15_GEN-APND,TH_NP15_GEN-APND,RTM,MCE,LMP_ENE_PRC,TH_NP15_GEN-APND,ALL_APNODES,0,25.8605,5,12
2023-06-21T19:25:00-00:00,2023-06-21T19:30:00-00:00,2023-06-21,13,TH_NP15_GEN-APND,TH_NP15_GEN-APND,TH_NP15_GEN-APND,RTM,MCE,LMP_ENE_PRC,TH_NP15_GEN-APND,ALL_APNODES,0,25.8392,6,12
2023-06-21T19:30:00-00:00,2023-06-21T19:35:00-00:00,2023-06-21,13,TH_NP15_GEN-APND,TH_NP15_GEN-APND,TH_NP15_GEN-APND,RTM,MCE,LMP_ENE_PRC,TH_NP15_GEN-APND,ALL_APNODES,0,25.02701,7,12
2023-06-21T19:35:00-00:00,2023-06-21T19:40:00-00:00,2023-06-21,13,TH_NP15_GEN-APND,TH_NP15_GEN-APND,TH_NP15_GEN-APND,RTM,MCE,LMP_ENE_PRC,TH_NP15_GEN-APND,ALL_APNODES,0,25.02701,8,12
2023-06-21T19:40:00-00:00,2023-06-21T19:45:00-00:00,2023-06-21,13,TH_NP15_GEN-APND,TH_NP15_GEN-APND,TH_NP15_GEN-APND,RTM,MCE,LMP_ENE_PRC,TH_NP15_GEN-APND,ALL_APNODES,0,25.12922,9,12
2023-06-21T19:45:00-00:00,2023-06-21T19:50:00-00:00,2023-06-21,13,TH_NP15_GEN-APND,TH_NP15_GEN-APND,TH_NP15_GEN-APND,RTM,MCE,LMP_ENE_PRC,TH_NP15_GEN-APND,ALL_APNODES,0,25.45574,10,12
2023-06-21T19:50:00-00:00,2023-06-21T19:55:00-00:00,2023-06-21,13,TH_NP15_GEN-APND,TH_NP15_GEN-APND,TH_NP15_GEN-APND,RTM,MCE,LMP_ENE_PRC,TH_NP15_GEN-APND,ALL_APNODES,0,25.27464,11,12
2023-06-21T19:55:00-00:00,2023-06-21T20:00:00-00:00,2023-06-21,13,TH_NP15_GEN-APND,TH_NP15_GEN-APND,TH_NP15_GEN-APND,RTM,MCE,LMP_ENE_PRC,TH_NP15_GEN-APND,ALL_APNODES,0,24.38453,12,12
2023-06-21T20:00:00-00:00,2023-06-21T20:05:00-00:00,2023-06-21,14,TH_NP15_GEN-APND,TH_NP15_GEN-APND,TH_NP15_GEN-APND,RTM,MCE,LMP_ENE_PRC,TH_NP15_GEN-APND,ALL_APNODES,0,18.85,1,12
2023-06-21T20:05:00-00:00,2023-06-21T20:10:00-00:00,2023-06-21,14,TH_NP15_GEN-APND,TH_NP15_GEN-APND,TH_NP15_GEN-APND,RTM,MCE,LMP_ENE_PRC,TH_NP15_GEN-APND,ALL_APNODES,0,17.8,2,12
2023-06-21T20:10:00-00:00,2023-06-21T20:15:00-00:00,2023-06-21,14,TH_NP15_GEN-APND,TH_NP15_GEN-APND,TH_NP15_GEN-APND,RTM,MCE,LMP_ENE_PRC,TH_NP15_GEN-APND,ALL_APNODES,0,18.5824,3,12
2023-06-21T20:15:00-00:00,2023-06-21T20:20:00-00:00,2023-06-21,14,TH_NP15_GEN-APND,TH_NP15_GEN-APND,TH_NP15_GEN-APND,RTM,MCE,LMP_ENE_PRC,TH_NP15_GEN-APND,ALL_APNODES,0,15.31093,4,12
2023-06-21T20:20:00-00:00,2023-06-21T20:25:00-00:00,2023-06-21,14,TH_NP15_GEN-APND,TH_NP15_GEN-APND,TH_NP15_GEN-APND,RTM,MCE,LMP_ENE_PRC,TH_NP15_GEN-APND,ALL_APNODES,0,18.0052,5,12
2023-06-21T20:25:00-00:00,2023-06-21T20:30:00-00:00,2023-06-21,14,TH_NP15_GEN-APND,TH_NP15_GEN-APND,TH_NP15_GEN-APND,RTM,MCE,LMP_ENE_PRC,TH_NP15_GEN-APND,ALL_APNODES,0,17.89,6,12
2023-06-21T20:30:00-00:00,2023-06-21T20:35:00-00:00,2023-06-21,14,TH_NP15_GEN-APND,TH_NP15_GEN-APND,TH_NP15_GEN-APND,RTM,MCE,LMP_ENE_PRC,TH_NP15_GEN-APND,ALL_APNODES,0,20.61836,7,12
2023-06-21T20:35:00-00:00,2023-06-21T20:40:00-00:00,2023-06-21,14,TH_NP15_GEN-APND,TH_NP15_GEN-APND,TH_NP15_GEN-APND,RTM,MCE,LMP_ENE_PRC,TH_NP15_GEN-APND,ALL_APNODES,0,22.99546,8,12
2023-06-21T20:40:00-00:00,2023-06-21T20:45:00-00:00,2023-06-21,14,TH_NP15_GEN-APND,TH_NP15_GEN-APND,TH_NP15_GEN-APND,RTM,MCE,LMP_ENE_PRC,TH_NP15_GEN-APND,ALL_APNODES,0,23.00638,9,12
2023-06-21T20:45:00-00:00,2023-06-21T20:50:00-00:00,2023-06-21,14,TH_NP15_GEN-APND,TH_NP15_GEN-APND,TH_NP15_GEN-APND,RTM,MCE,LMP_ENE_PRC,TH_NP15_GEN-APND,ALL_APNODES,0,20.94252,10,12
2023-06-21T20:50:00-00:00,2023-06-21T20:55:00-00:00,2023-06-21,14,TH_NP15_GEN-APND,TH_NP15_GEN-APND,TH_NP15_GEN-APND,RTM,MCE,LMP_ENE_PRC,TH_NP15_GEN-APND,ALL_APNODES,0,17.89,11,12
2023-06-21T20:55:00-00:00,2023-06-21T21:00:00-00:00,2023-06-21,14,TH_NP15_GEN-APND,TH_NP15_GEN-APND,TH_NP15_GEN-APND,RTM,MCE,LMP_ENE_PRC,TH_NP15_GEN-APND,ALL_APNODES,0,18.27712,12,12
2023-06-21T21:00:00-00:00,2023-06-21T21:05:00-00:00,2023-06-21,15,TH_NP15_GEN-APND,TH_NP15_GEN-APND,TH_NP15_GEN-APND,RTM,MCE,LMP_ENE_PRC,TH_NP15_GEN-APND,ALL_APNODES,0,20.69355,1,12
2023-06-21T21:05:00-00:00,2023-06-21T21:10:00-00:00,2023-06-21,15,TH_NP15_GEN-APND,TH_NP15_GEN-APND,TH_NP15_GEN-APND,RTM,MCE,LMP_ENE_PRC,TH_NP15_GEN-APND,ALL_APNODES,0,21.68592,2,12
2023-06-21T21:10:00-00:00,2023-06-21T21:15:00-00:00,2023-06-21,15,TH_NP15_GEN-APND,TH_NP15_GEN-APND,TH_NP15_GEN-APND,RTM,MCE,LMP_ENE_PRC,TH_NP15_GEN-APND,ALL_APNODES,0,23.46051,3,12
2023-06-21T21:15:00-00:00,2023-06-21T21:20:00-00:00,2023-06-21,15,TH_NP15_GEN-APND,TH_NP15_GEN-APND,TH_NP15_GEN-APND,RTM,MCE,LMP_ENE_PRC,TH_NP15_GEN-APND,ALL_APNODES,0,18.85,4,12
2023-06-21T21:20:00-00:00,2023-06-21T21:25:00-00:00,2023-06-21,15,TH_NP15_GEN-APND,TH_NP15_GEN-APND,TH_NP15_GEN-APND,RTM,MCE,LMP_ENE_PRC,TH_NP15_GEN-APND,ALL_APNODES,0,18.58,5,12
2023-06-21T21:25:00-00:00,2023-06-21T21:30:00-00:00,2023-06-21,15,TH_NP15_GEN-APND,TH_NP15_GEN-APND,TH_NP15_GEN-APND,RTM,MCE,LMP_ENE_PRC,TH_NP15_GEN-APND,ALL_APNODES,0,18.79767,6,12
2023-06-21T21:30:00-00:00,2023-06-21T21:35:00-00:00,2023-06-21,15,TH_NP15_GEN-APND,TH_NP15_GEN-APND,TH_NP15_GEN-APND,RTM,MCE,LMP_ENE_PRC,TH_NP15_GEN-APND,ALL_APNODES,0,18.58,7,12
2023-06-21T21:35:00-00:00,2023-06-21T21:40:00-00:00,2023-06-21,15,TH_NP15_GEN-APND,TH_NP15_GEN-APND,TH_NP15_GEN-APND,RTM,MCE,LMP_ENE_PRC,TH_NP15_GEN-APND,ALL_APNODES,0,18.85,8,12
2023-06-21T21:40:00-00:00,2023-06-21T21:45:00-00:00,2023-06-21,15,TH_NP15_GEN-APND,TH_NP15_GEN-APND,TH_NP15_GEN-APND,RTM,MCE,LMP_ENE_PRC,TH_NP15_GEN-APND,ALL_APNODES,0,23.98731,9,12
2023-06-21T21:45:00-00:00,2023-06-21T21:50:00-00:00,2023-06-21,15,TH_NP15_GEN-APND,TH_NP15_GEN-APND,TH_NP15_GEN-APND,RTM,MCE,LMP_ENE_PRC,TH_NP15_GEN-APND,ALL_APNODES,0,24.00808,10,12
2023-06-21T21:50:00-00:00,2023-06-21T21:55:00-00:00,2023-06-21,15,TH_NP15_GEN-APND,TH_NP15_GEN-APND,TH_NP15_GEN-APND,RTM,MCE,LMP_ENE_PRC,TH_NP15_GEN-APND,ALL_APNODES,0,24.55997,11,12
2023-06-21T21:55:00-00:00,2023-06-21T22:00:00-00:00,2023-06-21,15,TH_NP15_GEN-APND,TH_NP15_GEN-APND,TH_NP15_GEN-APND,RTM,MCE,LMP_ENE_PRC,TH_NP15_GEN-APND,ALL_APNODES,0,23.7679,12,12
2023-06-21T22:00:00-00:00,2023-06-21T22:05:00-00:00,2023-06-21,16,TH_NP15_GEN-APND,TH_NP15_GEN-APND,TH_NP15_GEN-APND,RTM,MCE,LMP_ENE_PRC,TH_NP15_GEN-APND,ALL_APNODES,0,20.35794,1,12
2023-06-21T22:05:00-00:00,2023-06-21T22:10:00-00:00,2023-06-21,16,TH_NP15_GEN-APND,TH_NP15_GEN-APND,TH_NP15_GEN-APND,RTM,MCE,LMP_ENE_PRC,TH_NP15_GEN-APND,ALL_APNODES,0,21.13081,2,12
2023-06-21T22:10:00-00:00,2023-06-21T22:15:00-00:00,2023-06-21,16,TH_NP15_GEN-APND,TH_NP15_GEN-APND,TH_NP15_GEN-APND,RTM,MCE,LMP_ENE_PRC,TH_NP15_GEN-APND,ALL_APNODES,0,23.8016,3,12
2023-06-21T22:15:00-00:00,2023-06-21T22:20:00-00:00,2023-06-21,16,TH_NP15_GEN-APND,TH_NP15_GEN-APND,TH_NP15_GEN-APND,RTM,MCE,LMP_ENE_PRC,TH_NP15_GEN-APND,ALL_APNODES,0,23.52389,4,12
2023-06-21T22:20:00-00:00,2023-06-21T22:25:00-00:00,2023-06-21,16,TH_NP15_GEN-APND,TH_NP15_GEN-APND,TH_NP15_GEN-APND,RTM,MCE,LMP_ENE_PRC,TH_NP15_GEN-APND,ALL_APNODES,0,23.70824,5,12
2023-06-21T22:25:00-00:00,2023-06-21T22:30:00-00:00,2023-06-21,16,TH_NP15_GEN-APND,TH_NP15_GEN-APND,TH_NP15_GEN-APND,RTM,MCE,LMP_ENE_PRC,TH_NP15_GEN-APND,ALL_APNODES,0,27.64455,6,12
2023-06-21T22:30:00-00:00,2023-06-21T22:35:00-00:00,2023-06-21,16,TH_NP15_GEN-APND,TH_NP15_GEN-APND,TH_NP15_GEN-APND,RTM,MCE,LMP_ENE_PRC,TH_NP15_GEN-APND,ALL_APNODES,0,22.24742,7,12
2023-06-21T22:35:00-00:00,2023-06-21T22:40:00-00:00,2023-06-21,16,TH_NP15_GEN-APND,TH_NP15_GEN-APND,TH_NP15_GEN-APND,RTM,MCE,LMP_ENE_PRC,TH_NP15_GEN-APND,ALL_APNODES,0,22.75803,8,12
2023-06-21T22:40:00-00:00,2023-06-21T22:45:00-00:00,2023-06-21,16,TH_NP15_GEN-APND,TH_NP15_GEN-APND,TH_NP15_GEN-APND,RTM,MCE,LMP_ENE_PRC,TH_NP15_GEN-APND,ALL_APNODES,0,24.53132,9,12
2023-06-21T22:45:00-00:00,2023-06-21T22:50:00-00:00,2023-06-21,16,TH_NP15_GEN-APND,TH_NP15_GEN-APND,TH_NP15_GEN-APND,RTM,MCE,LMP_ENE_PRC,TH_NP15_GEN-APND,ALL_APNODES,0,28.75898,10,12
2023-06-21T22:50:00-00:00,2023-06-21T22:55:00-00:00,2023-06-21,16,TH_NP15_GEN-APND,TH_NP15_GEN-APND,TH_NP15_GEN-APND,RTM,MCE,LMP_ENE_PRC,TH_NP15_GEN-APND,ALL_APNODES,0,30.06915,11,12
2023-06-21T22:55:00-00:00,2023-06-21T23:00:00-00:00,2023-06-21,16,TH_NP15_GEN-APND,TH_NP15_GEN-APND,TH_NP15_GEN-APND,RTM,MCE,LMP_ENE_PRC,TH_NP15_GEN-APND,ALL_APNODES,0,29.95996,12,12
2023-06-21T23:00:00-00:00,2023-06-21T23:05:00-00:00,2023-06-21,17,TH_NP15_GEN-APND,TH_NP15_GEN-APND,TH_NP15_GEN-APND,RTM,MCE,LMP_ENE_PRC,TH_NP15_GEN-APND,ALL_APNODES,0,27.53486,1,12
2023-06-21T23:05:00-00:00,2023-06-21T23:10:00-00:00,2023-06-21,17,TH_NP15_GEN-APND,TH_NP15_GEN-APND,TH_NP15_GEN-APND,RTM,MCE,LMP_ENE_PRC,TH_NP15_GEN-APND,ALL_APNODES,0,25.21976,2,12
2023-06-21T23:10:00-00:00,2023-06-21T23:15:00-00:00,2023-06-21,17,TH_NP15_GEN-APND,TH_NP15_GEN-APND,TH_NP15_GEN-APND,RTM,MCE,LMP_ENE_PRC,TH_NP15_GEN-APND,ALL_APNODES,0,23.44066,3,12
2023-06-21T23:15:00-00:00,2023-06-21T23:20:00-00:00,2023-06-21,17,TH_NP15_GEN-APND,TH_NP15_GEN-APND,TH_NP15_GEN-APND,RTM,MCE,LMP_ENE_PRC,TH_NP15_GEN-APND,ALL_APNODES,0,22.05465,4,12
2023-06-21T23:20:00-00:00,2023-06-21T23:25:00-00:00,2023-06-21,17,TH_NP15_GEN-APND,TH_NP15_GEN-APND,TH_NP15_GEN-APND,RTM,MCE,LMP_ENE_PRC,TH_NP15_GEN-APND,ALL_APNODES,0,23.25375,5,12
2023-06-21T23:25:00-00:00,2023-06-21T23:30:00-00:00,2023-06-21,17,TH_NP15_GEN-APND,TH_NP15_GEN-APND,TH_NP15_GEN-APND,RTM,MCE,LMP_ENE_PRC,TH_NP15_GEN-APND,ALL_APNODES,0,24.10683,6,12
2023-06-21T23:30:00-00:00,2023-06-21T23:35:00-00:00,2023-06-21,17,TH_NP15_GEN-APND,TH_NP15_GEN-APND,TH_NP15_GEN-APND,RTM,MCE,LMP_ENE_PRC,TH_NP15_GEN-APND,ALL_APNODES,0,26.18053,7,12
2023-06-21T23:35:00-00:00,2023-06-21T23:40:00-00:00,2023-06-21,17,TH_NP15_GEN-APND,TH_NP15_GEN-APND,TH_NP15_GEN-APND,RTM,MCE,LMP_ENE_PRC,TH_NP15_GEN-APND,ALL_APNODES,0,26.40972,8,12
2023-06-21T23:40:00-00:00,2023-06-21T23:45:00-00:00,2023-06-21,17,TH_NP15_GEN-APND,TH_NP15_GEN-APND,TH_NP15_GEN-APND,RTM,MCE,LMP_ENE_PRC,TH_NP15_GEN-APND,ALL_APNODES,0,26.19246,9,12
2023-06-21T23:45:00-00:00,2023-06-21T23:50:00-00:00,2023-06-21,17,TH_NP15_GEN-APND,TH_NP15_GEN-APND,TH_NP15_GEN-APND,RTM,MCE,LMP_ENE_PRC,TH_NP15_GEN-APND,ALL_APNODES,0,26.74567,10,12
2023-06-21T23:50:00-00:00,2023-06-21T23:55:00-00:00,2023-06-21,17,TH_NP15_GEN-APND,TH_NP15_GEN-APND,TH_NP15_GEN-APND,RTM,MCE,LMP_ENE_PRC,TH_NP15_GEN-APND,ALL_APNODES,0,27.32806,11,12
2023-06-21T23:55:00-00:00,2023-06-22T00:00:00-00:00,2023-06-21,17,TH_NP15_GEN-APND,TH_NP15_GEN-APND,TH_NP15_GEN-APND,RTM,MCE,LMP_ENE_PRC,TH_NP15_GEN-APND,ALL_APNODES,0,28.05724,12,12
2023-06-21T07:00:00-00:00,2023-06-21T07:05:00-00:00,2023-06-21,1,TH_NP15_GEN-APND,TH_NP15_GEN-APND,TH_NP15_GEN-APND,RTM,MGHG,LMP_GHG_PRC,TH_NP15_GEN-APND,ALL_APNODES,0,0.0,1,13
2023-06-21T07:05:00-00:00,2023-06-21T07:10:00-00:00,2023-06-21,1,TH_NP15_GEN-APND,TH_NP15_GEN-APND,TH_NP15_GEN-APND,RTM,MGHG,LMP_GHG_PRC,TH_NP15_GEN-APND,ALL_APNODES,0,0.0,2,13
2023-06-21T07:10:00-00:00,2023-06-21T07:15:00-00:00,2023-06-21,1,TH_NP15_GEN-APND,TH_NP15_GEN-APND,TH_NP15_GEN-APND,RTM,MGHG,LMP_GHG_PRC,TH_NP15_GEN-APND,ALL_APNODES,0,0.0,3,13
2023-06-21T07:15:00-00:00,2023-06-21T07:20:00-00:00,2023-06-21,1,TH_NP15_GEN-APND,TH_NP15_GEN-APND,TH_NP15_GEN-APND,RTM,MGHG,LMP_GHG_PRC,TH_NP15_GEN-APND,ALL_APNODES,0,0.0,4,13
2023-06-21T07:20:00-00:00,2023-06-21T07:25:00-00:00,2023-06-21,1,TH_NP15_GEN-APND,TH_NP15_GEN-APND,TH_NP15_GEN-APND,RTM,MGHG,LMP_GHG_PRC,TH_NP15_GEN-APND,ALL_APNODES,0,0.0,5,13
2023-06-21T07:25:00-00:00,2023-06-21T07:30:00-00:00,2023-06-21,1,TH_NP15_GEN-APND,TH_NP15_GEN-APND,TH_NP15_GEN-APND,RTM,MGHG,LMP_GHG_PRC,TH_NP15_GEN-APND,ALL_APNODES,0,0.0,6,13
2023-06-21T07:30:00-00:00,2023-06-21T07:35:00-00:00,2023-06-21,1,TH_NP15_GEN-APND,TH_NP15_GEN-APND,TH_NP15_GEN-APND,RTM,MGHG,LMP_GHG_PRC,TH_NP15_GEN-APND,ALL_APNODES,0,0.0,7,13
2023-06-21T07:35:00-00:00,2023-06-21T07:40:00-00:00,2023-06-21,1,TH_NP15_GEN-APND,TH_NP15_GEN-APND,TH_NP15_GEN-APND,RTM,MGHG,LMP_GHG_PRC,TH_NP15_GEN-APND,ALL_APNODES,0,0.0,8,13
2023-06-21T07:40:00-00:00,2023-06-21T07:45:00-00:00,2023-06-21,1,TH_NP15_GEN-APND,TH_NP15_GEN-APND,TH_NP15_GEN-APND,RTM,MGHG,LMP_GHG_PRC,TH_NP15_GEN-APND,ALL_APNODES,0,0.0,9,13
2023-06-21T07:45:00-00:00,2023-06-21T07:50:00-00:00,2023-06-21,1,TH_NP15_GEN-APND,TH_NP15_GEN-APND,TH_NP15_GEN-APND,RTM,MGHG,LMP_GHG_PRC,TH_NP15_GEN-APND,ALL_APNODES,0,0.0,10,13
2023-06-21T07:50:00-00:00,2023-06-21T07:55:00-00:00,2023-06-21,1,TH_NP15_GEN-APND,TH_NP15_GEN-APND,TH_NP15_GEN-APND,RTM,MGHG,LMP_GHG_PRC,TH_NP15_GEN-APND,ALL_APNODES,0,0.0,11,13
2023-06-21T07:55:00-00:00,2023-06-21T08:00:00-00:00,2023-06-21,1,TH_NP15_GEN-APND,TH_NP15_GEN-APND,TH_NP15_GEN-APND,RTM,MGHG,LMP_GHG_PRC,TH_NP15_GEN-APND,ALL_APNODES,0,0.0,12,13
2023-06-21T08:00:00-00:00,2023-06-21T08:05:00-00:00,2023-06-21,2,TH_NP15_GEN-APND,TH_NP15_GEN-APND,TH_NP15_GEN-APND,RTM,MGHG,LMP_GHG_PRC,TH_NP15_GEN-APND,ALL_APNODES,0,0.0,1,13
2023-06-21T08:05:00-00:00,2023-06-21T08:10:00-00:00,2023-06-21,2,TH_NP15_GEN-APND,TH_NP15_GEN-APND,TH_NP15_GEN-APND,RTM,MGHG,LMP_GHG_PRC,TH_NP15_GEN-APND,ALL_APNODES,0,0.0,2,13
2023-06-21T08:10:00-00:00,2023-06-21T08:15:00-00:00,2023-06-21,2,TH_NP15_GEN-APND,TH_NP15_GEN-APND,TH_NP15_GEN-APND,RTM,MGHG,LMP_GHG_PRC,TH_NP15_GEN-APND,ALL_APNODES,0,0.0,3,13
2023-06-21T08:15:00-00:00,2023-06-21T08:20:00-00:00,2023-06-21,2,TH_NP15_GEN-APND,TH_NP15_GEN-APND,TH_NP15_GEN-APND,RTM,MGHG,LMP_GHG_PRC,TH_NP15_GEN-APND,ALL_APNODES,0,0.0,4,13
2023-06-21T08:20:00-00:00,2023-06-21T08:25:00-00:00,2023-06-21,2,TH_NP15_GEN-APND,TH_NP15_GEN-APND,TH_NP15_GEN-APND,RTM,MGHG,LMP_GHG_PRC,TH_NP15_GEN-APND,ALL_APNODES,0,0.0,5,13
2023-06-21T08:25:00-00:00,2023-06-21T08:30:00-00:00,2023-06-21,2,TH_NP15_GEN-APND,TH_NP15_GEN-APND,TH_NP15_GEN-APND,RTM,MGHG,LMP_GHG_PRC,TH_NP15_GEN-APND,ALL_APNODES,0,0.0,6,13
2023-06-21T08:30:00-00:00,2023-06-21T08:35:00-00:00,2023-06-21,2,TH_NP15_GEN-APND,TH_NP15_GEN-APND,TH_NP15_GEN-APND,RTM,MGHG,LMP_GHG_PRC,TH_NP15_GEN-APND,ALL_APNODES,0,0.0,7,13
2023-06-21T08:35:00-00:00,2023-06-21T08:40:00-00:00,2023-06-21,2,TH_NP15_GEN-APND,TH_NP15_GEN-APND,TH_NP15_GEN-APND,RTM,MGHG,LMP_GHG_PRC,TH_NP15_GEN-APND,ALL_APNODES,0,0.0,8,13
2023-06-21T08:40:00-00:00,2023-06-21T08:45:00-00:00,2023-06-21,2,TH_NP15_GEN-APND,TH_NP15_GEN-APND,TH_NP15_GEN-APND,RTM,MGHG,LMP_GHG_PRC,TH_NP15_GEN-APND,ALL_APNODES,0,0.0,9,13
2023-06-21T08:45:00-00:00,2023-06-21T08:50:00-00:00,2023-06-21,2,TH_NP15_GEN-APND,TH_NP15_GEN-APND,TH_NP15_GEN-APND,RTM,MGHG,LMP_GHG_PRC,TH_NP15_GEN-APND,ALL_APNODES,0,0.0,10,13
2023-06-21T08:50:00-00:00,2023-06-21T08:55:00-00:00,2023-06-21,2,TH_NP15_GEN-APND,TH_NP15_GEN-APND,TH_NP15_GEN-APND,RTM,MGHG,LMP_GHG_PRC,TH_NP15_GEN-APND,ALL_APNODES,0,0.0,11,13
2023-06-21T08:55:00-00:00,2023-06-21T09:00:00-00:00,2023-06-21,2,TH_NP15_GEN-APND,TH_NP15_GEN-APND,TH_NP15_GEN-APND,RTM,MGHG,LMP_GHG_PRC,TH_NP15_GEN-APND,ALL_APNODES,0,0.0,12,13
2023-06-21T09:00:00-00:00,2023-06-21T09:05:00-00:00,2023-06-21,3,TH_NP15_GEN-APND,TH_NP15_GEN-APND,TH_NP15_GEN-APND,RTM,MGHG,LMP_GHG_PRC,TH_NP15_GEN-APND,ALL_APNODES,0,0.0,1,13
2023-06-21T09:05:00-00:00,2023-06-21T09:10:00-00:00,2023-06-21,3,TH_NP15_GEN-APND,TH_NP15_GEN-APND,TH_NP15_GEN-APND,RTM,MGHG,LMP_GHG_PRC,TH_NP15_GEN-APND,ALL_APNODES,0,0.0,2,13
2023-06-21T09:10:00-00:00,2023-06-21T09:15:00-00:00,2023-06-21,3,TH_NP15_GEN-APND,TH_NP15_GEN-APND,TH_NP15_GEN-APND,RTM,MGHG,LMP_GHG_PRC,TH_NP15_GEN-APND,ALL_APNODES,0,0.0,3,13
2023-06-21T09:15:00-00:00,2023-06-21T09:20:00-00:00,2023-06-21,3,TH_NP15_GEN-APND,TH_NP15_GEN-APND,TH_NP15_GEN-APND,RTM,MGHG,LMP_GHG_PRC,TH_NP15_GEN-APND,ALL_APNODES,0,0.0,4,13
2023-06-21T09:20:00-00:00,2023-06-21T09:25:00-00:00,2023-06-21,3,TH_NP15_GEN-APND,TH_NP15_GEN-APND,TH_NP15_GEN-APND,RTM,MGHG,LMP_GHG_PRC,TH_NP15_GEN-APND,ALL_APNODES,0,0.0,5,13
2023-06-21T09:25:00-00:00,2023-06-21T09:30:00-00:00,2023-06-21,3,TH_NP15_GEN-APND,TH_NP15_GEN-APND,TH_NP15_GEN-APND,RTM,MGHG,LMP_GHG_PRC,TH_NP15_GEN-APND,ALL_APNODES,0,0.0,6,13
2023-06-21T09:30:00-00:00,2023-06-21T09:35:00-00:00,2023-06-21,3,TH_NP15_GEN-APND,TH_NP15_GEN-APND,TH_NP15_GEN-APND,RTM,MGHG,LMP_GHG_PRC,TH_NP15_GEN-APND,ALL_APNODES,0,0.0,7,13
2023-06-21T09:35:00-00:00,2023-06-21T09:40:00-00:00,2023-06-21,3,TH_NP15_GEN-APND,TH_NP15_GEN-APND,TH_NP15_GEN-APND,RTM,MGHG,LMP_GHG_PRC,TH_NP15_GEN-APND,ALL_APNODES,0,0.0,8,13
2023-06-21T09:40:00-00:00,2023-06-21T09:45:00-00:00,2023-06-21,3,TH_NP15_GEN-APND,TH_NP15_GEN-APND,TH_NP15_GEN-APND,RTM,MGHG,LMP_GHG_PRC,TH_NP15_GEN-APND,ALL_APNODES,0,0.0,9,13
2023-06-21T09:45:00-00:00,2023-06-21T09:50:00-00:00,2023-06-21,3,TH_NP15_GEN-APND,TH_NP15_GEN-APND,TH_NP15_GEN-APND,RTM,MGHG,LMP_GHG_PRC,TH_NP15_GEN-APND,ALL_APNODES,0,0.0,10,13
2023-06-21T09:50:00-00:00,2023-06-21T09:55:00-00:00,2023-06-21,3,TH_NP15_GEN-APND,TH_NP15_GEN-APND,TH_NP15_GEN-APND,RTM,MGHG,LMP_GHG_PRC,TH_NP15_GEN-APND,ALL_APNODES,0,0.0,11,13
2023-06-21T09:55:00-00:00,2023-06-21T10:00:00-00:00,2023-06-21,3,TH_NP15_GEN-APND,TH_NP15_GEN-APND,TH_NP15_GEN-APND,RTM,MGHG,LMP_GHG_PRC,TH_NP15_GEN-APND,ALL_APNODES,0,0.0,12,13
2023-06-21T10:00:00-00:00,2023-06-21T10:05:00-00:00,2023-06-21,4,TH_NP15_GEN-APND,TH_NP15_GEN-APND,TH_NP15_GEN-APND,RTM,MGHG,LMP_GHG_PRC,TH_NP15_GEN-APND,ALL_APNODES,0,0.0,1,13
2023-06-21T10:05:00-00:00,2023-06-21T10:10:00-00:00,2023-06-21,4,TH_NP15_GEN-APND,TH_NP15_GEN-APND,TH_NP15_GEN-APND,RTM,MGHG,LMP_GHG_PRC,TH_NP15_GEN-APND,ALL_APNODES,0,0.0,2,13
2023-06-21T10:10:00-00:00,2023-06-21T10:15:00-00:00,2023-06-21,4,TH_NP15_GEN-APND,TH_NP15_GEN-APND,TH_NP15_GEN-APND,RTM,MGHG,LMP_GHG_PRC,TH_NP15_GEN-APND,ALL_APNODES,0,0.0,3,13
2023-06-21T10:15:00-00:00,2023-06-21T10:20:00-00:00,2023-06-21,4,TH_NP15_GEN-APND,TH_NP15_GEN-APND,TH_NP15_GEN-APND,RTM,MGHG,LMP_GHG_PRC,TH_NP15_GEN-APND,ALL_APNODES,0,0.0,4,13
2023-06-21T10:20:00-00:00,2023-06-21T10:25:00-00:00,2023-06-21,4,TH_NP15_GEN-APND,TH_NP15_GEN-APND,TH_NP15_GEN-APND,RTM,MGHG,LMP_GHG_PRC,TH_NP15_GEN-APND,ALL_APNODES,0,0.0,5,13
2023-06-21T10:25:00-00:00,2023-06-21T10:30:00-00:00,2023-06-21,4,TH_NP15_GEN-APND,TH_NP15_GEN-APND,TH_NP15_GEN-APND,RTM,MGHG,LMP_GHG_PRC,TH_NP15_GEN-APND,ALL_APNODES,0,0.0,6,13
2023-06-21T10:30:00-00:00,2023-06-21T10:35:00-00:00,2023-06-21,4,TH_NP15_GEN-APND,TH_NP15_GEN-APND,TH_NP15_GEN-APND,RTM,MGHG,LMP_GHG_PRC,TH_NP15_GEN-APND,ALL_APNODES,0,0.0,7,13
2023-06-21T10:35:00-00:00,2023-06-21T10:40:00-00:00,2023-06-21,4,TH_NP15_GEN-APND,TH_NP15_GEN-APND,TH_NP15_GEN-APND,RTM,MGHG,LMP_GHG_PRC,TH_NP15_GEN-APND,ALL_APNODES,0,0.0,8,13
2023-06-21T10:40:00-00:00,2023-06-21T10:45:00-00:00,2023-06-21,4,TH_NP15_GEN-APND,TH_NP15_GEN-APND,TH_NP15_GEN-APND,RTM,MGHG,LMP_GHG_PRC,TH_NP15_GEN-APND,ALL_APNODES,0,0.0,9,13
2023-06-21T10:45:00-00:00,2023-06-21T10:50:00-00:00,2023-06-21,4,TH_NP15_GEN-APND,TH_NP15_GEN-APND,TH_NP15_GEN-APND,RTM,MGHG,LMP_GHG_PRC,TH_NP15_GEN-APND,ALL_APNODES,0,0.0,10,13
2023-06-21T10:50:00-00:00,2023-06-21T10:55:00-00:00,2023-06-21,4,TH_NP15_GEN-APND,TH_NP15_GEN-APND,TH_NP15_GEN-APND,RTM,MGHG,LMP_GHG_PRC,TH_NP15_GEN-APND,ALL_APNODES,0,0.0,11,13
2023-06-21T10:55:00-00:00,2023-06-21T11:00:00-00:00,2023-06-21,4,TH_NP15_GEN-APND,TH_NP15_GEN-APND,TH_NP15_GEN-APND,RTM,MGHG,LMP_GHG_PRC,TH_NP15_GEN-APND,ALL_APNODES,0,0.0,12,13
2023-06-21T11:00:00-00:00,2023-06-21T11:05:00-00:00,2023-06-21,5,TH_NP15_GEN-APND,TH_NP15_GEN-APND,TH_NP15_GEN-APND,RTM,MGHG,LMP_GHG_PRC,TH_NP15_GEN-APND,ALL_APNODES,0,0.0,1,13
2023-06-21T11:05:00-00:00,2023-06-21T11:10:00-00:00,2023-06-21,5,TH_NP15_GEN-APND,TH_NP15_GEN-APND,TH_NP15_GEN-APND,RTM,MGHG,LMP_GHG_PRC,TH_NP15_GEN-APND,ALL_APNODES,0,0.0,2,13
2023-06-21T11:10:00-00:00,2023-06-21T11:15:00-00:00,2023-06-21,5,TH_NP15_GEN-APND,TH_NP15_GEN-APND,TH_NP15_GEN-APND,RTM,MGHG,LMP_GHG_PRC,TH_NP15_GEN-APND,ALL_APNODES,0,0.0,3,13
2023-06-21T11:15:00-00:00,2023-06-21T11:20:00-00:00,2023-06-21,5,TH_NP15_GEN-APND,TH_NP15_GEN-APND,TH_NP15_GEN-APND,RTM,MGHG,LMP_GHG_PRC,TH_NP15_GEN-APND,ALL_APNODES,0,0.0,4,13
2023-06-21T11:20:00-00:00,2023-06-21T11:25:00-00:00,2023-06-21,5,TH_NP15_GEN-APND,TH_NP15_GEN-APND,TH_NP15_GEN-APND,RTM,MGHG,LMP_GHG_PRC,TH_NP15_GEN-APND,ALL_APNODES,0,0.0,5,13
2023-06-21T11:25:00-00:00,2023-06-21T11:30:00-00:00,2023-06-21,5,TH_NP15_GEN-APND,TH_NP15_GEN-APND,TH_NP15_GEN-APND,RTM,MGHG,LMP_GHG_PRC,TH_NP15_GEN-APND,ALL_APNODES,0,0.0,6,13
2023-06-21T11:30:00-00:00,2023-06-21T11:35:00-00:00,2023-06-21,5,TH_NP15_GEN-APND,TH_NP15_GEN-APND,TH_NP15_GEN-APND,RTM,MGHG,LMP_GHG_PRC,TH_NP15_GEN-APND,ALL_APNODES,0,0.0,7,13
2023-06-21T11:35:00-00:00,2023-06-21T11:40:00-00:00,2023-06-21,5,TH_NP15_GEN-APND,TH_NP15_GEN-APND,TH_NP15_GEN-APND,RTM,MGHG,LMP_GHG_PRC,TH_NP15_GEN-APND,ALL_APNODES,0,0.0,8,13
2023-06-21T11:40:00-00:00,2023-06-21T11:45:00-00:00,2023-06-21,5,TH_NP15_GEN-APND,TH_NP15_GEN-APND,TH_NP15_GEN-APND,RTM,MGHG,LMP_GHG_PRC,TH_NP15_GEN-APND,ALL_APNODES,0,0.0,9,13
2023-06-21T11:45:00-00:00,2023-06-21T11:50:00-00:00,2023-06-21,5,TH_NP15_GEN-APND,TH_NP15_GEN-APND,TH_NP15_GEN-APND,RTM,MGHG,LMP_GHG_PRC,TH_NP15_GEN-APND,ALL_APNODES,0,0.0,10,13
2023-06-21T11:50:00-00:00,2023-06-21T11:55:00-00:00,2023-06-21,5,TH_NP15_GEN-APND,TH_NP15_GEN-APND,TH_NP15_GEN-APND,RTM,MGHG,LMP_GHG_PRC,TH_NP15_GEN-APND,ALL_APNODES,0,0.0,11,13
2023-06-21T11:55:00-00:00,2023-06-21T12:00:00-00:00,2023-06-21,5,TH_NP15_GEN-APND,TH_NP15_GEN-APND,TH_NP15_GEN-APND,RTM,MGHG,LMP_GHG_PRC,TH_NP15_GEN-APND,ALL_APNODES,0,0.0,12,13
2023-06-21T12:00:00-00:00,2023-06-21T12:05:00-00:00,2023-06-21,6,TH_NP15_GEN-APND,TH_NP15_GEN-APND,TH_NP15_GEN-APND,RTM,MGHG,LMP_GHG_PRC,TH_NP15_GEN-APND,ALL_APNODES,0,0.0,1,13
2023-06-21T12:05:00-00:00,2023-06-21T12:10:00-00:00,2023-06-21,6,TH_NP15_GEN-APND,TH_NP15_GEN-APND,TH_NP15_GEN-APND,RTM,MGHG,LMP_GHG_PRC,TH_NP15_GEN-APND,ALL_APNODES,0,0.0,2,13
2023-06-21T12:10:00-00:00,2023-06-21T12:15:00-00:00,2023-06-21,6,TH_NP15_GEN-APND,TH_NP15_GEN-APND,TH_NP15_GEN-APND,RTM,MGHG,LMP_GHG_PRC,TH_NP15_GEN-APND,ALL_APNODES,0,0.0,3,13
2023-06-21T12:15:00-00:00,2023-06-21T12:20:00-00:00,2023-06-21,6,TH_NP15_GEN-APND,TH_NP15_GEN-APND,TH_NP15_GEN-APND,RTM,MGHG,LMP_GHG_PRC,TH_NP15_GEN-APND,ALL_APNODES,0,0.0,4,13
2023-06-21T12:20:00-00:00,2023-06-21T12:25:00-00:00,2023-06-21,6,TH_NP15_GEN-APND,TH_NP15_GEN-APND,TH_NP15_GEN-APND,RTM,MGHG,LMP_GHG_PRC,TH_NP15_GEN-APND,ALL_APNODES,0,0.0,5,13
2023-06-21T12:25:00-00:00,2023-06-21T12:30:00-00:00,2023-06-21,6,TH_NP15_GEN-APND,TH_NP15_GEN-APND,TH_NP15_GEN-APND,RTM,MGHG,LMP_GHG_PRC,TH_NP15_GEN-APND,ALL_APNODES,0,0.0,6,13
2023-06-21T12:30:00-00:00,2023-06-21T12:35:00-00:00,2023-06-21,6,TH_NP15_GEN-APND,TH_NP15_GEN-APND,TH_NP15_GEN-APND,RTM,MGHG,LMP_GHG_PRC,TH_NP15_GEN-APND,ALL_APNODES,0,0.0,7,13
2023-06-21T12:35:00-00:00,2023-06-21T12:40:00-00:00,2023-06-21,6,TH_NP15_GEN-APND,TH_NP15_GEN-APND,TH_NP15_GEN-APND,RTM,MGHG,LMP_GHG_PRC,TH_NP15_GEN-APND,ALL_APNODES,0,0.0,8,13
2023-06-21T12:40:00-00:00,2023-06-21T12:45:00-00:00,2023-06-21,6,TH_NP15_GEN-APND,TH_NP15_GEN-APND,TH_NP15_GEN-APND,RTM,MGHG,LMP_GHG_PRC,TH_NP15_GEN-APND,ALL_APNODES,0,0.0,9,13
2023-06-21T12:45:00-00:00,2023-06-21T12:50:00-00:00,2023-06-21,6,TH_NP15_GEN-APND,TH_NP15_GEN-APND,TH_NP15_GEN-APND,RTM,MGHG,LMP_GHG_PRC,TH_NP15_GEN-APND,ALL_APNODES,0,0.0,10,13
2023-06-21T12:50:00-00:00,2023-06-21T12:55:00-00:00,2023-06-21,6,TH_NP15_GEN-APND,TH_NP15_GEN-APND,TH_NP15_GEN-APND,RTM,MGHG,LMP_GHG_PRC,TH_NP15_GEN-APND,ALL_APNODES,0,0.0,11,13
2023-06-21T12:55:00-00:00,2023-06-21T13:00:00-00:00,2023-06-21,6,TH_NP15_GEN-APND,TH_NP15_GEN-APND,TH_NP15_GEN-APND,RTM,MGHG,LMP_GHG_PRC,TH_NP15_GEN-APND,ALL_APNODES,0,0.0,12,13
2023-06-21T13:00:00-00:00,2023-06-21T13:05:00-00:00,2023-06-21,7,TH_NP15_GEN-APND,TH_NP15_GEN-APND,TH_NP15_GEN-APND,RTM,MGHG,LMP_GHG_PRC,TH_NP15_GEN-APND,ALL_APNODES,0,0.0,1,13
2023-06-21T13:05:00-00:00,2023-06-21T13:10:00-00:00,2023-06-21,7,TH_NP15_GEN-APND,TH_NP15_GEN-APND,TH_NP15_GEN-APND,RTM,MGHG,LMP_GHG_PRC,TH_NP15_GEN-APND,ALL_APNODES,0,0.0,2,13
2023-06-21T13:10:00-00:00,2023-06-21T13:15:00-00:00,2023-06-21,7,TH_NP15_GEN-APND,TH_NP15_GEN-APND,TH_NP15_GEN-APND,RTM,MGHG,LMP_GHG_PRC,TH_NP15_GEN-APND,ALL_APNODES,0,0.0,3,13
2023-06-21T13:15:00-00:00,2023-06-21T13:20:00-00:00,2023-06-21,7,TH_NP15_GEN-APND,TH_NP15_GEN-APND,TH_NP15_GEN-APND,RTM,MGHG,LMP_GHG_PRC,TH_NP15_GEN-APND,ALL_APNODES,0,0.0,4,13
2023-06-21T13:20:00-00:00,2023-06-21T13:25:00-00:00,2023-06-21,7,TH_NP15_GEN-APND,TH_NP15_GEN-APND,TH_NP15_GEN-APND,RTM,MGHG,LMP_GHG_PRC,TH_NP15_GEN-APND,ALL_APNODES,0,0.0,5,13
2023-06-21T13:25:00-00:00,2023-06-21T13:30:00-00:00,2023-06-21,7,TH_NP15_GEN-APND,TH_NP15_GEN-APND,TH_NP15_GEN-APND,RTM,MGHG,LMP_GHG_PRC,TH_NP15_GEN-APND,ALL_APNODES,0,0.0,6,13
2023-06-21T13:30:00-00:00,2023-06-21T13:35:00-00:00,2023-06-21,7,TH_NP15_GEN-APND,TH_NP15_GEN-APND,TH_NP15_GEN-APND,RTM,MGHG,LMP_GHG_PRC,TH_NP15_GEN-APND,ALL_APNODES,0,0.0,7,13
2023-06-21T13:35:00-00:00,2023-06-21T13:40:00-00:00,2023-06-21,7,TH_NP15_GEN-APND,TH_NP15_GEN-APND,TH_NP15_GEN-APND,RTM,MGHG,LMP_GHG_PRC,TH_NP15_GEN-APND,ALL_APNODES,0,0.0,8,13
2023-06-21T13:40:00-00:00,2023-06-21T13:45:00-00:00,2023-06-21,7,TH_NP15_GEN-APND,TH_NP15_GEN-APND,TH_NP15_GEN-APND,RTM,MGHG,LMP_GHG_PRC,TH_NP15_GEN-APND,ALL_APNODES,0,0.0,9,13
2023-06-21T13:45:00-00:00,2023-06-21T13:50:00-00:00,2023-06-21,7,TH_NP15_GEN-APND,TH_NP15_GEN-APND,TH_NP15_GEN-APND,RTM,MGHG,LMP_GHG_PRC,TH_NP15_GEN-APND,ALL_APNODES,0,0.0,10,13
2023-06-21T13:50:00-00:00,2023-06-21T13:55:00-00:00,2023-06-21,7,TH_NP15_GEN-APND,TH_NP15_GEN-APND,TH_NP15_GEN-APND,RTM,MGHG,LMP_GHG_PRC,TH_NP15_GEN-APND,ALL_APNODES,0,0.0,11,13
2023-06-21T13:55:00-00:00,2023-06-21T14:00:00-00:00,2023-06-21,7,TH_NP15_GEN-APND,TH_NP15_GEN-APND,TH_NP15_GEN-APND,RTM,MGHG,LMP_GHG_PRC,TH_NP15_GEN-APND,ALL_APNODES,0,0.0,12,13
2023-06-21T14:00:00-00:00,2023-06-21T14:05:00-00:00,2023-06-21,8,TH_NP15_GEN-APND,TH_NP15_GEN-APND,TH_NP15_GEN-APND,RTM,MGHG,LMP_GHG_PRC,TH_NP15_GEN-APND,ALL_APNODES,0,0.0,1,13
2023-06-21T14:05:00-00:00,2023-06-21T14:10:00-00:00,2023-06-21,8,TH_NP15_GEN-APND,TH_NP15_GEN-APND,TH_NP15_GEN-APND,RTM,MGHG,LMP_GHG_PRC,TH_NP15_GEN-APND,ALL_APNODES,0,0.0,2,13
2023-06-21T14:10:00-00:00,2023-06-21T14:15:00-00:00,2023-06-21,8,TH_NP15_GEN-APND,TH_NP15_GEN-APND,TH_NP15_GEN-APND,RTM,MGHG,LMP_GHG_PRC,TH_NP15_GEN-APND,ALL_APNODES,0,0.0,3,13
2023-06-21T14:15:00-00:00,2023-06-21T14:20:00-00:00,2023-06-21,8,TH_NP15_GEN-APND,TH_NP15_GEN-APND,TH_NP15_GEN-APND,RTM,MGHG,LMP_GHG_PRC,TH_NP15_GEN-APND,ALL_APNODES,0,0.0,4,13
2023-06-21T14:20:00-00:00,2023-06-21T14:25:00-00:00,2023-06-21,8,TH_NP15_GEN-APND,TH_NP15_GEN-APND,TH_NP15_GEN-APND,RTM,MGHG,LMP_GHG_PRC,TH_NP15_GEN-APND,ALL_APNODES,0,0.0,5,13
2023-06-21T14:25:00-00:00,2023-06-21T14:30:00-00:00,2023-06-21,8,TH_NP15_GEN-APND,TH_NP15_GEN-APND,TH_NP15_GEN-APND,RTM,MGHG,LMP_GHG_PRC,TH_NP15_GEN-APND,ALL_APNODES,0,0.0,6,13
2023-06-21T14:30:00-00:00,2023-06-21T14:35:00-00:00,2023-06-21,8,TH_NP15_GEN-APND,TH_NP15_GEN-APND,TH_NP15_GEN-APND,RTM,MGHG,LMP_GHG_PRC,TH_NP15_GEN-APND,ALL_APNODES,0,0.0,7,13
2023-06-21T14:35:00-00:00,2023-06-21T14:40:00-00:00,2023-06-21,8,TH_NP15_GEN-APND,TH_NP15_GEN-APND,TH_NP15_GEN-APND,RTM,MGHG,LMP_GHG_PRC,TH_NP15_GEN-APND,ALL_APNODES,0,0.0,8,13
2023-06-21T14:40:00-00:00,2023-06-21T14:45:00-00:00,2023-06-21,8,TH_NP15_GEN-APND,TH_NP15_GEN-APND,TH_NP15_GEN-APND,RTM,MGHG,LMP_GHG_PRC,TH_NP15_GEN-APND,ALL_APNODES,0,0.0,9,13
2023-06-21T14:45:00-00:00,2023-06-21T14:50:00-00:00,2023-06-21,8,TH_NP15_GEN-APND,TH_NP15_GEN-APND,TH_NP15_GEN-APND,RTM,MGHG,LMP_GHG_PRC,TH_NP15_GEN-APND,ALL_APNODES,0,0.0,10,13
2023-06-21T14:50:00-00:00,2023-06-21T14:55:00-00:00,2023-06-21,8,TH_NP15_GEN-APND,TH_NP15_GEN-APND,TH_NP15_GEN-APND,RTM,MGHG,LMP_GHG_PRC,TH_NP15_GEN-APND,ALL_APNODES,0,0.0,11,13
2023-06-21T14:55:00-00:00,2023-06-21T15:00:00-00:00,2023-06-21,8,TH_NP15_GEN-APND,TH_NP15_GEN-APND,TH_NP15_GEN-APND,RTM,MGHG,LMP_GHG_PRC,TH_NP15_GEN-APND,ALL_APNODES,0,0.0,12,13
2023-06-21T15:00:00-00:00,2023-06-21T15:05:00-00:00,2023-06-21,9,TH_NP15_GEN-APND,TH_NP15_GEN-APND,TH_NP15_GEN-APND,RTM,MGHG,LMP_GHG_PRC,TH_NP15_GEN-APND,ALL_APNODES,0,0.0,1,13
2023-06-21T15:05:00-00:00,2023-06-21T15:10:00-00:00,2023-06-21,9,TH_NP15_GEN-APND,TH_NP15_GEN-APND,TH_NP15_GEN-APND,RTM,MGHG,LMP_GHG_PRC,TH_NP15_GEN-APND,ALL_APNODES,0,0.0,2,13
2023-06-21T15:10:00-00:00,2023-06-21T15:15:00-00:00,2023-06-21,9,TH_NP15_GEN-APND,TH_NP15_GEN-APND,TH_NP15_GEN-APND,RTM,MGHG,LMP_GHG_PRC,TH_NP15_GEN-APND,ALL_APNODES,0,0.0,3,13
2023-06-21T15:15:00-00:00,2023-06-21T15:20:00-00:00,2023-06-21,9,TH_NP15_GEN-APND,TH_NP15_GEN-APND,TH_NP15_GEN-APND,RTM,MGHG,LMP_GHG_PRC,TH_NP15_GEN-APND,ALL_APNODES,0,0.0,4,13
2023-06-21T15:20:00-00:00,2023-06-21T15:25:00-00:00,2023-06-21,9,TH_NP15_GEN-APND,TH_NP15_GEN-APND,TH_NP15_GEN-APND,RTM,MGHG,LMP_GHG_PRC,TH_NP15_GEN-APND,ALL_APNODES,0,0.0,5,13
2023-06-21T15:25:00-00:00,2023-06-21T15:30:00-00:00,2023-06-21,9,TH_NP15_GEN-APND,TH_NP15_GEN-APND,TH_NP15_GEN-APND,RTM,MGHG,LMP_GHG_PRC,TH_NP15_GEN-APND,ALL_APNODES,0,0.0,6,13
2023-06-21T15:30:00-00:00,2023-06-21T15:35:00-00:00,2023-06-21,9,TH_NP15_GEN-APND,TH_NP15_GEN-APND,TH_NP15_GEN-APND,RTM,MGHG,LMP_GHG_PRC,TH_NP15_GEN-APND,ALL_APNODES,0,0.0,7,13
2023-06-21T15:35:00-00:00,2023-06-21T15:40:00-00:00,2023-06-21,9,TH_NP15_GEN-APND,TH_NP15_GEN-APND,TH_NP15_GEN-APND,RTM,MGHG,LMP_GHG_PRC,TH_NP15_GEN-APND,ALL_APNODES,0,0.0,8,13
2023-06-21T15:40:00-00:00,2023-06-21T15:45:00-00:00,2023-06-21,9,TH_NP15_GEN-APND,TH_NP15_GEN-APND,TH_NP15_GEN-APND,RTM,MGHG,LMP_GHG_PRC,TH_NP15_GEN-APND,ALL_APNODES,0,0.0,9,13
2023-06-21T15:45:00-00:00,2023-06-21T15:50:00-00:00,2023-06-21,9,TH_NP15_GEN-APND,TH_NP15_GEN-APND,TH_NP15_GEN-APND,RTM,MGHG,LMP_GHG_PRC,TH_NP15_GEN-APND,ALL_APNODES,0,0.0,10,13
2023-06-21T15:50:00-00:00,2023-06-21T15:55:00-00:00,2023-06-21,9,TH_NP15_GEN-APND,TH_NP15_GEN-APND,TH_NP15_GEN-APND,RTM,MGHG,LMP_GHG_PRC,TH_NP15_GEN-APND,ALL_APNODES,0,0.0,11,13
2023-06-21T15:55:00-00:00,2023-06-21T16:00:00-00:00,2023-06-21,9,TH_NP15_GEN-APND,TH_NP15_GEN-APND,TH_NP15_GEN-APND,RTM,MGHG,LMP_GHG_PRC,TH_NP15_GEN-APND,ALL_APNODES,0,0.0,12,13
2023-06-21T16:00:00-00:00,2023-06-21T16:05:00-00:00,2023-06-21,10,TH_NP15_GEN-APND,TH_NP15_GEN-APND,TH_NP15_GEN-APND,RTM,MGHG,LMP_GHG_PRC,TH_NP15_GEN-APND,ALL_APNODES,0,0.0,1,13
2023-06-21T16:05:00-00:00,2023-06-21T16:10:00-00:00,2023-06-21,10,TH_NP15_GEN-APND,TH_NP15_GEN-APND,TH_NP15_GEN-APND,RTM,MGHG,LMP_GHG_PRC,TH_NP15_GEN-APND,ALL_APNODES,0,0.0,2,13
2023-06-21T16:10:00-00:00,2023-06-21T16:15:00-00:00,2023-06-21,10,TH_NP15_GEN-APND,TH_NP15_GEN-APND,TH_NP15_GEN-APND,RTM,MGHG,LMP_GHG_PRC,TH_NP15_GEN-APND,ALL_APNODES,0,0.0,3,13
2023-06-21T16:15:00-00:00,2023-06-21T16:20:00-00:00,2023-06-21,10,TH_NP15_GEN-APND,TH_NP15_GEN-APND,TH_NP15_GEN-APND,RTM,MGHG,LMP_GHG_PRC,TH_NP15_GEN-APND,ALL_APNODES,0,0.0,4,13
2023-06-21T16:20:00-00:00,2023-06-21T16:25:00-00:00,2023-06-21,10,TH_NP15_GEN-APND,TH_NP15_GEN-APND,TH_NP15_GEN-APND,RTM,MGHG,LMP_GHG_PRC,TH_NP15_GEN-APND,ALL_APNODES,0,0.0,5,13
2023-06-21T16:25:00-00:00,2023-06-21T16:30:00-00:00,2023-06-21,10,TH_NP15_GEN-APND,TH_NP15_GEN-APND,TH_NP15_GEN-APND,RTM,MGHG,LMP_GHG_PRC,TH_NP15_GEN-APND,ALL_APNODES,0,0.0,6,13
2023-06-21T16:30:00-00:00,2023-06-21T16:35:00-00:00,2023-06-21,10,TH_NP15_GEN-APND,TH_NP15_GEN-APND,TH_NP15_GEN-APND,RTM,MGHG,LMP_GHG_PRC,TH_NP15_GEN-APND,ALL_APNODES,0,0.0,7,13
2023-06-21T16:35:00-00:00,2023-06-21T16:40:00-00:00,2023-06-21,10,TH_NP15_GEN-APND,TH_NP15_GEN-APND,TH_NP15_GEN-APND,RTM,MGHG,LMP_GHG_PRC,TH_NP15_GEN-APND,ALL_APNODES,0,0.0,8,13
2023-06-21T16:40:00-00:00,2023-06-21T16:45:00-00:00,2023-06-21,10,TH_NP15_GEN-APND,TH_NP15_GEN-APND,TH_NP15_GEN-APND,RTM,MGHG,LMP_GHG_PRC,TH_NP15_GEN-APND,ALL_APNODES,0,0.0,9,13
2023-06-21T16:45:00-00:00,2023-06-21T16:50:00-00:00,2023-06-21,10,TH_NP15_GEN-APND,TH_NP15_GEN-APND,TH_NP15_GEN-APND,RTM,MGHG,LMP_GHG_PRC,TH_NP15_GEN-APND,ALL_APNODES,0,0.0,10,13
2023-06-21T16:50:00-00:00,2023-06-21T16:55:00-00:00,2023-06-21,10,TH_NP15_GEN-APND,TH_NP15_GEN-APND,TH_NP15_GEN-APND,RTM,MGHG,LMP_GHG_PRC,TH_NP15_GEN-APND,ALL_APNODES,0,0.0,11,13
2023-06-21T16:55:00-00:00,2023-06-21T17:00:00-00:00,2023-06-21,10,TH_NP15_GEN-APND,TH_NP15_GEN-APND,TH_NP15_GEN-APND,RTM,MGHG,LMP_GHG_PRC,TH_NP15_GEN-APND,ALL_APNODES,0,0.0,12,13
2023-06-21T17:00:00-00:00,2023-06-21T17:05:00-00:00,2023-06-21,11,TH_NP15_GEN-APND,TH_NP15_GEN-APND,TH_NP15_GEN-APND,RTM,MGHG,LMP_GHG_PRC,TH_NP15_GEN-APND,ALL_APNODES,0,0.0,1,13
2023-06-21T17:05:00-00:00,2023-06-21T17:10:00-00:00,2023-06-21,11,TH_NP15_GEN-APND,TH_NP15_GEN-APND,TH_NP15_GEN-APND,RTM,MGHG,LMP_GHG_PRC,TH_NP15_GEN-APND,ALL_APNODES,0,0.0,2,13
2023-06-21T17:10:00-00:00,2023-06-21T17:15:00-00:00,2023-06-21,11,TH_NP15_GEN-APND,TH_NP15_GEN-APND,TH_NP15_GEN-APND,RTM,MGHG,LMP_GHG_PRC,TH_NP15_GEN-APND,ALL_APNODES,0,0.0,3,13
2023-06-21T17:15:00-00:00,2023-06-21T17:20:00-00:00,2023-06-21,11,TH_NP15_GEN-APND,TH_NP15_GEN-APND,TH_NP15_GEN-APND,RTM,MGHG,LMP_GHG_PRC,TH_NP15_GEN-APND,ALL_APNODES,0,0.0,4,13
2023-06-21T17:20:00-00:00,2023-06-21T17:25:00-00:00,2023-06-21,11,TH_NP15_GEN-APND,TH_NP15_GEN-APND,TH_NP15_GEN-APND,RTM,MGHG,LMP_GHG_PRC,TH_NP15_GEN-APND,ALL_APNODES,0,0.0,5,13
2023-06-21T17:25:00-00:00,2023-06-21T17:30:00-00:00,2023-06-21,11,TH_NP15_GEN-APND,TH_NP15_GEN-APND,TH_NP15_GEN-APND,RTM,MGHG,LMP_GHG_PRC,TH_NP15_GEN-APND,ALL_APNODES,0,0.0,6,13
2023-06-21T17:30:00-00:00,2023-06-21T17:35:00-00:00,2023-06-21,11,TH_NP15_GEN-APND,TH_NP15_GEN-APND,TH_NP15_GEN-APND,RTM,MGHG,LMP_GHG_PRC,TH_NP15_GEN-APND,ALL_APNODES,0,0.0,7,13
2023-06-21T17:35:00-00:00,2023-06-21T17:40:00-00:00,2023-06-21,11,TH_NP15_GEN-APND,TH_NP15_GEN-APND,TH_NP15_GEN-APND,RTM,MGHG,LMP_GHG_PRC,TH_NP15_GEN-APND,ALL_APNODES,0,0.0,8,13
2023-06-21T17:40:00-00:00,2023-06-21T17:45:00-00:00,2023-06-21,11,TH_NP15_GEN-APND,TH_NP15_GEN-APND,TH_NP15_GEN-APND,RTM,MGHG,LMP_GHG_PRC,TH_NP15_GEN-APND,ALL_APNODES,0,0.0,9,13
2023-06-21T17:45:00-00:00,2023-06-21T17:50:00-00:00,2023-06-21,11,TH_NP15_GEN-APND,TH_NP15_GEN-APND,TH_NP15_GEN-APND,RTM,MGHG,LMP_GHG_PRC,TH_NP15_GEN-APND,ALL_APNODES,0,0.0,10,13
2023-06-21T17:50:00-00:00,2023-06-21T17:55:00-00:00,2023-06-21,11,TH_NP15_GEN-APND,TH_NP15_GEN-APND,TH_NP15_GEN-APND,RTM,MGHG,LMP_GHG_PRC,TH_NP15_GEN-APND,ALL_APNODES,0,0.0,11,13
2023-06-21T17:55:00-00:00,2023-06-21T18:00:00-00:00,2023-06-21,11,TH_NP15_GEN-APND,TH_NP15_GEN-APND,TH_NP15_GEN-APND,RTM,MGHG,LMP_GHG_PRC,TH_NP15_GEN-APND,ALL_APNODES,0,0.0,12,13
2023-06-21T18:00:00-00:00,2023-06-21T18:05:00-00:00,2023-06-21,12,TH_NP15_GEN-APND,TH_NP15_GEN-APND,TH_NP15_GEN-APND,RTM,MGHG,LMP_GHG_PRC,TH_NP15_GEN-APND,ALL_APNODES,0,0.0,1,13
2023-06-21T18:05:00-00:00,2023-06-21T18:10:00-00:00,2023-06-21,12,TH_NP15_GEN-APND,TH_NP15_GEN-APND,TH_NP15_GEN-APND,RTM,MGHG,LMP_GHG_PRC,TH_NP15_GEN-APND,ALL_APNODES,0,0.0,2,13
2023-06-21T18:10:00-00:00,2023-06-21T18:15:00-00:00,2023-06-21,12,TH_NP15_GEN-APND,TH_NP15_GEN-APND,TH_NP15_GEN-APND,RTM,MGHG,LMP_GHG_PRC,TH_NP15_GEN-APND,ALL_APNODES,0,0.0,3,13
2023-06-21T18:15:00-00:00,2023-06-21T18:20:00-00:00,2023-06-21,12,TH_NP15_GEN-APND,TH_NP15_GEN-APND,TH_NP15_GEN-APND,RTM,MGHG,LMP_GHG_PRC,TH_NP15_GEN-APND,ALL_APNODES,0,0.0,4,13
2023-06-21T18:20:00-00:00,2023-06-21T18:25:00-00:00,2023-06-21,12,TH_NP15_GEN-APND,TH_NP15_GEN-APND,TH_NP15_GEN-APND,RTM,MGHG,LMP_GHG_PRC,TH_NP15_GEN-APND,ALL_APNODES,0,0.0,5,13
2023-06-21T18:25:00-00:00,2023-06-21T18:30:00-00:00,2023-06-21,12,TH_NP15_GEN-APND,TH_NP15_GEN-APND,TH_NP15_GEN-APND,RTM,MGHG,LMP_GHG_PRC,TH_NP15_GEN-APND,ALL_APNODES,0,0.0,6,13
2023-06-21T18:30:00-00:00,2023-06-21T18:35:00-00:00,2023-06-21,12,TH_NP15_GEN-APND,TH_NP15_GEN-APND,TH_NP15_GEN-APND,RTM,MGHG,LMP_GHG_PRC,TH_NP15_GEN-APND,ALL_APNODES,0,0.0,7,13
2023-06-21T18:35:00-00:00,2023-06-21T18:40:00-00:00,2023-06-21,12,TH_NP15_GEN-APND,TH_NP15_GEN-APND,TH_NP15_GEN-APND,RTM,MGHG,LMP_GHG_PRC,TH_NP15_GEN-APND,ALL_APNODES,0,0.0,8,13
2023-06-21T18:40:00-00:00,2023-06-21T18:45:00-00:00,2023-06-21,12,TH_NP15_GEN-APND,TH_NP15_GEN-APND,TH_NP15_GEN-APND,RTM,MGHG,LMP_GHG_PRC,TH_NP15_GEN-APND,ALL_APNODES,0,0.0,9,13
2023-06-21T18:45:00-00:00,2023-06-21T18:50:00-00:00,2023-06-21,12,TH_NP15_GEN-APND,TH_NP15_GEN-APND,TH_NP15_GEN-APND,RTM,MGHG,LMP_GHG_PRC,TH_NP15_GEN-APND,ALL_APNODES,0,0.0,10,13
2023-06-21T18:50:00-00:00,2023-06-21T18:55:00-00:00,2023-06-21,12,TH_NP15_GEN-APND,TH_NP15_GEN-APND,TH_NP15_GEN-APND,RTM,MGHG,LMP_GHG_PRC,TH_NP15_GEN-APND,ALL_APNODES,0,0.0,11,13
2023-06-21T18:55:00-00:00,2023-06-21T19:00:00-00:00,2023-06-21,12,TH_NP15_GEN-APND,TH_NP15_GEN-APND,TH_NP15_GEN-APND,RTM,MGHG,LMP_GHG_PRC,TH_NP15_GEN-APND,ALL_APNODES,0,0.0,12,13
2023-06-21T19:00:00-00:00,2023-06-21T19:05:00-00:00,2023-06-21,13,TH_NP15_GEN-APND,TH_NP15_GEN-APND,TH_NP15_GEN-APND,RTM,MGHG,LMP_GHG_PRC,TH_NP15_GEN-APND,ALL_APNODES,0,0.0,1,13
2023-06-21T19:05:00-00:00,2023-06-21T19:10:00-00:00,2023-06-21,13,TH_NP15_GEN-APND,TH_NP15_GEN-APND,TH_NP15_GEN-APND,RTM,MGHG,LMP_GHG_PRC,TH_NP15_GEN-APND,ALL_APNODES,0,0.0,2,13
2023-06-21T19:10:00-00:00,2023-06-21T19:15:00-00:00,2023-06-21,13,TH_NP15_GEN-APND,TH_NP15_GEN-APND,TH_NP15_GEN-APND,RTM,MGHG,LMP_GHG_PRC,TH_NP15_GEN-APND,ALL_APNODES,0,0.0,3,13
2023-06-21T19:15:00-00:00,2023-06-21T19:20:00-00:00,2023-06-21,13,TH_NP15_GEN-APND,TH_NP15_GEN-APND,TH_NP15_GEN-APND,RTM,MGHG,LMP_GHG_PRC,TH_NP15_GEN-APND,ALL_APNODES,0,0.0,4,13
2023-06-21T19:20:00-00:00,2023-06-21T19:25:00-00:00,2023-06-21,13,TH_NP15_GEN-APND,TH_NP15_GEN-APND,TH_NP15_GEN-APND,RTM,MGHG,LMP_GHG_PRC,TH_NP15_GEN-APND,ALL_APNODES,0,0.0,5,13
2023-06-21T19:25:00-00:00,2023-06-21T19:30:00-00:00,2023-06-21,13,TH_NP15_GEN-APND,TH_NP15_GEN-APND,TH_NP15_GEN-APND,RTM,MGHG,LMP_GHG_PRC,TH_NP15_GEN-APND,ALL_APNODES,0,0.0,6,13
2023-06-21T19:30:00-00:00,2023-06-21T19:35:00-00:00,2023-06-21,13,TH_NP15_GEN-APND,TH_NP15_GEN-APND,TH_NP15_GEN-APND,RTM,MGHG,LMP_GHG_PRC,TH_NP15_GEN-APND,ALL_APNODES,0,0.0,7,13
2023-06-21T19:35:00-00:00,2023-06-21T19:40:00-00:00,2023-06-21,13,TH_NP15_GEN-APND,TH_NP15_GEN-APND,TH_NP15_GEN-APND,RTM,MGHG,LMP_GHG_PRC,TH_NP15_GEN-APND,ALL_APNODES,0,0.0,8,13
2023-06-21T19:40:00-00:00,2023-06-21T19:45:00-00:00,2023-06-21,13,TH_NP15_GEN-APND,TH_NP15_GEN-APND,TH_NP15_GEN-APND,RTM,MGHG,LMP_GHG_PRC,TH_NP15_GEN-APND,ALL_APNODES,0,0.0,9,13
2023-06-21T19:45:00-00:00,2023-06-21T19:50:00-00:00,2023-06-21,13,TH_NP15_GEN-APND,TH_NP15_GEN-APND,TH_NP15_GEN-APND,RTM,MGHG,LMP_GHG_PRC,TH_NP15_GEN-APND,ALL_APNODES,0,0.0,10,13
2023-06-21T19:50:00-00:00,2023-06-21T19:55:00-00:00,2023-06-21,13,TH_NP15_GEN-APND,TH_NP15_GEN-APND,TH_NP15_GEN-APND,RTM,MGHG,LMP_GHG_PRC,TH_NP15_GEN-APND,ALL_APNODES,0,0.0,11,13
2023-06-21T19:55:00-00:00,2023-06-21T20:00:00-00:00,2023-06-21,13,TH_NP15_GEN-APND,TH_NP15_GEN-APND,TH_NP15_GEN-APND,RTM,MGHG,LMP_GHG_PRC,TH_NP15_GEN-APND,ALL_APNODES,0,0.0,12,13
2023-06-21T20:00:00-00:00,2023-06-21T20:05:00-00:00,2023-06-21,14,TH_NP15_GEN-APND,TH_NP15_GEN-APND,TH_NP15_GEN-APND,RTM,MGHG,LMP_GHG_PRC,TH_NP15_GEN-APND,ALL_APNODES,0,0.0,1,13
2023-06-21T20:05:00-00:00,2023-06-21T20:10:00-00:00,2023-06-21,14,TH_NP15_GEN-APND,TH_NP15_GEN-APND,TH_NP15_GEN-APND,RTM,MGHG,LMP_GHG_PRC,TH_NP15_GEN-APND,ALL_APNODES,0,0.0,2,13
2023-06-21T20:10:00-00:00,2023-06-21T20:15:00-00:00,2023-06-21,14,TH_NP15_GEN-APND,TH_NP15_GEN-APND,TH_NP15_GEN-APND,RTM,MGHG,LMP_GHG_PRC,TH_NP15_GEN-APND,ALL_APNODES,0,0.0,3,13
2023-06-21T20:15:00-00:00,2023-06-21T20:20:00-00:00,2023-06-21,14,TH_NP15_GEN-APND,TH_NP15_GEN-APND,TH_NP15_GEN-APND,RTM,MGHG,LMP_GHG_PRC,TH_NP15_GEN-APND,ALL_APNODES,0,0.0,4,13
2023-06-21T20:20:00-00:00,2023-06-21T20:25:00-00:00,2023-06-21,14,TH_NP15_GEN-APND,TH_NP15_GEN-APND,TH_NP15_GEN-APND,RTM,MGHG,LMP_GHG_PRC,TH_NP15_GEN-APND,ALL_APNODES,0,0.0,5,13
2023-06-21T20:25:00-00:00,2023-06-21T20:30:00-00:00,2023-06-21,14,TH_NP15_GEN-APND,TH_NP15_GEN-APND,TH_NP15_GEN-APND,RTM,MGHG,LMP_GHG_PRC,TH_NP15_GEN-APND,ALL_APNODES,0,0.0,6,13
2023-06-21T20:30:00-00:00,2023-06-21T20:35:00-00:00,2023-06-21,14,TH_NP15_GEN-APND,TH_NP15_GEN-APND,TH_NP15_GEN-APND,RTM,MGHG,LMP_GHG_PRC,TH_NP15_GEN-APND,ALL_APNODES,0,0.0,7,13
2023-06-21T20:35:00-00:00,2023-06-21T20:40:00-00:00,2023-06-21,14,TH_NP15_GEN-APND,TH_NP15_GEN-APND,TH_NP15_GEN-APND,RTM,MGHG,LMP_GHG_PRC,TH_NP15_GEN-APND,ALL_APNODES,0,0.0,8,13
2023-06-21T20:40:00-00:00,2023-06-21T20:45:00-00:00,2023-06-21,14,TH_NP15_GEN-APND,TH_NP15_GEN-APND,TH_NP15_GEN-APND,RTM,MGHG,LMP_GHG_PRC,TH_NP15_GEN-APND,ALL_APNODES,0,0.0,9,13
2023-06-21T20:45:00-00:00,2023-06-21T20:50:00-00:00,2023-06-21,14,TH_NP15_GEN-APND,TH_NP15_GEN-APND,TH_NP15_GEN-APND,RTM,MGHG,LMP_GHG_PRC,TH_NP15_GEN-APND,ALL_APNODES,0,0.0,10,13
2023-06-21T20:50:00-00:00,2023-06-21T20:55:00-00:00,2023-06-21,14,TH_NP15_GEN-APND,TH_NP15_GEN-APND,TH_NP15_GEN-APND,RTM,MGHG,LMP_GHG_PRC,TH_NP15_GEN-APND,ALL_APNODES,0,0.0,11,13
2023-06-21T20:55:00-00:00,2023-06-21T21:00:00-00:00,2023-06-21,14,TH_NP15_GEN-APND,TH_NP15_GEN-APND,TH_NP15_GEN-APND,RTM,MGHG,LMP_GHG_PRC,TH_NP15_GEN-APND,ALL_APNODES,0,0.0,12,13
2023-06-21T21:00:00-00:00,2023-06-21T21:05:00-00:00,2023-06-21,15,TH_NP15_GEN-APND,TH_NP15_GEN-APND,TH_NP15_GEN-APND,RTM,MGHG,LMP_GHG_PRC,TH_NP15_GEN-APND,ALL_APNODES,0,0.0,1,13
2023-06-21T21:05:00-00:00,2023-06-21T21:10:00-00:00,2023-06-21,15,TH_NP15_GEN-APND,TH_NP15_GEN-APND,TH_NP15_GEN-APND,RTM,MGHG,LMP_GHG_PRC,TH_NP15_GEN-APND,ALL_APNODES,0,0.0,2,13
2023-06-21T21:10:00-00:00,2023-06-21T21:15:00-00:00,2023-06-21,15,TH_NP15_GEN-APND,TH_NP15_GEN-APND,TH_NP15_GEN-APND,RTM,MGHG,LMP_GHG_PRC,TH_NP15_GEN-APND,ALL_APNODES,0,0.0,3,13
2023-06-21T21:15:00-00:00,2023-06-21T21:20:00-00:00,2023-06-21,15,TH_NP15_GEN-APND,TH_NP15_GEN-APND,TH_NP15_GEN-APND,RTM,MGHG,LMP_GHG_PRC,TH_NP15_GEN-APND,ALL_APNODES,0,0.0,4,13
2023-06-21T21:20:00-00:00,2023-06-21T21:25:00-00:00,2023-06-21,15,TH_NP15_GEN-APND,TH_NP15_GEN-APND,TH_NP15_GEN-APND,RTM,MGHG,LMP_GHG_PRC,TH_NP15_GEN-APND,ALL_APNODES,0,0.0,5,13
2023-06-21T21:25:00-00:00,2023-06-21T21:30:00-00:00,2023-06-21,15,TH_NP15_GEN-APND,TH_NP15_GEN-APND,TH_NP15_GEN-APND,RTM,MGHG,LMP_GHG_PRC,TH_NP15_GEN-APND,ALL_APNODES,0,0.0,6,13
2023-06-21T21:30:00-00:00,2023-06-21T21:35:00-00:00,2023-06-21,15,TH_NP15_GEN-APND,TH_NP15_GEN-APND,TH_NP15_GEN-APND,RTM,MGHG,LMP_GHG_PRC,TH_NP15_GEN-APND,ALL_APNODES,0,0.0,7,13
2023-06-21T21:35:00-00:00,2023-06-21T21:40:00-00:00,2023-06-21,15,TH_NP15_GEN-APND,TH_NP15_GEN-APND,TH_NP15_GEN-APND,RTM,MGHG,LMP_GHG_PRC,TH_NP15_GEN-APND,ALL_APNODES,0,0.0,8,13
2023-06-21T21:40:00-00:00,2023-06-21T21:45:00-00:00,2023-06-21,15,TH_NP15_GEN-APND,TH_NP15_GEN-APND,TH_NP15_GEN-APND,RTM,MGHG,LMP_GHG_PRC,TH_NP15_GEN-APND,ALL_APNODES,0,0.0,9,13
2023-06-21T21:45:00-00:00,2023-06-21T21:50:00-00:00,2023-06-21,15,TH_NP15_GEN-APND,TH_NP15_GEN-APND,TH_NP15_GEN-APND,RTM,MGHG,LMP_GHG_PRC,TH_NP15_GEN-APND,ALL_APNODES,0,0.0,10,13
2023-06-21T21:50:00-00:00,2023-06-21T21:55:00-00:00,2023-06-21,15,TH_NP15_GEN-APND,TH_NP15_GEN-APND,TH_NP15_GEN-APND,RTM,MGHG,LMP_GHG_PRC,TH_NP15_GEN-APND,ALL_APNODES,0,0.0,11,13
2023-06-21T21:55:00-00:00,2023-06-21T22:00:00-00:00,2023-06-21,15,TH_NP15_GEN-APND,TH_NP15_GEN-APND,TH_NP15_GEN-APND,RTM,MGHG,LMP_GHG_PRC,TH_NP15_GEN-APND,ALL_APNODES,0,0.0,12,13
2023-06-21T22:00:00-00:00,2023-06-21T22:05:00-00:00,2023-06-21,16,TH_NP15_GEN-APND,TH_NP15_GEN-APND,TH_NP15_GEN-APND,RTM,MGHG,LMP_GHG_PRC,TH_NP15_GEN-APND,ALL_APNODES,0,0.0,1,13
2023-06-21T22:05:00-00:00,2023-06-21T22:10:00-00:00,2023-06-21,16,TH_NP15_GEN-APND,TH_NP15_GEN-APND,TH_NP15_GEN-APND,RTM,MGHG,LMP_GHG_PRC,TH_NP15_GEN-APND,ALL_APNODES,0,0.0,2,13
2023-06-21T22:10:00-00:00,2023-06-21T22:15:00-00:00,2023-06-21,16,TH_NP15_GEN-APND,TH_NP15_GEN-APND,TH_NP15_GEN-APND,RTM,MGHG,LMP_GHG_PRC,TH_NP15_GEN-APND,ALL_APNODES,0,0.0,3,13
2023-06-21T22:15:00-00:00,2023-06-21T22:20:00-00:00,2023-06-21,16,TH_NP15_GEN-APND,TH_NP15_GEN-APND,TH_NP15_GEN-APND,RTM,MGHG,LMP_GHG_PRC,TH_NP15_GEN-APND,ALL_APNODES,0,0.0,4,13
2023-06-21T22:20:00-00:00,2023-06-21T22:25:00-00:00,2023-06-21,16,TH_NP15_GEN-APND,TH_NP15_GEN-APND,TH_NP15_GEN-APND,RTM,MGHG,LMP_GHG_PRC,TH_NP15_GEN-APND,ALL_APNODES,0,0.0,5,13
2023-06-21T22:25:00-00:00,2023-06-21T22:30:00-00:00,2023-06-21,16,TH_NP15_GEN-APND,TH_NP15_GEN-APND,TH_NP15_GEN-APND,RTM,MGHG,LMP_GHG_PRC,TH_NP15_GEN-APND,ALL_APNODES,0,0.0,6,13
2023-06-21T22:30:00-00:00,2023-06-21T22:35:00-00:00,2023-06-21,16,TH_NP15_GEN-APND,TH_NP15_GEN-APND,TH_NP15_GEN-APND,RTM,MGHG,LMP_GHG_PRC,TH_NP15_GEN-APND,ALL_APNODES,0,0.0,7,13
2023-06-21T22:35:00-00:00,2023-06-21T22:40:00-00:00,2023-06-21,16,TH_NP15_GEN-APND,TH_NP15_GEN-APND,TH_NP15_GEN-APND,RTM,MGHG,LMP_GHG_PRC,TH_NP15_GEN-APND,ALL_APNODES,0,0.0,8,13
2023-06-21T22:40:00-00:00,2023-06-21T22:45:00-00:00,2023-06-21,16,TH_NP15_GEN-APND,TH_NP15_GEN-APND,TH_NP15_GEN-APND,RTM,MGHG,LMP_GHG_PRC,TH_NP15_GEN-APND,ALL_APNODES,0,0.0,9,13
2023-06-21T22:45:00-00:00,2023-06-21T22:50:00-00:00,2023-06-21,16,TH_NP15_GEN-APND,TH_NP15_GEN-APND,TH_NP15_GEN-APND,RTM,MGHG,LMP_GHG_PRC,TH_NP15_GEN-APND,ALL_APNODES,0,0.0,10,13
2023-06-21T22:50:00-00:00,2023-06-21T22:55:00-00:00,2023-06-21,16,TH_NP15_GEN-APND,TH_NP15_GEN-APND,TH_NP15_GEN-APND,RTM,MGHG,LMP_GHG_PRC,TH_NP15_GEN-APND,ALL_APNODES,0,0.0,11,13
2023-06-21T22:55:00-00:00,2023-06-21T23:00:00-00:00,2023-06-21,16,TH_NP15_GEN-APND,TH_NP15_GEN-APND,TH_NP15_GEN-APND,RTM,MGHG,LMP_GHG_PRC,TH_NP15_GEN-APND,ALL_APNODES,0,0.0,12,13
2023-06-21T23:00:00-00:00,2023-06-21T23:05:00-00:00,2023-06-21,17,TH_NP15_GEN-APND,TH_NP15_GEN-APND,TH_NP15_GEN-APND,RTM,MGHG,LMP_GHG_PRC,TH_NP15_GEN-APND,ALL_APNODES,0,0.0,1,13
2023-06-21T23:05:00-00:00,2023-06-21T23:10:00-00:00,2023-06-21,17,TH_NP15_GEN-APND,TH_NP15_GEN-APND,TH_NP15_GEN-APND,RTM,MGHG,LMP_GHG_PRC,TH_NP15_GEN-APND,ALL_APNODES,0,0.0,2,13
2023-06-21T23:10:00-00:00,2023-06-21T23:15:00-00:00,2023-06-21,17,TH_NP15_GEN-APND,TH_NP15_GEN-APND,TH_NP15_GEN-APND,RTM,MGHG,LMP_GHG_PRC,TH_NP15_GEN-APND,ALL_APNODES,0,0.0,3,13
2023-06-21T23:15:00-00:00,2023-06-21T23:20:00-00:00,2023-06-21,17,TH_NP15_GEN-APND,TH_NP15_GEN-APND,TH_NP15_GEN-APND,RTM,MGHG,LMP_GHG_PRC,TH_NP15_GEN-APND,ALL_APNODES,0,0.0,4,13
2023-06-21T23:20:00-00:00,2023-06-21T23:25:00-00:00,2023-06-21,17,TH_NP15_GEN-APND,TH_NP15_GEN-APND,TH_NP15_GEN-APND,RTM,MGHG,LMP_GHG_PRC,TH_NP15_GEN-APND,ALL_APNODES,0,0.0,5,13
2023-06-21T23:25:00-00:00,2023-06-21T23:30:00-00:00,2023-06-21,17,TH_NP15_GEN-APND,TH_NP15_GEN-APND,TH_NP15_GEN-APND,RTM,MGHG,LMP_GHG_PRC,TH_NP15_GEN-APND,ALL_APNODES,0,0.0,6,13
2023-06-21T23:30:00-00:00,2023-06-21T23:35:00-00:00,2023-06-21,17,TH_NP15_GEN-APND,TH_NP15_GEN-APND,TH_NP15_GEN-APND,RTM,MGHG,LMP_GHG_PRC,TH_NP15_GEN-APND,ALL_APNODES,0,0.0,7,13
2023-06-21T23:35:00-00:00,2023-06-21T23:40:00-00:00,2023-06-21,17,TH_NP15_GEN-APND,TH_NP15_GEN-APND,TH_NP15_GEN-APND,RTM,MGHG,LMP_GHG_PRC,TH_NP15_GEN-APND,ALL_APNODES,0,0.0,8,13
2023-06-21T23:40:00-00:00,2023-06-21T23:45:00-00:00,2023-06-21,17,TH_NP15_GEN-APND,TH_NP15_GEN-APND,TH_NP15_GEN-APND,RTM,MGHG,LMP_GHG_PRC,TH_NP15_GEN-APND,ALL_APNODES,0,0.0,9,13
2023-06-21T23:45:00-00:00,2023-06-21T23:50:00-00:00,2023-06-21,17,TH_NP15_GEN-APND,TH_NP15_GEN-APND,TH_NP15_GEN-APND,RTM,MGHG,LMP_GHG_PRC,TH_NP15_GEN-APND,ALL_APNODES,0,0.0,10,13
2023-06-21T23:50:00-00:00,2023-06-21T23:55:00-00:00,2023-06-21,17,TH_NP15_GEN-APND,TH_NP15_GEN-APND,TH_NP15_GEN-APND,RTM,MGHG,LMP_GHG_PRC,TH_NP15_GEN-APND,ALL_APNODES,0,0.0,11,13
2023-06-21T23:55:00-00:00,2023-06-22T00:00:00-00:00,2023-06-21,17,TH_NP15_GEN-APND,TH_NP15_GEN-APND,TH_NP15_GEN-APND,RTM,MGHG,LMP_GHG_PRC,TH_NP15_GEN-APND,ALL_APNODES,0,0.0,12,13
2023-06-21T07:00:00-00:00,2023-06-21T07:05:00-00:00,2023-06-21,1,TH_NP15_GEN-APND,TH_NP15_GEN-APND,TH_NP15_GEN-APND,RTM,MCL,LMP_LOSS_PRC,TH_NP15_GEN-APND,ALL_APNODES,0,-1.21021,1,14
2023-06-21T07:05:00-00:00,2023-06-21T07:10:00-00:00,2023-06-21,1,TH_NP15_GEN-APND,TH_NP15_GEN-APND,TH_NP15_GEN-APND,RTM,MCL,LMP_LOSS_PRC,TH_NP15_GEN-APND,ALL_APNODES,0,-1.21021,2,14
2023-06-21T07:10:00-00:00,2023-06-21T07:15:00-00:00,2023-06-21,1,TH_NP15_GEN-APND,TH_NP15_GEN-APND,TH_NP15_GEN-APND,RTM,MCL,LMP_LOSS_PRC,TH_NP15_GEN-APND,ALL_APNODES,0,-1.21245,3,14
2023-06-21T07:15:00-00:00,2023-06-21T07:20:00-00:00,2023-06-21,1,TH_NP15_GEN-APND,TH_NP15_GEN-APND,TH_NP15_GEN-APND,RTM,MCL,LMP_LOSS_PRC,TH_NP15_GEN-APND,ALL_APNODES,0,-1.26449,4,14
2023-06-21T07:20:00-00:00,2023-06-21T07:25:00-00:00,2023-06-21,1,TH_NP15_GEN-APND,TH_NP15_GEN-APND,TH_NP15_GEN-APND,RTM,MCL,LMP_LOSS_PRC,TH_NP15_GEN-APND,ALL_APNODES,0,-1.25432,5,14
2023-06-21T07:25:00-00:00,2023-06-21T07:30:00-00:00,2023-06-21,1,TH_NP15_GEN-APND,TH_NP15_GEN-APND,TH_NP15_GEN-APND,RTM,MCL,LMP_LOSS_PRC,TH_NP15_GEN-APND,ALL_APNODES,0,-1.15678,6,14
2023-06-21T07:30:00-00:00,2023-06-21T07:35:00-00:00,2023-06-21,1,TH_NP15_GEN-APND,TH_NP15_GEN-APND,TH_NP15_GEN-APND,RTM,MCL,LMP_LOSS_PRC,TH_NP15_GEN-APND,ALL_APNODES,0,-1.30891,7,14
2023-06-21T07:35:00-00:00,2023-06-21T07:40:00-00:00,2023-06-21,1,TH_NP15_GEN-APND,TH_NP15_GEN-APND,TH_NP15_GEN-APND,RTM,MCL,LMP_LOSS_PRC,TH_NP15_GEN-APND,ALL_APNODES,0,-1.35569,8,14
2023-06-21T07:40:00-00:00,2023-06-21T07:45:00-00:00,2023-06-21,1,TH_NP15_GEN-APND,TH_NP15_GEN-APND,TH_NP15_GEN-APND,RTM,MCL,LMP_LOSS_PRC,TH_NP15_GEN-APND,ALL_APNODES,0,-1.28343,9,14
2023-06-21T07:45:00-00:00,2023-06-21T07:50:00-00:00,2023-06-21,1,TH_NP15_GEN-APND,TH_NP15_GEN-APND,TH_NP15_GEN-APND,RTM,MCL,LMP_LOSS_PRC,TH_NP15_GEN-APND,ALL_APNODES,0,-1.14729,10,14
2023-06-21T07:50:00-00:00,2023-06-21T07:55:00-00:00,2023-06-21,1,TH_NP15_GEN-APND,TH_NP15_GEN-APND,TH_NP15_GEN-APND,RTM,MCL,LMP_LOSS_PRC,TH_NP15_GEN-APND,ALL_APNODES,0,-1.14999,11,14
2023-06-21T07:55:00-00:00,2023-06-21T08:00:00-00:00,2023-06-21,1,TH_NP15_GEN-APND,TH_NP15_GEN-APND,TH_NP15_GEN-APND,RTM,MCL,LMP_LOSS_PRC,TH_NP15_GEN-APND,ALL_APNODES,0,-1.11613,12,14
2023-06-21T08:00:00-00:00,2023-06-21T08:05:00-00:00,2023-06-21,2,TH_NP15_GEN-APND,TH_NP15_GEN-APND,TH_NP15_GEN-APND,RTM,MCL,LMP_LOSS_PRC,TH_NP15_GEN-APND,ALL_APNODES,0,-0.98109,1,14
2023-06-21T08:05:00-00:00,2023-06-21T08:10:00-00:00,2023-06-21,2,TH_NP15_GEN-APND,TH_NP15_GEN-APND,TH_NP15_GEN-APND,RTM,MCL,LMP_LOSS_PRC,TH_NP15_GEN-APND,ALL_APNODES,0,-0.95715,2,14
2023-06-21T08:10:00-00:00,2023-06-21T08:15:00-00:00,2023-06-21,2,TH_NP15_GEN-APND,TH_NP15_GEN-APND,TH_NP15_GEN-APND,RTM,MCL,LMP_LOSS_PRC,TH_NP15_GEN-APND,ALL_APNODES,0,-0.89029,3,14
2023-06-21T08:15:00-00:00,2023-06-21T08:20:00-00:00,2023-06-21,2,TH_NP15_GEN-APND,TH_NP15_GEN-APND,TH_NP15_GEN-APND,RTM,MCL,LMP_LOSS_PRC,TH_NP15_GEN-APND,ALL_APNODES,0,-0.98886,4,14
2023-06-21T08:20:00-00:00,2023-06-21T08:25:00-00:00,2023-06-21,2,TH_NP15_GEN-APND,TH_NP15_GEN-APND,TH_NP15_GEN-APND,RTM,MCL,LMP_LOSS_PRC,TH_NP15_GEN-APND,ALL_APNODES,0,-0.98514,5,14
2023-06-21T08:25:00-00:00,2023-06-21T08:30:00-00:00,2023-06-21,2,TH_NP15_GEN-APND,TH_NP15_GEN-APND,TH_NP15_GEN-APND,RTM,MCL,LMP_LOSS_PRC,TH_NP15_GEN-APND,ALL_APNODES,0,-0.97376,6,14
2023-06-21T08:30:00-00:00,2023-06-21T08:35:00-00:00,2023-06-21,2,TH_NP15_GEN-APND,TH_NP15_GEN-APND,TH_NP15_GEN-APND,RTM,MCL,LMP_LOSS_PRC,TH_NP15_GEN-APND,ALL_APNODES,0,-0.97376,7,14
2023-06-21T08:35:00-00:00,2023-06-21T08:40:00-00:00,2023-06-21,2,TH_NP15_GEN-APND,TH_NP15_GEN-APND,TH_NP15_GEN-APND,RTM,MCL,LMP_LOSS_PRC,TH_NP15_GEN-APND,ALL_APNODES,0,-0.97376,8,14
2023-06-21T08:40:00-00:00,2023-06-21T08:45:00-00:00,2023-06-21,2,TH_NP15_GEN-APND,TH_NP15_GEN-APND,TH_NP15_GEN-APND,RTM,MCL,LMP_LOSS_PRC,TH_NP15_GEN-APND,ALL_APNODES,0,-0.97376,9,14
2023-06-21T08:45:00-00:00,2023-06-21T08:50:00-00:00,2023-06-21,2,TH_NP15_GEN-APND,TH_NP15_GEN-APND,TH_NP15_GEN-APND,RTM,MCL,LMP_LOSS_PRC,TH_NP15_GEN-APND,ALL_APNODES,0,-0.97376,10,14
2023-06-21T08:50:00-00:00,2023-06-21T08:55:00-00:00,2023-06-21,2,TH_NP15_GEN-APND,TH_NP15_GEN-APND,TH_NP15_GEN-APND,RTM,MCL,LMP_LOSS_PRC,TH_NP15_GEN-APND,ALL_APNODES,0,-0.75244,11,14
2023-06-21T08:55:00-00:00,2023-06-21T09:00:00-00:00,2023-06-21,2,TH_NP15_GEN-APND,TH_NP15_GEN-APND,TH_NP15_GEN-APND,RTM,MCL,LMP_LOSS_PRC,TH_NP15_GEN-APND,ALL_APNODES,0,-0.75362,12,14
2023-06-21T09:00:00-00:00,2023-06-21T09:05:00-00:00,2023-06-21,3,TH_NP15_GEN-APND,TH_NP15_GEN-APND,TH_NP15_GEN-APND,RTM,MCL,LMP_LOSS_PRC,TH_NP15_GEN-APND,ALL_APNODES,0,0.0,1,14
2023-06-21T09:05:00-00:00,2023-06-21T09:10:00-00:00,2023-06-21,3,TH_NP15_GEN-APND,TH_NP15_GEN-APND,TH_NP15_GEN-APND,RTM,MCL,LMP_LOSS_PRC,TH_NP15_GEN-APND,ALL_APNODES,0,0.0,2,14
2023-06-21T09:10:00-00:00,2023-06-21T09:15:00-00:00,2023-06-21,3,TH_NP15_GEN-APND,TH_NP15_GEN-APND,TH_NP15_GEN-APND,RTM,MCL,LMP_LOSS_PRC,TH_NP15_GEN-APND,ALL_APNODES,0,0.0,3,14
2023-06-21T09:15:00-00:00,2023-06-21T09:20:00-00:00,2023-06-21,3,TH_NP15_GEN-APND,TH_NP15_GEN-APND,TH_NP15_GEN-APND,RTM,MCL,LMP_LOSS_PRC,TH_NP15_GEN-APND,ALL_APNODES,0,0.0,4,14
2023-06-21T09:20:00-00:00,2023-06-21T09:25:00-00:00,2023-06-21,3,TH_NP15_GEN-APND,TH_NP15_GEN-APND,TH_NP15_GEN-APND,RTM,MCL,LMP_LOSS_PRC,TH_NP15_GEN-APND,ALL_APNODES,0,0.0,5,14
2023-06-21T09:25:00-00:00,2023-06-21T09:30:00-00:00,2023-06-21,3,TH_NP15_GEN-APND,TH_NP15_GEN-APND,TH_NP15_GEN-APND,RTM,MCL,LMP_LOSS_PRC,TH_NP15_GEN-APND,ALL_APNODES,0,0.0,6,14
2023-06-21T09:30:00-00:00,2023-06-21T09:35:00-00:00,2023-06-21,3,TH_NP15_GEN-APND,TH_NP15_GEN-APND,TH_NP15_GEN-APND,RTM,MCL,LMP_LOSS_PRC,TH_NP15_GEN-APND,ALL_APNODES,0,0.0,7,14
2023-06-21T09:35:00-00:00,2023-06-21T09:40:00-00:00,2023-06-21,3,TH_NP15_GEN-APND,TH_NP15_GEN-APND,TH_NP15_GEN-APND,RTM,MCL,LMP_LOSS_PRC,TH_NP15_GEN-APND,ALL_APNODES,0,0.0,8,14
2023-06-21T09:40:00-00:00,2023-06-21T09:45:00-00:00,2023-06-21,3,TH_NP15_GEN-APND,TH_NP15_GEN-APND,TH_NP15_GEN-APND,RTM,MCL,LMP_LOSS_PRC,TH_NP15_GEN-APND,ALL_APNODES,0,0.0,9,14
2023-06-21T09:45:00-00:00,2023-06-21T09:50:00-00:00,2023-06-21,3,TH_NP15_GEN-APND,TH_NP15_GEN-APND,TH_NP15_GEN-APND,RTM,MCL,LMP_LOSS_PRC,TH_NP15_GEN-APND,ALL_APNODES,0,0.0,10,14
2023-06-21T09:50:00-00:00,2023-06-21T09:55:00-00:00,2023-06-21,3,TH_NP15_GEN-APND,TH_NP15_GEN-APND,TH_NP15_GEN-APND,RTM,MCL,LMP_LOSS_PRC,TH_NP15_GEN-APND,ALL_APNODES,0,0.0,11,14
2023-06-21T09:55:00-00:00,2023-06-21T10:00:00-00:00,2023-06-21,3,TH_NP15_GEN-APND,TH_NP15_GEN-APND,TH_NP15_GEN-APND,RTM,MCL,LMP_LOSS_PRC,TH_NP15_GEN-APND,ALL_APNODES,0,0.0,12,14
2023-06-21T10:00:00-00:00,2023-06-21T10:05:00-00:00,2023-06-21,4,TH_NP15_GEN-APND,TH_NP15_GEN-APND,TH_NP15_GEN-APND,RTM,MCL,LMP_LOSS_PRC,TH_NP15_GEN-APND,ALL_APNODES,0,0.0,1,14
2023-06-21T10:05:00-00:00,2023-06-21T10:10:00-00:00,2023-06-21,4,TH_NP15_GEN-APND,TH_NP15_GEN-APND,TH_NP15_GEN-APND,RTM,MCL,LMP_LOSS_PRC,TH_NP15_GEN-APND,ALL_APNODES,0,0.0,2,14
2023-06-21T10:10:00-00:00,2023-06-21T10:15:00-00:00,2023-06-21,4,TH_NP15_GEN-APND,TH_NP15_GEN-APND,TH_NP15_GEN-APND,RTM,MCL,LMP_LOSS_PRC,TH_NP15_GEN-APND,ALL_APNODES,0,0.0,3,14
2023-06-21T10:15:00-00:00,2023-06-21T10:20:00-00:00,2023-06-21,4,TH_NP15_GEN-APND,TH_NP15_GEN-APND,TH_NP15_GEN-APND,RTM,MCL,LMP_LOSS_PRC,TH_NP15_GEN-APND,ALL_APNODES,0,0.0,4,14
2023-06-21T10:20:00-00:00,2023-06-21T10:25:00-00:00,2023-06-21,4,TH_NP15_GEN-APND,TH_NP15_GEN-APND,TH_NP15_GEN-APND,RTM,MCL,LMP_LOSS_PRC,TH_NP15_GEN-APND,ALL_APNODES,0,0.0,5,14
2023-06-21T10:25:00-00:00,2023-06-21T10:30:00-00:00,2023-06-21,4,TH_NP15_GEN-APND,TH_NP15_GEN-APND,TH_NP15_GEN-APND,RTM,MCL,LMP_LOSS_PRC,TH_NP15_GEN-APND,ALL_APNODES,0,0.0,6,14
2023-06-21T10:30:00-00:00,2023-06-21T10:35:00-00:00,2023-06-21,4,TH_NP15_GEN-APND,TH_NP15_GEN-APND,TH_NP15_GEN-APND,RTM,MCL,LMP_LOSS_PRC,TH_NP15_GEN-APND,ALL_APNODES,0,0.0,7,14
2023-06-21T10:35:00-00:00,2023-06-21T10:40:00-00:00,2023-06-21,4,TH_NP15_GEN-APND,TH_NP15_GEN-APND,TH_NP15_GEN-APND,RTM,MCL,LMP_LOSS_PRC,TH_NP15_GEN-APND,ALL_APNODES,0,0.0,8,14
2023-06-21T10:40:00-00:00,2023-06-21T10:45:00-00:00,2023-06-21,4,TH_NP15_GEN-APND,TH_NP15_GEN-APND,TH_NP15_GEN-APND,RTM,MCL,LMP_LOSS_PRC,TH_NP15_GEN-APND,ALL_APNODES,0,0.0,9,14
2023-06-21T10:45:00-00:00,2023-06-21T10:50:00-00:00,2023-06-21,4,TH_NP15_GEN-APND,TH_NP15_GEN-APND,TH_NP15_GEN-APND,RTM,MCL,LMP_LOSS_PRC,TH_NP15_GEN-APND,ALL_APNODES,0,0.0,10,14
2023-06-21T10:50:00-00:00,2023-06-21T10:55:00-00:00,2023-06-21,4,TH_NP15_GEN-APND,TH_NP15_GEN-APND,TH_NP15_GEN-APND,RTM,MCL,LMP_LOSS_PRC,TH_NP15_GEN-APND,ALL_APNODES,0,0.0,11,14
2023-06-21T10:55:00-00:00,2023-06-21T11:00:00-00:00,2023-06-21,4,TH_NP15_GEN-APND,TH_NP15_GEN-APND,TH_NP15_GEN-APND,RTM,MCL,LMP_LOSS_PRC,TH_NP15_GEN-APND,ALL_APNODES,0,0.0,12,14
2023-06-21T11:00:00-00:00,2023-06-21T11:05:00-00:00,2023-06-21,5,TH_NP15_GEN-APND,TH_NP15_GEN-APND,TH_NP15_GEN-APND,RTM,MCL,LMP_LOSS_PRC,TH_NP15_GEN-APND,ALL_APNODES,0,0.0,1,14
2023-06-21T11:05:00-00:00,2023-06-21T11:10:00-00:00,2023-06-21,5,TH_NP15_GEN-APND,TH_NP15_GEN-APND,TH_NP15_GEN-APND,RTM,MCL,LMP_LOSS_PRC,TH_NP15_GEN-APND,ALL_APNODES,0,0.0,2,14
2023-06-21T11:10:00-00:00,2023-06-21T11:15:00-00:00,2023-06-21,5,TH_NP15_GEN-APND,TH_NP15_GEN-APND,TH_NP15_GEN-APND,RTM,MCL,LMP_LOSS_PRC,TH_NP15_GEN-APND,ALL_APNODES,0,0.0,3,14
2023-06-21T11:15:00-00:00,2023-06-21T11:20:00-00:00,2023-06-21,5,TH_NP15_GEN-APND,TH_NP15_GEN-APND,TH_NP15_GEN-APND,RTM,MCL,LMP_LOSS_PRC,TH_NP15_GEN-APND,ALL_APNODES,0,0.0,4,14
2023-06-21T11:20:00-00:00,2023-06-21T11:25:00-00:00,2023-06-21,5,TH_NP15_GEN-APND,TH_NP15_GEN-APND,TH_NP15_GEN-APND,RTM,MCL,LMP_LOSS_PRC,TH_NP15_GEN-APND,ALL_APNODES,0,0.0,5,14
2023-06-21T11:25:00-00:00,2023-06-21T11:30:00-00:00,2023-06-21,5,TH_NP15_GEN-APND,TH_NP15_GEN-APND,TH_NP15_GEN-APND,RTM,MCL,LMP_LOSS_PRC,TH_NP15_GEN-APND,ALL_APNODES,0,0.0,6,14
2023-06-21T11:30:00-00:00,2023-06-21T11:35:00-00:00,2023-06-21,5,TH_NP15_GEN-APND,TH_NP15_GEN-APND,TH_NP15_GEN-APND,RTM,MCL,LMP_LOSS_PRC,TH_NP15_GEN-APND,ALL_APNODES,0,0.0,7,14
2023-06-21T11:35:00-00:00,2023-06-21T11:40:00-00:00,2023-06-21,5,TH_NP15_GEN-APND,TH_NP15_GEN-APND,TH_NP15_GEN-APND,RTM,MCL,LMP_LOSS_PRC,TH_NP15_GEN-APND,ALL_APNODES,0,0.0,8,14
2023-06-21T11:40:00-00:00,2023-06-21T11:45:00-00:00,2023-06-21,5,TH_NP15_GEN-APND,TH_NP15_GEN-APND,TH_NP15_GEN-APND,RTM,MCL,LMP_LOSS_PRC,TH_NP15_GEN-APND,ALL_APNODES,0,0.0,9,14
2023-06-21T11:45:00-00:00,2023-06-21T11:50:00-00:00,2023-06-21,5,TH_NP15_GEN-APND,TH_NP15_GEN-APND,TH_NP15_GEN-APND,RTM,MCL,LMP_LOSS_PRC,TH_NP15_GEN-APND,ALL_APNODES,0,0.0,10,14
2023-06-21T11:50:00-00:00,2023-06-21T11:55:00-00:00,2023-06-21,5,TH_NP15_GEN-APND,TH_NP15_GEN-APND,TH_NP15_GEN-APND,RTM,MCL,LMP_LOSS_PRC,TH_NP15_GEN-APND,ALL_APNODES,0,0.0,11,14
2023-06-21T11:55:00-00:00,2023-06-21T12:00:00-00:00,2023-06-21,5,TH_NP15_GEN-APND,TH_NP15_GEN-APND,TH_NP15_GEN-APND,RTM,MCL,LMP_LOSS_PRC,TH_NP15_GEN-APND,ALL_APNODES,0,0.0,12,14
2023-06-21T12:00:00-00:00,2023-06-21T12:05:00-00:00,2023-06-21,6,TH_NP15_GEN-APND,TH_NP15_GEN-APND,TH_NP15_GEN-APND,RTM,MCL,LMP_LOSS_PRC,TH_NP15_GEN-APND,ALL_APNODES,0,-0.90999,1,14
2023-06-21T12:05:00-00:00,2023-06-21T12:10:00-00:00,2023-06-21,6,TH_NP15_GEN-APND,TH_NP15_GEN-APND,TH_NP15_GEN-APND,RTM,MCL,LMP_LOSS_PRC,TH_NP15_GEN-APND,ALL_APNODES,0,-0.94018,2,14
2023-06-21T12:10:00-00:00,2023-06-21T12:15:00-00:00,2023-06-21,6,TH_NP15_GEN-APND,TH_NP15_GEN-APND,TH_NP15_GEN-APND,RTM,MCL,LMP_LOSS_PRC,TH_NP15_GEN-APND,ALL_APNODES,0,-0.86413,3,14
2023-06-21T12:15:00-00:00,2023-06-21T12:20:00-00:00,2023-06-21,6,TH_NP15_GEN-APND,TH_NP15_GEN-APND,TH_NP15_GEN-APND,RTM,MCL,LMP_LOSS_PRC,TH_NP15_GEN-APND,ALL_APNODES,0,-1.32871,4,14
2023-06-21T12:20:00-00:00,2023-06-21T12:25:00-00:00,2023-06-21,6,TH_NP15_GEN-APND,TH_NP15_GEN-APND,TH_NP15_GEN-APND,RTM,MCL,LMP_LOSS_PRC,TH_NP15_GEN-APND,ALL_APNODES,0,-1.45714,5,14
2023-06-21T12:25:00-00:00,2023-06-21T12:30:00-00:00,2023-06-21,6,TH_NP15_GEN-APND,TH_NP15_GEN-APND,TH_NP15_GEN-APND,RTM,MCL,LMP_LOSS_PRC,TH_NP15_GEN-APND,ALL_APNODES,0,-1.39715,6,14
2023-06-21T12:30:00-00:00,2023-06-21T12:35:00-00:00,2023-06-21,6,TH_NP15_GEN-APND,TH_NP15_GEN-APND,TH_NP15_GEN-APND,RTM,MCL,LMP_LOSS_PRC,TH_NP15_GEN-APND,ALL_APNODES,0,-1.18977,7,14
2023-06-21T12:35:00-00:00,2023-06-21T12:40:00-00:00,2023-06-21,6,TH_NP15_GEN-APND,TH_NP15_GEN-APND,TH_NP15_GEN-APND,RTM,MCL,LMP_LOSS_PRC,TH_NP15_GEN-APND,ALL_APNODES,0,-1.31758,8,14
2023-06-21T12:40:00-00:00,2023-06-21T12:45:00-00:00,2023-06-21,6,TH_NP15_GEN-APND,TH_NP15_GEN-APND,TH_NP15_GEN-APND,RTM,MCL,LMP_LOSS_PRC,TH_NP15_GEN-APND,ALL_APNODES,0,-1.13271,9,14
2023-06-21T12:45:00-00:00,2023-06-21T12:50:00-00:00,2023-06-21,6,TH_NP15_GEN-APND,TH_NP15_GEN-APND,TH_NP15_GEN-APND,RTM,MCL,LMP_LOSS_PRC,TH_NP15_GEN-APND,ALL_APNODES,0,-0.77236,10,14
2023-06-21T12:50:00-00:00,2023-06-21T12:55:00-00:00,2023-06-21,6,TH_NP15_GEN-APND,TH_NP15_GEN-APND,TH_NP15_GEN-APND,RTM,MCL,LMP_LOSS_PRC,TH_NP15_GEN-APND,ALL_APNODES,0,-0.7899,11,14
2023-06-21T12:55:00-00:00,2023-06-21T13:00:00-00:00,2023-06-21,6,TH_NP15_GEN-APND,TH_NP15_GEN-APND,TH_NP15_GEN-APND,RTM,MCL,LMP_LOSS_PRC,TH_NP15_GEN-APND,ALL_APNODES,0,-0.82473,12,14
2023-06-21T13:00:00-00:00,2023-06-21T13:05:00-00:00,2023-06-21,7,TH_NP15_GEN-APND,TH_NP15_GEN-APND,TH_NP15_GEN-APND,RTM,MCL,LMP_LOSS_PRC,TH_NP15_GEN-APND,ALL_APNODES,0,0.0,1,14
2023-06-21T13:05:00-00:00,2023-06-21T13:10:00-00:00,2023-06-21,7,TH_NP15_GEN-APND,TH_NP15_GEN-APND,TH_NP15_GEN-APND,RTM,MCL,LMP_LOSS_PRC,TH_NP15_GEN-APND,ALL_APNODES,0,0.0,2,14
2023-06-21T13:10:00-00:00,2023-06-21T13:15:00-00:00,2023-06-21,7,TH_NP15_GEN-APND,TH_NP15_GEN-APND,TH_NP15_GEN-APND,RTM,MCL,LMP_LOSS_PRC,TH_NP15_GEN-APND,ALL_APNODES,0,0.0,3,14
2023-06-21T13:15:00-00:00,2023-06-21T13:20:00-00:00,2023-06-21,7,TH_NP15_GEN-APND,TH_NP15_GEN-APND,TH_NP15_GEN-APND,RTM,MCL,LMP_LOSS_PRC,TH_NP15_GEN-APND,ALL_APNODES,0,0.0,4,14
2023-06-21T13:20:00-00:00,2023-06-21T13:25:00-00:00,2023-06-21,7,TH_NP15_GEN-APND,TH_NP15_GEN-APND,TH_NP15_GEN-APND,RTM,MCL,LMP_LOSS_PRC,TH_NP15_GEN-APND,ALL_APNODES,0,0.0,5,14
2023-06-21T13:25:00-00:00,2023-06-21T13:30:00-00:00,2023-06-21,7,TH_NP15_GEN-APND,TH_NP15_GEN-APND,TH_NP15_GEN-APND,RTM,MCL,LMP_LOSS_PRC,TH_NP15_GEN-APND,ALL_APNODES,0,0.0,6,14
2023-06-21T13:30:00-00:00,2023-06-21T13:35:00-00:00,2023-06-21,7,TH_NP15_GEN-APND,TH_NP15_GEN-APND,TH_NP15_GEN-APND,RTM,MCL,LMP_LOSS_PRC,TH_NP15_GEN-APND,ALL_APNODES,0,0.0,7,14
2023-06-21T13:35:00-00:00,2023-06-21T13:40:00-00:00,2023-06-21,7,TH_NP15_GEN-APND,TH_NP15_GEN-APND,TH_NP15_GEN-APND,RTM,MCL,LMP_LOSS_PRC,TH_NP15_GEN-APND,ALL_APNODES,0,0.0,8,14
2023-06-21T13:40:00-00:00,2023-06-21T13:45:00-00:00,2023-06-21,7,TH_NP15_GEN-APND,TH_NP15_GEN-APND,TH_NP15_GEN-APND,RTM,MCL,LMP_LOSS_PRC,TH_NP15_GEN-APND,ALL_APNODES,0,0.0,9,14
2023-06-21T13:45:00-00:00,2023-06-21T13:50:00-00:00,2023-06-21,7,TH_NP15_GEN-APND,TH_NP15_GEN-APND,TH_NP15_GEN-APND,RTM,MCL,LMP_LOSS_PRC,TH_NP15_GEN-APND,ALL_APNODES,0,0.0,10,14
2023-06-21T13:50:00-00:00,2023-06-21T13:55:00-00:00,2023-06-21,7,TH_NP15_GEN-APND,TH_NP15_GEN-APND,TH_NP15_GEN-APND,RTM,MCL,LMP_LOSS_PRC,TH_NP15_GEN-APND,ALL_APNODES,0,0.0,11,14
2023-06-21T13:55:00-00:00,2023-06-21T14:00:00-00:00,2023-06-21,7,TH_NP15_GEN-APND,TH_NP15_GEN-APND,TH_NP15_GEN-APND,RTM,MCL,LMP_LOSS_PRC,TH_NP15_GEN-APND,ALL_APNODES,0,0.0,12,14
2023-06-21T14:00:00-00:00,2023-06-21T14:05:00-00:00,2023-06-21,8,TH_NP15_GEN-APND,TH_NP15_GEN-APND,TH_NP15_GEN-APND,RTM,MCL,LMP_LOSS_PRC,TH_NP15_GEN-APND,ALL_APNODES,0,-0.06984,1,14
2023-06-21T14:05:00-00:00,2023-06-21T14:10:00-00:00,2023-06-21,8,TH_NP15_GEN-APND,TH_NP15_GEN-APND,TH_NP15_GEN-APND,RTM,MCL,LMP_LOSS_PRC,TH_NP15_GEN-APND,ALL_APNODES,0,-0.11159,2,14
2023-06-21T14:10:00-00:00,2023-06-21T14:15:00-00:00,2023-06-21,8,TH_NP15_GEN-APND,TH_NP15_GEN-APND,TH_NP15_GEN-APND,RTM,MCL,LMP_LOSS_PRC,TH_NP15_GEN-APND,ALL_APNODES,0,-0.08857,3,14
2023-06-21T14:15:00-00:00,2023-06-21T14:20:00-00:00,2023-06-21,8,TH_NP15_GEN-APND,TH_NP15_GEN-APND,TH_NP15_GEN-APND,RTM,MCL,LMP_LOSS_PRC,TH_NP15_GEN-APND,ALL_APNODES,0,-0.21545,4,14
2023-06-21T14:20:00-00:00,2023-06-21T14:25:00-00:00,2023-06-21,8,TH_NP15_GEN-APND,TH_NP15_GEN-APND,TH_NP15_GEN-APND,RTM,MCL,LMP_LOSS_PRC,TH_NP15_GEN-APND,ALL_APNODES,0,-0.26503,5,14
2023-06-21T14:25:00-00:00,2023-06-21T14:30:00-00:00,2023-06-21,8,TH_NP15_GEN-APND,TH_NP15_GEN-APND,TH_NP15_GEN-APND,RTM,MCL,LMP_LOSS_PRC,TH_NP15_GEN-APND,ALL_APNODES,0,-0.26668,6,14
2023-06-21T14:30:00-00:00,2023-06-21T14:35:00-00:00,2023-06-21,8,TH_NP15_GEN-APND,TH_NP15_GEN-APND,TH_NP15_GEN-APND,RTM,MCL,LMP_LOSS_PRC,TH_NP15_GEN-APND,ALL_APNODES,0,-0.35624,7,14
2023-06-21T14:35:00-00:00,2023-06-21T14:40:00-00:00,2023-06-21,8,TH_NP15_GEN-APND,TH_NP15_GEN-APND,TH_NP15_GEN-APND,RTM,MCL,LMP_LOSS_PRC,TH_NP15_GEN-APND,ALL_APNODES,0,-0.35213,8,14
2023-06-21T14:40:00-00:00,2023-06-21T14:45:00-00:00,2023-06-21,8,TH_NP15_GEN-APND,TH_NP15_GEN-APND,TH_NP15_GEN-APND,RTM,MCL,LMP_LOSS_PRC,TH_NP15_GEN-APND,ALL_APNODES,0,-0.34781,9,14
2023-06-21T14:45:00-00:00,2023-06-21T14:50:00-00:00,2023-06-21,8,TH_NP15_GEN-APND,TH_NP15_GEN-APND,TH_NP15_GEN-APND,RTM,MCL,LMP_LOSS_PRC,TH_NP15_GEN-APND,ALL_APNODES,0,-0.38958,10,14
2023-06-21T14:50:00-00:00,2023-06-21T14:55:00-00:00,2023-06-21,8,TH_NP15_GEN-APND,TH_NP15_GEN-APND,TH_NP15_GEN-APND,RTM,MCL,LMP_LOSS_PRC,TH_NP15_GEN-APND,ALL_APNODES,0,-0.36291,11,14
2023-06-21T14:55:00-00:00,2023-06-21T15:00:00-00:00,2023-06-21,8,TH_NP15_GEN-APND,TH_NP15_GEN-APND,TH_NP15_GEN-APND,RTM,MCL,LMP_LOSS_PRC,TH_NP15_GEN-APND,ALL_APNODES,0,-0.38073,12,14
2023-06-21T15:00:00-00:00,2023-06-21T15:05:00-00:00,2023-06-21,9,TH_NP15_GEN-APND,TH_NP15_GEN-APND,TH_NP15_GEN-APND,RTM,MCL,LMP_LOSS_PRC,TH_NP15_GEN-APND,ALL_APNODES,0,-0.27532,1,14
2023-06-21T15:05:00-00:00,2023-06-21T15:10:00-00:00,2023-06-21,9,TH_NP15_GEN-APND,TH_NP15_GEN-APND,TH_NP15_GEN-APND,RTM,MCL,LMP_LOSS_PRC,TH_NP15_GEN-APND,ALL_APNODES,0,-0.27251,2,14
2023-06-21T15:10:00-00:00,2023-06-21T15:15:00-00:00,2023-06-21,9,TH_NP15_GEN-APND,TH_NP15_GEN-APND,TH_NP15_GEN-APND,RTM,MCL,LMP_LOSS_PRC,TH_NP15_GEN-APND,ALL_APNODES,0,-0.28081,3,14
2023-06-21T15:15:00-00:00,2023-06-21T15:20:00-00:00,2023-06-21,9,TH_NP15_GEN-APND,TH_NP15_GEN-APND,TH_NP15_GEN-APND,RTM,MCL,LMP_LOSS_PRC,TH_NP15_GEN-APND,ALL_APNODES,0,-0.2434,4,14
2023-06-21T15:20:00-00:00,2023-06-21T15:25:00-00:00,2023-06-21,9,TH_NP15_GEN-APND,TH_NP15_GEN-APND,TH_NP15_GEN-APND,RTM,MCL,LMP_LOSS_PRC,TH_NP15_GEN-APND,ALL_APNODES,0,-0.24534,5,14
2023-06-21T15:25:00-00:00,2023-06-21T15:30:00-00:00,2023-06-21,9,TH_NP15_GEN-APND,TH_NP15_GEN-APND,TH_NP15_GEN-APND,RTM,MCL,LMP_LOSS_PRC,TH_NP15_GEN-APND,ALL_APNODES,0,-0.23713,6,14
2023-06-21T15:30:00-00:00,2023-06-21T15:35:00-00:00,2023-06-21,9,TH_NP15_GEN-APND,TH_NP15_GEN-APND,TH_NP15_GEN-APND,RTM,MCL,LMP_LOSS_PRC,TH_NP15_GEN-APND,ALL_APNODES,0,-0.31134,7,14
2023-06-21T15:35:00-00:00,2023-06-21T15:40:00-00:00,2023-06-21,9,TH_NP15_GEN-APND,TH_NP15_GEN-APND,TH_NP15_GEN-APND,RTM,MCL,LMP_LOSS_PRC,TH_NP15_GEN-APND,ALL_APNODES,0,-0.31047,8,14
2023-06-21T15:40:00-00:00,2023-06-21T15:45:00-00:00,2023-06-21,9,TH_NP15_GEN-APND,TH_NP15_GEN-APND,TH_NP15_GEN-APND,RTM,MCL,LMP_LOSS_PRC,TH_NP15_GEN-APND,ALL_APNODES,0,-0.29916,9,14
2023-06-21T15:45:00-00:00,2023-06-21T15:50:00-00:00,2023-06-21,9,TH_NP15_GEN-APND,TH_NP15_GEN-APND,TH_NP15_GEN-APND,RTM,MCL,LMP_LOSS_PRC,TH_NP15_GEN-APND,ALL_APNODES,0,-0.33364,10,14
2023-06-21T15:50:00-00:00,2023-06-21T15:55:00-00:00,2023-06-21,9,TH_NP15_GEN-APND,TH_NP15_GEN-APND,TH_NP15_GEN-APND,RTM,MCL,LMP_LOSS_PRC,TH_NP15_GEN-APND,ALL_APNODES,0,-0.31877,11,14
2023-06-21T15:55:00-00:00,2023-06-21T16:00:00-00:00,2023-06-21,9,TH_NP15_GEN-APND,TH_NP15_GEN-APND,TH_NP15_GEN-APND,RTM,MCL,LMP_LOSS_PRC,TH_NP15_GEN-APND,ALL_APNODES,0,-0.31819,12,14
2023-06-21T16:00:00-00:00,2023-06-21T16:05:00-00:00,2023-06-21,10,TH_NP15_GEN-APND,TH_NP15_GEN-APND,TH_NP15_GEN-APND,RTM,MCL,LMP_LOSS_PRC,TH_NP15_GEN-APND,ALL_APNODES,0,-0.42903,1,14
2023-06-21T16:05:00-00:00,2023-06-21T16:10:00-00:00,2023-06-21,10,TH_NP15_GEN-APND,TH_NP15_GEN-APND,TH_NP15_GEN-APND,RTM,MCL,LMP_LOSS_PRC,TH_NP15_GEN-APND,ALL_APNODES,0,-0.42825,2,14
2023-06-21T16:10:00-00:00,2023-06-21T16:15:00-00:00,2023-06-21,10,TH_NP15_GEN-APND,TH_NP15_GEN-APND,TH_NP15_GEN-APND,RTM,MCL,LMP_LOSS_PRC,TH_NP15_GEN-APND,ALL_APNODES,0,-0.48262,3,14
2023-06-21T16:15:00-00:00,2023-06-21T16:20:00-00:00,2023-06-21,10,TH_NP15_GEN-APND,TH_NP15_GEN-APND,TH_NP15_GEN-APND,RTM,MCL,LMP_LOSS_PRC,TH_NP15_GEN-APND,ALL_APNODES,0,-0.3778,4,14
2023-06-21T16:20:00-00:00,2023-06-21T16:25:00-00:00,2023-06-21,10,TH_NP15_GEN-APND,TH_NP15_GEN-APND,TH_NP15_GEN-APND,RTM,MCL,LMP_LOSS_PRC,TH_NP15_GEN-APND,ALL_APNODES,0,-0.36649,5,14
2023-06-21T16:25:00-00:00,2023-06-21T16:30:00-00:00,2023-06-21,10,TH_NP15_GEN-APND,TH_NP15_GEN-APND,TH_NP15_GEN-APND,RTM,MCL,LMP_LOSS_PRC,TH_NP15_GEN-APND,ALL_APNODES,0,-0.36932,6,14
2023-06-21T16:30:00-00:00,2023-06-21T16:35:00-00:00,2023-06-21,10,TH_NP15_GEN-APND,TH_NP15_GEN-APND,TH_NP15_GEN-APND,RTM,MCL,LMP_LOSS_PRC,TH_NP15_GEN-APND,ALL_APNODES,0,-0.37165,7,14
2023-06-21T16:35:00-00:00,2023-06-21T16:40:00-00:00,2023-06-21,10,TH_NP15_GEN-APND,TH_NP15_GEN-APND,TH_NP15_GEN-APND,RTM,MCL,LMP_LOSS_PRC,TH_NP15_GEN-APND,ALL_APNODES,0,-0.35196,8,14
2023-06-21T16:40:00-00:00,2023-06-21T16:45:00-00:00,2023-06-21,10,TH_NP15_GEN-APND,TH_NP15_GEN-APND,TH_NP15_GEN-APND,RTM,MCL,LMP_LOSS_PRC,TH_NP15_GEN-APND,ALL_APNODES,0,-0.33993,9,14
2023-06-21T16:45:00-00:00,2023-06-21T16:50:00-00:00,2023-06-21,10,TH_NP15_GEN-APND,TH_NP15_GEN-APND,TH_NP15_GEN-APND,RTM,MCL,LMP_LOSS_PRC,TH_NP15_GEN-APND,ALL_APNODES,0,-0.31016,10,14
2023-06-21T16:50:00-00:00,2023-06-21T16:55:00-00:00,2023-06-21,10,TH_NP15_GEN-APND,TH_NP15_GEN-APND,TH_NP15_GEN-APND,RTM,MCL,LMP_LOSS_PRC,TH_NP15_GEN-APND,ALL_APNODES,0,-0.29816,11,14
2023-06-21T16:55:00-00:00,2023-06-21T17:00:00-00:00,2023-06-21,10,TH_NP15_GEN-APND,TH_NP15_GEN-APND,TH_NP15_GEN-APND,RTM,MCL,LMP_LOSS_PRC,TH_NP15_GEN-APND,ALL_APNODES,0,-0.29817,12,14
2023-06-21T17:00:00-00:00,2023-06-21T17:05:00-00:00,2023-06-21,11,TH_NP15_GEN-APND,TH_NP15_GEN-APND,TH_NP15_GEN-APND,RTM,MCL,LMP_LOSS_PRC,TH_NP15_GEN-APND,ALL_APNODES,0,-0.35182,1,14
2023-06-21T17:05:00-00:00,2023-06-21T17:10:00-00:00,2023-06-21,11,TH_NP15_GEN-APND,TH_NP15_GEN-APND,TH_NP15_GEN-APND,RTM,MCL,LMP_LOSS_PRC,TH_NP15_GEN-APND,ALL_APNODES,0,-0.35575,2,14
2023-06-21T17:10:00-00:00,2023-06-21T17:15:00-00:00,2023-06-21,11,TH_NP15_GEN-APND,TH_NP15_GEN-APND,TH_NP15_GEN-APND,RTM,MCL,LMP_LOSS_PRC,TH_NP15_GEN-APND,ALL_APNODES,0,-0.32708,3,14
2023-06-21T17:15:00-00:00,2023-06-21T17:20:00-00:00,2023-06-21,11,TH_NP15_GEN-APND,TH_NP15_GEN-APND,TH_NP15_GEN-APND,RTM,MCL,LMP_LOSS_PRC,TH_NP15_GEN-APND,ALL_APNODES,0,-0.37122,4,14
2023-06-21T17:20:00-00:00,2023-06-21T17:25:00-00:00,2023-06-21,11,TH_NP15_GEN-APND,TH_NP15_GEN-APND,TH_NP15_GEN-APND,RTM,MCL,LMP_LOSS_PRC,TH_NP15_GEN-APND,ALL_APNODES,0,-0.37114,5,14
2023-06-21T17:25:00-00:00,2023-06-21T17:30:00-00:00,2023-06-21,11,TH_NP15_GEN-APND,TH_NP15_GEN-APND,TH_NP15_GEN-APND,RTM,MCL,LMP_LOSS_PRC,TH_NP15_GEN-APND,ALL_APNODES,0,-0.40316,6,14
2023-06-21T17:30:00-00:00,2023-06-21T17:35:00-00:00,2023-06-21,11,TH_NP15_GEN-APND,TH_NP15_GEN-APND,TH_NP15_GEN-APND,RTM,MCL,LMP_LOSS_PRC,TH_NP15_GEN-APND,ALL_APNODES,0,-0.44031,7,14
2023-06-21T17:35:00-00:00,2023-06-21T17:40:00-00:00,2023-06-21,11,TH_NP15_GEN-APND,TH_NP15_GEN-APND,TH_NP15_GEN-APND,RTM,MCL,LMP_LOSS_PRC,TH_NP15_GEN-APND,ALL_APNODES,0,-0.42037,8,14
2023-06-21T17:40:00-00:00,2023-06-21T17:45:00-00:00,2023-06-21,11,TH_NP15_GEN-APND,TH_NP15_GEN-APND,TH_NP15_GEN-APND,RTM,MCL,LMP_LOSS_PRC,TH_NP15_GEN-APND,ALL_APNODES,0,-0.39897,9,14
2023-06-21T17:45:00-00:00,2023-06-21T17:50:00-00:00,2023-06-21,11,TH_NP15_GEN-APND,TH_NP15_GEN-APND,TH_NP15_GEN-APND,RTM,MCL,LMP_LOSS_PRC,TH_NP15_GEN-APND,ALL_APNODES,0,-0.42035,10,14
2023-06-21T17:50:00-00:00,2023-06-21T17:55:00-00:00,2023-06-21,11,TH_NP15_GEN-APND,TH_NP15_GEN-APND,TH_NP15_GEN-APND,RTM,MCL,LMP_LOSS_PRC,TH_NP15_GEN-APND,ALL_APNODES,0,-0.44119,11,14
2023-06-21T17:55:00-00:00,2023-06-21T18:00:00-00:00,2023-06-21,11,TH_NP15_GEN-APND,TH_NP15_GEN-APND,TH_NP15_GEN-APND,RTM,MCL,LMP_LOSS_PRC,TH_NP15_GEN-APND,ALL_APNODES,0,-0.42727,12,14
2023-06-21T18:00:00-00:00,2023-06-21T18:05:00-00:00,2023-06-21,12,TH_NP15_GEN-APND,TH_NP15_GEN-APND,TH_NP15_GEN-APND,RTM,MCL,LMP_LOSS_PRC,TH_NP15_GEN-APND,ALL_APNODES,0,0.0,1,14
2023-06-21T18:05:00-00:00,2023-06-21T18:10:00-00:00,2023-06-21,12,TH_NP15_GEN-APND,TH_NP15_GEN-APND,TH_NP15_GEN-APND,RTM,MCL,LMP_LOSS_PRC,TH_NP15_GEN-APND,ALL_APNODES,0,0.0,2,14
2023-06-21T18:10:00-00:00,2023-06-21T18:15:00-00:00,2023-06-21,12,TH_NP15_GEN-APND,TH_NP15_GEN-APND,TH_NP15_GEN-APND,RTM,MCL,LMP_LOSS_PRC,TH_NP15_GEN-APND,ALL_APNODES,0,0.0,3,14
2023-06-21T18:15:00-00:00,2023-06-21T18:20:00-00:00,2023-06-21,12,TH_NP15_GEN-APND,TH_NP15_GEN-APND,TH_NP15_GEN-APND,RTM,MCL,LMP_LOSS_PRC,TH_NP15_GEN-APND,ALL_APNODES,0,0.0,4,14
2023-06-21T18:20:00-00:00,2023-06-21T18:25:00-00:00,2023-06-21,12,TH_NP15_GEN-APND,TH_NP15_GEN-APND,TH_NP15_GEN-APND,RTM,MCL,LMP_LOSS_PRC,TH_NP15_GEN-APND,ALL_APNODES,0,0.0,5,14
2023-06-21T18:25:00-00:00,2023-06-21T18:30:00-00:00,2023-06-21,12,TH_NP15_GEN-APND,TH_NP15_GEN-APND,TH_NP15_GEN-APND,RTM,MCL,LMP_LOSS_PRC,TH_NP15_GEN-APND,ALL_APNODES,0,0.0,6,14
2023-06-21T18:30:00-00:00,2023-06-21T18:35:00-00:00,2023-06-21,12,TH_NP15_GEN-APND,TH_NP15_GEN-APND,TH_NP15_GEN-APND,RTM,MCL,LMP_LOSS_PRC,TH_NP15_GEN-APND,ALL_APNODES,0,-0.51395,7,14
2023-06-21T18:35:00-00:00,2023-06-21T18:40:00-00:00,2023-06-21,12,TH_NP15_GEN-APND,TH_NP15_GEN-APND,TH_NP15_GEN-APND,RTM,MCL,LMP_LOSS_PRC,TH_NP15_GEN-APND,ALL_APNODES,0,-0.50909,8,14
2023-06-21T18:40:00-00:00,2023-06-21T18:45:00-00:00,2023-06-21,12,TH_NP15_GEN-APND,TH_NP15_GEN-APND,TH_NP15_GEN-APND,RTM,MCL,LMP_LOSS_PRC,TH_NP15_GEN-APND,ALL_APNODES,0,-0.5123,9,14
2023-06-21T18:45:00-00:00,2023-06-21T18:50:00-00:00,2023-06-21,12,TH_NP15_GEN-APND,TH_NP15_GEN-APND,TH_NP15_GEN-APND,RTM,MCL,LMP_LOSS_PRC,TH_NP15_GEN-APND,ALL_APNODES,0,-0.45046,10,14
2023-06-21T18:50:00-00:00,2023-06-21T18:55:00-00:00,2023-06-21,12,TH_NP15_GEN-APND,TH_NP15_GEN-APND,TH_NP15_GEN-APND,RTM,MCL,LMP_LOSS_PRC,TH_NP15_GEN-APND,ALL_APNODES,0,-0.54706,11,14
2023-06-21T18:55:00-00:00,2023-06-21T19:00:00-00:00,2023-06-21,12,TH_NP15_GEN-APND,TH_NP15_GEN-APND,TH_NP15_GEN-APND,RTM,MCL,LMP_LOSS_PRC,TH_NP15_GEN-APND,ALL_APNODES,0,-0.57669,12,14
2023-06-21T19:00:00-00:00,2023-06-21T19:05:00-00:00,2023-06-21,13,TH_NP15_GEN-APND,TH_NP15_GEN-APND,TH_NP15_GEN-APND,RTM,MCL,LMP_LOSS_PRC,TH_NP15_GEN-APND,ALL_APNODES,0,-0.50222,1,14
2023-06-21T19:05:00-00:00,2023-06-21T19:10:00-00:00,2023-06-21,13,TH_NP15_GEN-APND,TH_NP15_GEN-APND,TH_NP15_GEN-APND,RTM,MCL,LMP_LOSS_PRC,TH_NP15_GEN-APND,ALL_APNODES,0,-0.50309,2,14
2023-06-21T19:10:00-00:00,2023-06-21T19:15:00-00:00,2023-06-21,13,TH_NP15_GEN-APND,TH_NP15_GEN-APND,TH_NP15_GEN-APND,RTM,MCL,LMP_LOSS_PRC,TH_NP15_GEN-APND,ALL_APNODES,0,-0.49094,3,14
2023-06-21T19:15:00-00:00,2023-06-21T19:20:00-00:00,2023-06-21,13,TH_NP15_GEN-APND,TH_NP15_GEN-APND,TH_NP15_GEN-APND,RTM,MCL,LMP_LOSS_PRC,TH_NP15_GEN-APND,ALL_APNODES,0,-0.42427,4,14
2023-06-21T19:20:00-00:00,2023-06-21T19:25:00-00:00,2023-06-21,13,TH_NP15_GEN-APND,TH_NP15_GEN-APND,TH_NP15_GEN-APND,RTM,MCL,LMP_LOSS_PRC,TH_NP15_GEN-APND,ALL_APNODES,0,-0.42153,5,14
2023-06-21T19:25:00-00:00,2023-06-21T19:30:00-00:00,2023-06-21,13,TH_NP15_GEN-APND,TH_NP15_GEN-APND,TH_NP15_GEN-APND,RTM,MCL,LMP_LOSS_PRC,TH_NP15_GEN-APND,ALL_APNODES,0,-0.42118,6,14
2023-06-21T19:30:00-00:00,2023-06-21T19:35:00-00:00,2023-06-21,13,TH_NP15_GEN-APND,TH_NP15_GEN-APND,TH_NP15_GEN-APND,RTM,MCL,LMP_LOSS_PRC,TH_NP15_GEN-APND,ALL_APNODES,0,0.0,7,14
2023-06-21T19:35:00-00:00,2023-06-21T19:40:00-00:00,2023-06-21,13,TH_NP15_GEN-APND,TH_NP15_GEN-APND,TH_NP15_GEN-APND,RTM,MCL,LMP_LOSS_PRC,TH_NP15_GEN-APND,ALL_APNODES,0,0.0,8,14
2023-06-21T19:40:00-00:00,2023-06-21T19:45:00-00:00,2023-06-21,13,TH_NP15_GEN-APND,TH_NP15_GEN-APND,TH_NP15_GEN-APND,RTM,MCL,LMP_LOSS_PRC,TH_NP15_GEN-APND,ALL_APNODES,0,0.0,9,14
2023-06-21T19:45:00-00:00,2023-06-21T19:50:00-00:00,2023-06-21,13,TH_NP15_GEN-APND,TH_NP15_GEN-APND,TH_NP15_GEN-APND,RTM,MCL,LMP_LOSS_PRC,TH_NP15_GEN-APND,ALL_APNODES,0,-0.44038,10,14
2023-06-21T19:50:00-00:00,2023-06-21T19:55:00-00:00,2023-06-21,13,TH_NP15_GEN-APND,TH_NP15_GEN-APND,TH_NP15_GEN-APND,RTM,MCL,LMP_LOSS_PRC,TH_NP15_GEN-APND,ALL_APNODES,0,-0.43725,11,14
2023-06-21T19:55:00-00:00,2023-06-21T20:00:00-00:00,2023-06-21,13,TH_NP15_GEN-APND,TH_NP15_GEN-APND,TH_NP15_GEN-APND,RTM,MCL,LMP_LOSS_PRC,TH_NP15_GEN-APND,ALL_APNODES,0,-0.34138,12,14
2023-06-21T20:00:00-00:00,2023-06-21T20:05:00-00:00,2023-06-21,14,TH_NP15_GEN-APND,TH_NP15_GEN-APND,TH_NP15_GEN-APND,RTM,MCL,LMP_LOSS_PRC,TH_NP15_GEN-APND,ALL_APNODES,0,0.0,1,14
2023-06-21T20:05:00-00:00,2023-06-21T20:10:00-00:00,2023-06-21,14,TH_NP15_GEN-APND,TH_NP15_GEN-APND,TH_NP15_GEN-APND,RTM,MCL,LMP_LOSS_PRC,TH_NP15_GEN-APND,ALL_APNODES,0,0.0,2,14
2023-06-21T20:10:00-00:00,2023-06-21T20:15:00-00:00,2023-06-21,14,TH_NP15_GEN-APND,TH_NP15_GEN-APND,TH_NP15_GEN-APND,RTM,MCL,LMP_LOSS_PRC,TH_NP15_GEN-APND,ALL_APNODES,0,0.0,3,14
2023-06-21T20:15:00-00:00,2023-06-21T20:20:00-00:00,2023-06-21,14,TH_NP15_GEN-APND,TH_NP15_GEN-APND,TH_NP15_GEN-APND,RTM,MCL,LMP_LOSS_PRC,TH_NP15_GEN-APND,ALL_APNODES,0,0.0,4,14
2023-06-21T20:20:00-00:00,2023-06-21T20:25:00-00:00,2023-06-21,14,TH_NP15_GEN-APND,TH_NP15_GEN-APND,TH_NP15_GEN-APND,RTM,MCL,LMP_LOSS_PRC,TH_NP15_GEN-APND,ALL_APNODES,0,0.0,5,14
2023-06-21T20:25:00-00:00,2023-06-21T20:30:00-00:00,2023-06-21,14,TH_NP15_GEN-APND,TH_NP15_GEN-APND,TH_NP15_GEN-APND,RTM,MCL,LMP_LOSS_PRC,TH_NP15_GEN-APND,ALL_APNODES,0,0.0,6,14
2023-06-21T20:30:00-00:00,2023-06-21T20:35:00-00:00,2023-06-21,14,TH_NP15_GEN-APND,TH_NP15_GEN-APND,TH_NP15_GEN-APND,RTM,MCL,LMP_LOSS_PRC,TH_NP15_GEN-APND,ALL_APNODES,0,0.0,7,14
2023-06-21T20:35:00-00:00,2023-06-21T20:40:00-00:00,2023-06-21,14,TH_NP15_GEN-APND,TH_NP15_GEN-APND,TH_NP15_GEN-APND,RTM,MCL,LMP_LOSS_PRC,TH_NP15_GEN-APND,ALL_APNODES,0,0.0,8,14
2023-06-21T20:40:00-00:00,2023-06-21T20:45:00-00:00,2023-06-21,14,TH_NP15_GEN-APND,TH_NP15_GEN-APND,TH_NP15_GEN-APND,RTM,MCL,LMP_LOSS_PRC,TH_NP15_GEN-APND,ALL_APNODES,0,0.0,9,14
2023-06-21T20:45:00-00:00,2023-06-21T20:50:00-00:00,2023-06-21,14,TH_NP15_GEN-APND,TH_NP15_GEN-APND,TH_NP15_GEN-APND,RTM,MCL,LMP_LOSS_PRC,TH_NP15_GEN-APND,ALL_APNODES,0,0.0,10,14
2023-06-21T20:50:00-00:00,2023-06-21T20:55:00-00:00,2023-06-21,14,TH_NP15_GEN-APND,TH_NP15_GEN-APND,TH_NP15_GEN-APND,RTM,MCL,LMP_LOSS_PRC,TH_NP15_GEN-APND,ALL_APNODES,0,0.0,11,14
2023-06-21T20:55:00-00:00,2023-06-21T21:00:00-00:00,2023-06-21,14,TH_NP15_GEN-APND,TH_NP15_GEN-APND,TH_NP15_GEN-APND,RTM,MCL,LMP_LOSS_PRC,TH_NP15_GEN-APND,ALL_APNODES,0,0.0,12,14
2023-06-21T21:00:00-00:00,2023-06-21T21:05:00-00:00,2023-06-21,15,TH_NP15_GEN-APND,TH_NP15_GEN-APND,TH_NP15_GEN-APND,RTM,MCL,LMP_LOSS_PRC,TH_NP15_GEN-APND,ALL_APNODES,0,-0.26695,1,14
2023-06-21T21:05:00-00:00,2023-06-21T21:10:00-00:00,2023-06-21,15,TH_NP15_GEN-APND,TH_NP15_GEN-APND,TH_NP15_GEN-APND,RTM,MCL,LMP_LOSS_PRC,TH_NP15_GEN-APND,ALL_APNODES,0,-0.27975,2,14
2023-06-21T21:10:00-00:00,2023-06-21T21:15:00-00:00,2023-06-21,15,TH_NP15_GEN-APND,TH_NP15_GEN-APND,TH_NP15_GEN-APND,RTM,MCL,LMP_LOSS_PRC,TH_NP15_GEN-APND,ALL_APNODES,0,-0.30264,3,14
2023-06-21T21:15:00-00:00,2023-06-21T21:20:00-00:00,2023-06-21,15,TH_NP15_GEN-APND,TH_NP15_GEN-APND,TH_NP15_GEN-APND,RTM,MCL,LMP_LOSS_PRC,TH_NP15_GEN-APND,ALL_APNODES,0,0.0,4,14
2023-06-21T21:20:00-00:00,2023-06-21T21:25:00-00:00,2023-06-21,15,TH_NP15_GEN-APND,TH_NP15_GEN-APND,TH_NP15_GEN-APND,RTM,MCL,LMP_LOSS_PRC,TH_NP15_GEN-APND,ALL_APNODES,0,0.0,5,14
2023-06-21T21:25:00-00:00,2023-06-21T21:30:00-00:00,2023-06-21,15,TH_NP15_GEN-APND,TH_NP15_GEN-APND,TH_NP15_GEN-APND,RTM,MCL,LMP_LOSS_PRC,TH_NP15_GEN-APND,ALL_APNODES,0,0.0,6,14
2023-06-21T21:30:00-00:00,2023-06-21T21:35:00-00:00,2023-06-21,15,TH_NP15_GEN-APND,TH_NP15_GEN-APND,TH_NP15_GEN-APND,RTM,MCL,LMP_LOSS_PRC,TH_NP15_GEN-APND,ALL_APNODES,0,0.0,7,14
2023-06-21T21:35:00-00:00,2023-06-21T21:40:00-00:00,2023-06-21,15,TH_NP15_GEN-APND,TH_NP15_GEN-APND,TH_NP15_GEN-APND,RTM,MCL,LMP_LOSS_PRC,TH_NP15_GEN-APND,ALL_APNODES,0,0.0,8,14
2023-06-21T21:40:00-00:00,2023-06-21T21:45:00-00:00,2023-06-21,15,TH_NP15_GEN-APND,TH_NP15_GEN-APND,TH_NP15_GEN-APND,RTM,MCL,LMP_LOSS_PRC,TH_NP15_GEN-APND,ALL_APNODES,0,0.0,9,14
2023-06-21T21:45:00-00:00,2023-06-21T21:50:00-00:00,2023-06-21,15,TH_NP15_GEN-APND,TH_NP15_GEN-APND,TH_NP15_GEN-APND,RTM,MCL,LMP_LOSS_PRC,TH_NP15_GEN-APND,ALL_APNODES,0,0.0,10,14
2023-06-21T21:50:00-00:00,2023-06-21T21:55:00-00:00,2023-06-21,15,TH_NP15_GEN-APND,TH_NP15_GEN-APND,TH_NP15_GEN-APND,RTM,MCL,LMP_LOSS_PRC,TH_NP15_GEN-APND,ALL_APNODES,0,0.0,11,14
2023-06-21T21:55:00-00:00,2023-06-21T22:00:00-00:00,2023-06-21,15,TH_NP15_GEN-APND,TH_NP15_GEN-APND,TH_NP15_GEN-APND,RTM,MCL,LMP_LOSS_PRC,TH_NP15_GEN-APND,ALL_APNODES,0,0.0,12,14
2023-06-21T22:00:00-00:00,2023-06-21T22:05:00-00:00,2023-06-21,16,TH_NP15_GEN-APND,TH_NP15_GEN-APND,TH_NP15_GEN-APND,RTM,MCL,LMP_LOSS_PRC,TH_NP15_GEN-APND,ALL_APNODES,0,-0.3298,1,14
2023-06-21T22:05:00-00:00,2023-06-21T22:10:00-00:00,2023-06-21,16,TH_NP15_GEN-APND,TH_NP15_GEN-APND,TH_NP15_GEN-APND,RTM,MCL,LMP_LOSS_PRC,TH_NP15_GEN-APND,ALL_APNODES,0,-0.34232,2,14
2023-06-21T22:10:00-00:00,2023-06-21T22:15:00-00:00,2023-06-21,16,TH_NP15_GEN-APND,TH_NP15_GEN-APND,TH_NP15_GEN-APND,RTM,MCL,LMP_LOSS_PRC,TH_NP15_GEN-APND,ALL_APNODES,0,-0.38559,3,14
2023-06-21T22:15:00-00:00,2023-06-21T22:20:00-00:00,2023-06-21,16,TH_NP15_GEN-APND,TH_NP15_GEN-APND,TH_NP15_GEN-APND,RTM,MCL,LMP_LOSS_PRC,TH_NP15_GEN-APND,ALL_APNODES,0,-0.4893,4,14
2023-06-21T22:20:00-00:00,2023-06-21T22:25:00-00:00,2023-06-21,16,TH_NP15_GEN-APND,TH_NP15_GEN-APND,TH_NP15_GEN-APND,RTM,MCL,LMP_LOSS_PRC,TH_NP15_GEN-APND,ALL_APNODES,0,-0.49313,5,14
2023-06-21T22:25:00-00:00,2023-06-21T22:30:00-00:00,2023-06-21,16,TH_NP15_GEN-APND,TH_NP15_GEN-APND,TH_NP15_GEN-APND,RTM,MCL,LMP_LOSS_PRC,TH_NP15_GEN-APND,ALL_APNODES,0,-0.01106,6,14
2023-06-21T22:30:00-00:00,2023-06-21T22:35:00-00:00,2023-06-21,16,TH_NP15_GEN-APND,TH_NP15_GEN-APND,TH_NP15_GEN-APND,RTM,MCL,LMP_LOSS_PRC,TH_NP15_GEN-APND,ALL_APNODES,0,-0.49612,7,14
2023-06-21T22:35:00-00:00,2023-06-21T22:40:00-00:00,2023-06-21,16,TH_NP15_GEN-APND,TH_NP15_GEN-APND,TH_NP15_GEN-APND,RTM,MCL,LMP_LOSS_PRC,TH_NP15_GEN-APND,ALL_APNODES,0,-0.5075,8,14
2023-06-21T22:40:00-00:00,2023-06-21T22:45:00-00:00,2023-06-21,16,TH_NP15_GEN-APND,TH_NP15_GEN-APND,TH_NP15_GEN-APND,RTM,MCL,LMP_LOSS_PRC,TH_NP15_GEN-APND,ALL_APNODES,0,-0.54705,9,14
2023-06-21T22:45:00-00:00,2023-06-21T22:50:00-00:00,2023-06-21,16,TH_NP15_GEN-APND,TH_NP15_GEN-APND,TH_NP15_GEN-APND,RTM,MCL,LMP_LOSS_PRC,TH_NP15_GEN-APND,ALL_APNODES,0,-0.68446,10,14
2023-06-21T22:50:00-00:00,2023-06-21T22:55:00-00:00,2023-06-21,16,TH_NP15_GEN-APND,TH_NP15_GEN-APND,TH_NP15_GEN-APND,RTM,MCL,LMP_LOSS_PRC,TH_NP15_GEN-APND,ALL_APNODES,0,-0.71565,11,14
2023-06-21T22:55:00-00:00,2023-06-21T23:00:00-00:00,2023-06-21,16,TH_NP15_GEN-APND,TH_NP15_GEN-APND,TH_NP15_GEN-APND,RTM,MCL,LMP_LOSS_PRC,TH_NP15_GEN-APND,ALL_APNODES,0,-0.71305,12,14
2023-06-21T23:00:00-00:00,2023-06-21T23:05:00-00:00,2023-06-21,17,TH_NP15_GEN-APND,TH_NP15_GEN-APND,TH_NP15_GEN-APND,RTM,MCL,LMP_LOSS_PRC,TH_NP15_GEN-APND,ALL_APNODES,0,-0.64982,1,14
2023-06-21T23:05:00-00:00,2023-06-21T23:10:00-00:00,2023-06-21,17,TH_NP15_GEN-APND,TH_NP15_GEN-APND,TH_NP15_GEN-APND,RTM,MCL,LMP_LOSS_PRC,TH_NP15_GEN-APND,ALL_APNODES,0,-0.59519,2,14
2023-06-21T23:10:00-00:00,2023-06-21T23:15:00-00:00,2023-06-21,17,TH_NP15_GEN-APND,TH_NP15_GEN-APND,TH_NP15_GEN-APND,RTM,MCL,LMP_LOSS_PRC,TH_NP15_GEN-APND,ALL_APNODES,0,-0.5532,3,14
2023-06-21T23:15:00-00:00,2023-06-21T23:20:00-00:00,2023-06-21,17,TH_NP15_GEN-APND,TH_NP15_GEN-APND,TH_NP15_GEN-APND,RTM,MCL,LMP_LOSS_PRC,TH_NP15_GEN-APND,ALL_APNODES,0,-0.55137,4,14
2023-06-21T23:20:00-00:00,2023-06-21T23:25:00-00:00,2023-06-21,17,TH_NP15_GEN-APND,TH_NP15_GEN-APND,TH_NP15_GEN-APND,RTM,MCL,LMP_LOSS_PRC,TH_NP15_GEN-APND,ALL_APNODES,0,-0.58134,5,14
2023-06-21T23:25:00-00:00,2023-06-21T23:30:00-00:00,2023-06-21,17,TH_NP15_GEN-APND,TH_NP15_GEN-APND,TH_NP15_GEN-APND,RTM,MCL,LMP_LOSS_PRC,TH_NP15_GEN-APND,ALL_APNODES,0,-0.60267,6,14
2023-06-21T23:30:00-00:00,2023-06-21T23:35:00-00:00,2023-06-21,17,TH_NP15_GEN-APND,TH_NP15_GEN-APND,TH_NP15_GEN-APND,RTM,MCL,LMP_LOSS_PRC,TH_NP15_GEN-APND,ALL_APNODES,0,-0.58644,7,14
2023-06-21T23:35:00-00:00,2023-06-21T23:40:00-00:00,2023-06-21,17,TH_NP15_GEN-APND,TH_NP15_GEN-APND,TH_NP15_GEN-APND,RTM,MCL,LMP_LOSS_PRC,TH_NP15_GEN-APND,ALL_APNODES,0,-0.59158,8,14
2023-06-21T23:40:00-00:00,2023-06-21T23:45:00-00:00,2023-06-21,17,TH_NP15_GEN-APND,TH_NP15_GEN-APND,TH_NP15_GEN-APND,RTM,MCL,LMP_LOSS_PRC,TH_NP15_GEN-APND,ALL_APNODES,0,-0.58671,9,14
2023-06-21T23:45:00-00:00,2023-06-21T23:50:00-00:00,2023-06-21,17,TH_NP15_GEN-APND,TH_NP15_GEN-APND,TH_NP15_GEN-APND,RTM,MCL,LMP_LOSS_PRC,TH_NP15_GEN-APND,ALL_APNODES,0,-0.5991,10,14
2023-06-21T23:50:00-00:00,2023-06-21T23:55:00-00:00,2023-06-21,17,TH_NP15_GEN-APND,TH_NP15_GEN-APND,TH_NP15_GEN-APND,RTM,MCL,LMP_LOSS_PRC,TH_NP15_GEN-APND,ALL_APNODES,0,-0.61215,11,14
2023-06-21T23:55:00-00:00,2023-06-22T00:00:00-00:00,2023-06-21,17,TH_NP15_GEN-APND,TH_NP15_GEN-APND,TH_NP15_GEN-APND,RTM,MCL,LMP_LOSS_PRC,TH_NP15_GEN-APND,ALL_APNODES,0,-0.62848,12,14
2023-06-21T07:00:00-00:00,2023-06-21T07:05:00-00:00,2023-06-21,1,TH_NP15_GEN-APND,TH_NP15_GEN-APND,TH_NP15_GEN-APND,RTM,LMP,LMP_PRC,TH_NP15_GEN-APND,ALL_APNODES,0,36.14184,1,15
2023-06-21T07:05:00-00:00,2023-06-21T07:10:00-00:00,2023-06-21,1,TH_NP15_GEN-APND,TH_NP15_GEN-APND,TH_NP15_GEN-APND,RTM,LMP,LMP_PRC,TH_NP15_GEN-APND,ALL_APNODES,0,36.14184,2,15
2023-06-21T07:10:00-00:00,2023-06-21T07:15:00-00:00,2023-06-21,1,TH_NP15_GEN-APND,TH_NP15_GEN-APND,TH_NP15_GEN-APND,RTM,LMP,LMP_PRC,TH_NP15_GEN-APND,ALL_APNODES,0,36.2088,3,15
2023-06-21T07:15:00-00:00,2023-06-21T07:20:00-00:00,2023-06-21,1,TH_NP15_GEN-APND,TH_NP15_GEN-APND,TH_NP15_GEN-APND,RTM,LMP,LMP_PRC,TH_NP15_GEN-APND,ALL_APNODES,0,35.92637,4,15
2023-06-21T07:20:00-00:00,2023-06-21T07:25:00-00:00,2023-06-21,1,TH_NP15_GEN-APND,TH_NP15_GEN-APND,TH_NP15_GEN-APND,RTM,LMP,LMP_PRC,TH_NP15_GEN-APND,ALL_APNODES,0,35.63746,5,15
2023-06-21T07:25:00-00:00,2023-06-21T07:30:00-00:00,2023-06-21,1,TH_NP15_GEN-APND,TH_NP15_GEN-APND,TH_NP15_GEN-APND,RTM,LMP,LMP_PRC,TH_NP15_GEN-APND,ALL_APNODES,0,32.86621,6,15
2023-06-21T07:30:00-00:00,2023-06-21T07:35:00-00:00,2023-06-21,1,TH_NP15_GEN-APND,TH_NP15_GEN-APND,TH_NP15_GEN-APND,RTM,LMP,LMP_PRC,TH_NP15_GEN-APND,ALL_APNODES,0,34.06716,7,15
2023-06-21T07:35:00-00:00,2023-06-21T07:40:00-00:00,2023-06-21,1,TH_NP15_GEN-APND,TH_NP15_GEN-APND,TH_NP15_GEN-APND,RTM,LMP,LMP_PRC,TH_NP15_GEN-APND,ALL_APNODES,0,35.28459,8,15
2023-06-21T07:40:00-00:00,2023-06-21T07:45:00-00:00,2023-06-21,1,TH_NP15_GEN-APND,TH_NP15_GEN-APND,TH_NP15_GEN-APND,RTM,LMP,LMP_PRC,TH_NP15_GEN-APND,ALL_APNODES,0,33.40385,9,15
2023-06-21T07:45:00-00:00,2023-06-21T07:50:00-00:00,2023-06-21,1,TH_NP15_GEN-APND,TH_NP15_GEN-APND,TH_NP15_GEN-APND,RTM,LMP,LMP_PRC,TH_NP15_GEN-APND,ALL_APNODES,0,33.40972,10,15
2023-06-21T07:50:00-00:00,2023-06-21T07:55:00-00:00,2023-06-21,1,TH_NP15_GEN-APND,TH_NP15_GEN-APND,TH_NP15_GEN-APND,RTM,LMP,LMP_PRC,TH_NP15_GEN-APND,ALL_APNODES,0,33.48814,11,15
2023-06-21T07:55:00-00:00,2023-06-21T08:00:00-00:00,2023-06-21,1,TH_NP15_GEN-APND,TH_NP15_GEN-APND,TH_NP15_GEN-APND,RTM,LMP,LMP_PRC,TH_NP15_GEN-APND,ALL_APNODES,0,32.50214,12,15
2023-06-21T08:00:00-00:00,2023-06-21T08:05:00-00:00,2023-06-21,2,TH_NP15_GEN-APND,TH_NP15_GEN-APND,TH_NP15_GEN-APND,RTM,LMP,LMP_PRC,TH_NP15_GEN-APND,ALL_APNODES,0,36.04111,1,15
2023-06-21T08:05:00-00:00,2023-06-21T08:10:00-00:00,2023-06-21,2,TH_NP15_GEN-APND,TH_NP15_GEN-APND,TH_NP15_GEN-APND,RTM,LMP,LMP_PRC,TH_NP15_GEN-APND,ALL_APNODES,0,35.16164,2,15
2023-06-21T08:10:00-00:00,2023-06-21T08:15:00-00:00,2023-06-21,2,TH_NP15_GEN-APND,TH_NP15_GEN-APND,TH_NP15_GEN-APND,RTM,LMP,LMP_PRC,TH_NP15_GEN-APND,ALL_APNODES,0,32.70564,3,15
2023-06-21T08:15:00-00:00,2023-06-21T08:20:00-00:00,2023-06-21,2,TH_NP15_GEN-APND,TH_NP15_GEN-APND,TH_NP15_GEN-APND,RTM,LMP,LMP_PRC,TH_NP15_GEN-APND,ALL_APNODES,0,32.6458,4,15
2023-06-21T08:20:00-00:00,2023-06-21T08:25:00-00:00,2023-06-21,2,TH_NP15_GEN-APND,TH_NP15_GEN-APND,TH_NP15_GEN-APND,RTM,LMP,LMP_PRC,TH_NP15_GEN-APND,ALL_APNODES,0,32.52319,5,15
2023-06-21T08:25:00-00:00,2023-06-21T08:30:00-00:00,2023-06-21,2,TH_NP15_GEN-APND,TH_NP15_GEN-APND,TH_NP15_GEN-APND,RTM,LMP,LMP_PRC,TH_NP15_GEN-APND,ALL_APNODES,0,32.14723,6,15
2023-06-21T08:30:00-00:00,2023-06-21T08:35:00-00:00,2023-06-21,2,TH_NP15_GEN-APND,TH_NP15_GEN-APND,TH_NP15_GEN-APND,RTM,LMP,LMP_PRC,TH_NP15_GEN-APND,ALL_APNODES,0,32.14723,7,15
2023-06-21T08:35:00-00:00,2023-06-21T08:40:00-00:00,2023-06-21,2,TH_NP15_GEN-APND,TH_NP15_GEN-APND,TH_NP15_GEN-APND,RTM,LMP,LMP_PRC,TH_NP15_GEN-APND,ALL_APNODES,0,32.14723,8,15
2023-06-21T08:40:00-00:00,2023-06-21T08:45:00-00:00,2023-06-21,2,TH_NP15_GEN-APND,TH_NP15_GEN-APND,TH_NP15_GEN-APND,RTM,LMP,LMP_PRC,TH_NP15_GEN-APND,ALL_APNODES,0,32.14723,9,15
2023-06-21T08:45:00-00:00,2023-06-21T08:50:00-00:00,2023-06-21,2,TH_NP15_GEN-APND,TH_NP15_GEN-APND,TH_NP15_GEN-APND,RTM,LMP,LMP_PRC,TH_NP15_GEN-APND,ALL_APNODES,0,32.14723,10,15
2023-06-21T08:50:00-00:00,2023-06-21T08:55:00-00:00,2023-06-21,2,TH_NP15_GEN-APND,TH_NP15_GEN-APND,TH_NP15_GEN-APND,RTM,LMP,LMP_PRC,TH_NP15_GEN-APND,ALL_APNODES,0,30.08543,11,15
2023-06-21T08:55:00-00:00,2023-06-21T09:00:00-00:00,2023-06-21,2,TH_NP15_GEN-APND,TH_NP15_GEN-APND,TH_NP15_GEN-APND,RTM,LMP,LMP_PRC,TH_NP15_GEN-APND,ALL_APNODES,0,30.13232,12,15
2023-06-21T09:00:00-00:00,2023-06-21T09:05:00-00:00,2023-06-21,3,TH_NP15_GEN-APND,TH_NP15_GEN-APND,TH_NP15_GEN-APND,RTM,LMP,LMP_PRC,TH_NP15_GEN-APND,ALL_APNODES,0,31.79691,1,15
2023-06-21T09:05:00-00:00,2023-06-21T09:10:00-00:00,2023-06-21,3,TH_NP15_GEN-APND,TH_NP15_GEN-APND,TH_NP15_GEN-APND,RTM,LMP,LMP_PRC,TH_NP15_GEN-APND,ALL_APNODES,0,32.0,2,15
2023-06-21T09:10:00-00:00,2023-06-21T09:15:00-00:00,2023-06-21,3,TH_NP15_GEN-APND,TH_NP15_GEN-APND,TH_NP15_GEN-APND,RTM,LMP,LMP_PRC,TH_NP15_GEN-APND,ALL_APNODES,0,31.3976,3,15
2023-06-21T09:15:00-00:00,2023-06-21T09:20:00-00:00,2023-06-21,3,TH_NP15_GEN-APND,TH_NP15_GEN-APND,TH_NP15_GEN-APND,RTM,LMP,LMP_PRC,TH_NP15_GEN-APND,ALL_APNODES,0,30.872,4,15
2023-06-21T09:20:00-00:00,2023-06-21T09:25:00-00:00,2023-06-21,3,TH_NP15_GEN-APND,TH_NP15_GEN-APND,TH_NP15_GEN-APND,RTM,LMP,LMP_PRC,TH_NP15_GEN-APND,ALL_APNODES,0,30.8464,5,15
2023-06-21T09:25:00-00:00,2023-06-21T09:30:00-00:00,2023-06-21,3,TH_NP15_GEN-APND,TH_NP15_GEN-APND,TH_NP15_GEN-APND,RTM,LMP,LMP_PRC,TH_NP15_GEN-APND,ALL_APNODES,0,31.3976,6,15
2023-06-21T09:30:00-00:00,2023-06-21T09:35:00-00:00,2023-06-21,3,TH_NP15_GEN-APND,TH_NP15_GEN-APND,TH_NP15_GEN-APND,RTM,LMP,LMP_PRC,TH_NP15_GEN-APND,ALL_APNODES,0,31.25,7,15
2023-06-21T09:35:00-00:00,2023-06-21T09:40:00-00:00,2023-06-21,3,TH_NP15_GEN-APND,TH_NP15_GEN-APND,TH_NP15_GEN-APND,RTM,LMP,LMP_PRC,TH_NP15_GEN-APND,ALL_APNODES,0,31.2828,8,15
2023-06-21T09:40:00-00:00,2023-06-21T09:45:00-00:00,2023-06-21,3,TH_NP15_GEN-APND,TH_NP15_GEN-APND,TH_NP15_GEN-APND,RTM,LMP,LMP_PRC,TH_NP15_GEN-APND,ALL_APNODES,0,31.2876,9,15
2023-06-21T09:45:00-00:00,2023-06-21T09:50:00-00:00,2023-06-21,3,TH_NP15_GEN-APND,TH_NP15_GEN-APND,TH_NP15_GEN-APND,RTM,LMP,LMP_PRC,TH_NP15_GEN-APND,ALL_APNODES,0,31.33705,10,15
2023-06-21T09:50:00-00:00,2023-06-21T09:55:00-00:00,2023-06-21,3,TH_NP15_GEN-APND,TH_NP15_GEN-APND,TH_NP15_GEN-APND,RTM,LMP,LMP_PRC,TH_NP15_GEN-APND,ALL_APNODES,0,30.9172,11,15
2023-06-21T09:55:00-00:00,2023-06-21T10:00:00-00:00,2023-06-21,3,TH_NP15_GEN-APND,TH_NP15_GEN-APND,TH_NP15_GEN-APND,RTM,LMP,LMP_PRC,TH_NP15_GEN-APND,ALL_APNODES,0,30.8213,12,15
2023-06-21T10:00:00-00:00,2023-06-21T10:05:00-00:00,2023-06-21,4,TH_NP15_GEN-APND,TH_NP15_GEN-APND,TH_NP15_GEN-APND,RTM,LMP,LMP_PRC,TH_NP15_GEN-APND,ALL_APNODES,0,30.864,1,15
2023-06-21T10:05:00-00:00,2023-06-21T10:10:00-00:00,2023-06-21,4,TH_NP15_GEN-APND,TH_NP15_GEN-APND,TH_NP15_GEN-APND,RTM,LMP,LMP_PRC,TH_NP15_GEN-APND,ALL_APNODES,0,31.3488,2,15
2023-06-21T10:10:00-00:00,2023-06-21T10:15:00-00:00,2023-06-21,4,TH_NP15_GEN-APND,TH_NP15_GEN-APND,TH_NP15_GEN-APND,RTM,LMP,LMP_PRC,TH_NP15_GEN-APND,ALL_APNODES,0,31.3488,3,15
2023-06-21T10:15:00-00:00,2023-06-21T10:20:00-00:00,2023-06-21,4,TH_NP15_GEN-APND,TH_NP15_GEN-APND,TH_NP15_GEN-APND,RTM,LMP,LMP_PRC,TH_NP15_GEN-APND,ALL_APNODES,0,31.33897,4,15
2023-06-21T10:20:00-00:00,2023-06-21T10:25:00-00:00,2023-06-21,4,TH_NP15_GEN-APND,TH_NP15_GEN-APND,TH_NP15_GEN-APND,RTM,LMP,LMP_PRC,TH_NP15_GEN-APND,ALL_APNODES,0,31.4883,5,15
2023-06-21T10:25:00-00:00,2023-06-21T10:30:00-00:00,2023-06-21,4,TH_NP15_GEN-APND,TH_NP15_GEN-APND,TH_NP15_GEN-APND,RTM,LMP,LMP_PRC,TH_NP15_GEN-APND,ALL_APNODES,0,31.3512,6,15
2023-06-21T10:30:00-00:00,2023-06-21T10:35:00-00:00,2023-06-21,4,TH_NP15_GEN-APND,TH_NP15_GEN-APND,TH_NP15_GEN-APND,RTM,LMP,LMP_PRC,TH_NP15_GEN-APND,ALL_APNODES,0,31.64759,7,15
2023-06-21T10:35:00-00:00,2023-06-21T10:40:00-00:00,2023-06-21,4,TH_NP15_GEN-APND,TH_NP15_GEN-APND,TH_NP15_GEN-APND,RTM,LMP,LMP_PRC,TH_NP15_GEN-APND,ALL_APNODES,0,31.64759,8,15
2023-06-21T10:40:00-00:00,2023-06-21T10:45:00-00:00,2023-06-21,4,TH_NP15_GEN-APND,TH_NP15_GEN-APND,TH_NP15_GEN-APND,RTM,LMP,LMP_PRC,TH_NP15_GEN-APND,ALL_APNODES,0,31.64759,9,15
2023-06-21T10:45:00-00:00,2023-06-21T10:50:00-00:00,2023-06-21,4,TH_NP15_GEN-APND,TH_NP15_GEN-APND,TH_NP15_GEN-APND,RTM,LMP,LMP_PRC,TH_NP15_GEN-APND,ALL_APNODES,0,31.3512,10,15
2023-06-21T10:50:00-00:00,2023-06-21T10:55:00-00:00,2023-06-21,4,TH_NP15_GEN-APND,TH_NP15_GEN-APND,TH_NP15_GEN-APND,RTM,LMP,LMP_PRC,TH_NP15_GEN-APND,ALL_APNODES,0,31.3488,11,15
2023-06-21T10:55:00-00:00,2023-06-21T11:00:00-00:00,2023-06-21,4,TH_NP15_GEN-APND,TH_NP15_GEN-APND,TH_NP15_GEN-APND,RTM,LMP,LMP_PRC,TH_NP15_GEN-APND,ALL_APNODES,0,32.22499,12,15
2023-06-21T11:00:00-00:00,2023-06-21T11:05:00-00:00,2023-06-21,5,TH_NP15_GEN-APND,TH_NP15_GEN-APND,TH_NP15_GEN-APND,RTM,LMP,LMP_PRC,TH_NP15_GEN-APND,ALL_APNODES,0,35.66,1,15
2023-06-21T11:05:00-00:00,2023-06-21T11:10:00-00:00,2023-06-21,5,TH_NP15_GEN-APND,TH_NP15_GEN-APND,TH_NP15_GEN-APND,RTM,LMP,LMP_PRC,TH_NP15_GEN-APND,ALL_APNODES,0,35.66,2,15
2023-06-21T11:10:00-00:00,2023-06-21T11:15:00-00:00,2023-06-21,5,TH_NP15_GEN-APND,TH_NP15_GEN-APND,TH_NP15_GEN-APND,RTM,LMP,LMP_PRC,TH_NP15_GEN-APND,ALL_APNODES,0,35.66,3,15
2023-06-21T11:15:00-00:00,2023-06-21T11:20:00-00:00,2023-06-21,5,TH_NP15_GEN-APND,TH_NP15_GEN-APND,TH_NP15_GEN-APND,RTM,LMP,LMP_PRC,TH_NP15_GEN-APND,ALL_APNODES,0,35.64,4,15
2023-06-21T11:20:00-00:00,2023-06-21T11:25:00-00:00,2023-06-21,5,TH_NP15_GEN-APND,TH_NP15_GEN-APND,TH_NP15_GEN-APND,RTM,LMP,LMP_PRC,TH_NP15_GEN-APND,ALL_APNODES,0,38.2384,5,15
2023-06-21T11:25:00-00:00,2023-06-21T11:30:00-00:00,2023-06-21,5,TH_NP15_GEN-APND,TH_NP15_GEN-APND,TH_NP15_GEN-APND,RTM,LMP,LMP_PRC,TH_NP15_GEN-APND,ALL_APNODES,0,40.96,6,15
2023-06-21T11:30:00-00:00,2023-06-21T11:35:00-00:00,2023-06-21,5,TH_NP15_GEN-APND,TH_NP15_GEN-APND,TH_NP15_GEN-APND,RTM,LMP,LMP_PRC,TH_NP15_GEN-APND,ALL_APNODES,0,41.65268,7,15
2023-06-21T11:35:00-00:00,2023-06-21T11:40:00-00:00,2023-06-21,5,TH_NP15_GEN-APND,TH_NP15_GEN-APND,TH_NP15_GEN-APND,RTM,LMP,LMP_PRC,TH_NP15_GEN-APND,ALL_APNODES,0,42.02625,8,15
2023-06-21T11:40:00-00:00,2023-06-21T11:45:00-00:00,2023-06-21,5,TH_NP15_GEN-APND,TH_NP15_GEN-APND,TH_NP15_GEN-APND,RTM,LMP,LMP_PRC,TH_NP15_GEN-APND,ALL_APNODES,0,42.34714,9,15
2023-06-21T11:45:00-00:00,2023-06-21T11:50:00-00:00,2023-06-21,5,TH_NP15_GEN-APND,TH_NP15_GEN-APND,TH_NP15_GEN-APND,RTM,LMP,LMP_PRC,TH_NP15_GEN-APND,ALL_APNODES,0,50.42324,10,15
2023-06-21T11:50:00-00:00,2023-06-21T11:55:00-00:00,2023-06-21,5,TH_NP15_GEN-APND,TH_NP15_GEN-APND,TH_NP15_GEN-APND,RTM,LMP,LMP_PRC,TH_NP15_GEN-APND,ALL_APNODES,0,54.43523,11,15
2023-06-21T11:55:00-00:00,2023-06-21T12:00:00-00:00,2023-06-21,5,TH_NP15_GEN-APND,TH_NP15_GEN-APND,TH_NP15_GEN-APND,RTM,LMP,LMP_PRC,TH_NP15_GEN-APND,ALL_APNODES,0,49.56413,12,15
2023-06-21T12:00:00-00:00,2023-06-21T12:05:00-00:00,2023-06-21,6,TH_NP15_GEN-APND,TH_NP15_GEN-APND,TH_NP15_GEN-APND,RTM,LMP,LMP_PRC,TH_NP15_GEN-APND,ALL_APNODES,0,55.2624,1,15
2023-06-21T12:05:00-00:00,2023-06-21T12:10:00-00:00,2023-06-21,6,TH_NP15_GEN-APND,TH_NP15_GEN-APND,TH_NP15_GEN-APND,RTM,LMP,LMP_PRC,TH_NP15_GEN-APND,ALL_APNODES,0,57.0959,2,15
2023-06-21T12:10:00-00:00,2023-06-21T12:15:00-00:00,2023-06-21,6,TH_NP15_GEN-APND,TH_NP15_GEN-APND,TH_NP15_GEN-APND,RTM,LMP,LMP_PRC,TH_NP15_GEN-APND,ALL_APNODES,0,52.47745,3,15
2023-06-21T12:15:00-00:00,2023-06-21T12:20:00-00:00,2023-06-21,6,TH_NP15_GEN-APND,TH_NP15_GEN-APND,TH_NP15_GEN-APND,RTM,LMP,LMP_PRC,TH_NP15_GEN-APND,ALL_APNODES,0,66.46287,4,15
2023-06-21T12:20:00-00:00,2023-06-21T12:25:00-00:00,2023-06-21,6,TH_NP15_GEN-APND,TH_NP15_GEN-APND,TH_NP15_GEN-APND,RTM,LMP,LMP_PRC,TH_NP15_GEN-APND,ALL_APNODES,0,72.8865,5,15
2023-06-21T12:25:00-00:00,2023-06-21T12:30:00-00:00,2023-06-21,6,TH_NP15_GEN-APND,TH_NP15_GEN-APND,TH_NP15_GEN-APND,RTM,LMP,LMP_PRC,TH_NP15_GEN-APND,ALL_APNODES,0,69.88605,6,15
2023-06-21T12:30:00-00:00,2023-06-21T12:35:00-00:00,2023-06-21,6,TH_NP15_GEN-APND,TH_NP15_GEN-APND,TH_NP15_GEN-APND,RTM,LMP,LMP_PRC,TH_NP15_GEN-APND,ALL_APNODES,0,72.70871,7,15
2023-06-21T12:35:00-00:00,2023-06-21T12:40:00-00:00,2023-06-21,6,TH_NP15_GEN-APND,TH_NP15_GEN-APND,TH_NP15_GEN-APND,RTM,LMP,LMP_PRC,TH_NP15_GEN-APND,ALL_APNODES,0,80.51976,8,15
2023-06-21T12:40:00-00:00,2023-06-21T12:45:00-00:00,2023-06-21,6,TH_NP15_GEN-APND,TH_NP15_GEN-APND,TH_NP15_GEN-APND,RTM,LMP,LMP_PRC,TH_NP15_GEN-APND,ALL_APNODES,0,69.22173,9,15
2023-06-21T12:45:00-00:00,2023-06-21T12:50:00-00:00,2023-06-21,6,TH_NP15_GEN-APND,TH_NP15_GEN-APND,TH_NP15_GEN-APND,RTM,LMP,LMP_PRC,TH_NP15_GEN-APND,ALL_APNODES,0,62.02136,10,15
2023-06-21T12:50:00-00:00,2023-06-21T12:55:00-00:00,2023-06-21,6,TH_NP15_GEN-APND,TH_NP15_GEN-APND,TH_NP15_GEN-APND,RTM,LMP,LMP_PRC,TH_NP15_GEN-APND,ALL_APNODES,0,63.42995,11,15
2023-06-21T12:55:00-00:00,2023-06-21T13:00:00-00:00,2023-06-21,6,TH_NP15_GEN-APND,TH_NP15_GEN-APND,TH_NP15_GEN-APND,RTM,LMP,LMP_PRC,TH_NP15_GEN-APND,ALL_APNODES,0,66.22634,12,15
2023-06-21T13:00:00-00:00,2023-06-21T13:05:00-00:00,2023-06-21,7,TH_NP15_GEN-APND,TH_NP15_GEN-APND,TH_NP15_GEN-APND,RTM,LMP,LMP_PRC,TH_NP15_GEN-APND,ALL_APNODES,0,60.5712,1,15
2023-06-21T13:05:00-00:00,2023-06-21T13:10:00-00:00,2023-06-21,7,TH_NP15_GEN-APND,TH_NP15_GEN-APND,TH_NP15_GEN-APND,RTM,LMP,LMP_PRC,TH_NP15_GEN-APND,ALL_APNODES,0,50.56029,2,15
2023-06-21T13:10:00-00:00,2023-06-21T13:15:00-00:00,2023-06-21,7,TH_NP15_GEN-APND,TH_NP15_GEN-APND,TH_NP15_GEN-APND,RTM,LMP,LMP_PRC,TH_NP15_GEN-APND,ALL_APNODES,0,36.0,3,15
2023-06-21T13:15:00-00:00,2023-06-21T13:20:00-00:00,2023-06-21,7,TH_NP15_GEN-APND,TH_NP15_GEN-APND,TH_NP15_GEN-APND,RTM,LMP,LMP_PRC,TH_NP15_GEN-APND,ALL_APNODES,0,35.5012,4,15
2023-06-21T13:20:00-00:00,2023-06-21T13:25:00-00:00,2023-06-21,7,TH_NP15_GEN-APND,TH_NP15_GEN-APND,TH_NP15_GEN-APND,RTM,LMP,LMP_PRC,TH_NP15_GEN-APND,ALL_APNODES,0,36.33284,5,15
2023-06-21T13:25:00-00:00,2023-06-21T13:30:00-00:00,2023-06-21,7,TH_NP15_GEN-APND,TH_NP15_GEN-APND,TH_NP15_GEN-APND,RTM,LMP,LMP_PRC,TH_NP15_GEN-APND,ALL_APNODES,0,35.64,6,15
2023-06-21T13:30:00-00:00,2023-06-21T13:35:00-00:00,2023-06-21,7,TH_NP15_GEN-APND,TH_NP15_GEN-APND,TH_NP15_GEN-APND,RTM,LMP,LMP_PRC,TH_NP15_GEN-APND,ALL_APNODES,0,36.33284,7,15
2023-06-21T13:35:00-00:00,2023-06-21T13:40:00-00:00,2023-06-21,7,TH_NP15_GEN-APND,TH_NP15_GEN-APND,TH_NP15_GEN-APND,RTM,LMP,LMP_PRC,TH_NP15_GEN-APND,ALL_APNODES,0,32.99,8,15
2023-06-21T13:40:00-00:00,2023-06-21T13:45:00-00:00,2023-06-21,7,TH_NP15_GEN-APND,TH_NP15_GEN-APND,TH_NP15_GEN-APND,RTM,LMP,LMP_PRC,TH_NP15_GEN-APND,ALL_APNODES,0,30.52,9,15
2023-06-21T13:45:00-00:00,2023-06-21T13:50:00-00:00,2023-06-21,7,TH_NP15_GEN-APND,TH_NP15_GEN-APND,TH_NP15_GEN-APND,RTM,LMP,LMP_PRC,TH_NP15_GEN-APND,ALL_APNODES,0,28.64072,10,15
2023-06-21T13:50:00-00:00,2023-06-21T13:55:00-00:00,2023-06-21,7,TH_NP15_GEN-APND,TH_NP15_GEN-APND,TH_NP15_GEN-APND,RTM,LMP,LMP_PRC,TH_NP15_GEN-APND,ALL_APNODES,0,30.8889,11,15
2023-06-21T13:55:00-00:00,2023-06-21T14:00:00-00:00,2023-06-21,7,TH_NP15_GEN-APND,TH_NP15_GEN-APND,TH_NP15_GEN-APND,RTM,LMP,LMP_PRC,TH_NP15_GEN-APND,ALL_APNODES,0,45.15862,12,15
2023-06-21T14:00:00-00:00,2023-06-21T14:05:00-00:00,2023-06-21,8,TH_NP15_GEN-APND,TH_NP15_GEN-APND,TH_NP15_GEN-APND,RTM,LMP,LMP_PRC,TH_NP15_GEN-APND,ALL_APNODES,0,31.85753,1,15
2023-06-21T14:05:00-00:00,2023-06-21T14:10:00-00:00,2023-06-21,8,TH_NP15_GEN-APND,TH_NP15_GEN-APND,TH_NP15_GEN-APND,RTM,LMP,LMP_PRC,TH_NP15_GEN-APND,ALL_APNODES,0,53.89291,2,15
2023-06-21T14:10:00-00:00,2023-06-21T14:15:00-00:00,2023-06-21,8,TH_NP15_GEN-APND,TH_NP15_GEN-APND,TH_NP15_GEN-APND,RTM,LMP,LMP_PRC,TH_NP15_GEN-APND,ALL_APNODES,0,46.6781,3,15
2023-06-21T14:15:00-00:00,2023-06-21T14:20:00-00:00,2023-06-21,8,TH_NP15_GEN-APND,TH_NP15_GEN-APND,TH_NP15_GEN-APND,RTM,LMP,LMP_PRC,TH_NP15_GEN-APND,ALL_APNODES,0,34.80441,4,15
2023-06-21T14:20:00-00:00,2023-06-21T14:25:00-00:00,2023-06-21,8,TH_NP15_GEN-APND,TH_NP15_GEN-APND,TH_NP15_GEN-APND,RTM,LMP,LMP_PRC,TH_NP15_GEN-APND,ALL_APNODES,0,46.07209,5,15
2023-06-21T14:25:00-00:00,2023-06-21T14:30:00-00:00,2023-06-21,8,TH_NP15_GEN-APND,TH_NP15_GEN-APND,TH_NP15_GEN-APND,RTM,LMP,LMP_PRC,TH_NP15_GEN-APND,ALL_APNODES,0,49.7821,6,15
2023-06-21T14:30:00-00:00,2023-06-21T14:35:00-00:00,2023-06-21,8,TH_NP15_GEN-APND,TH_NP15_GEN-APND,TH_NP15_GEN-APND,RTM,LMP,LMP_PRC,TH_NP15_GEN-APND,ALL_APNODES,0,49.36633,7,15
2023-06-21T14:35:00-00:00,2023-06-21T14:40:00-00:00,2023-06-21,8,TH_NP15_GEN-APND,TH_NP15_GEN-APND,TH_NP15_GEN-APND,RTM,LMP,LMP_PRC,TH_NP15_GEN-APND,ALL_APNODES,0,49.03787,8,15
2023-06-21T14:40:00-00:00,2023-06-21T14:45:00-00:00,2023-06-21,8,TH_NP15_GEN-APND,TH_NP15_GEN-APND,TH_NP15_GEN-APND,RTM,LMP,LMP_PRC,TH_NP15_GEN-APND,ALL_APNODES,0,49.37368,9,15
2023-06-21T14:45:00-00:00,2023-06-21T14:50:00-00:00,2023-06-21,8,TH_NP15_GEN-APND,TH_NP15_GEN-APND,TH_NP15_GEN-APND,RTM,LMP,LMP_PRC,TH_NP15_GEN-APND,ALL_APNODES,0,54.72025,10,15
2023-06-21T14:50:00-00:00,2023-06-21T14:55:00-00:00,2023-06-21,8,TH_NP15_GEN-APND,TH_NP15_GEN-APND,TH_NP15_GEN-APND,RTM,LMP,LMP_PRC,TH_NP15_GEN-APND,ALL_APNODES,0,52.75967,11,15
2023-06-21T14:55:00-00:00,2023-06-21T15:00:00-00:00,2023-06-21,8,TH_NP15_GEN-APND,TH_NP15_GEN-APND,TH_NP15_GEN-APND,RTM,LMP,LMP_PRC,TH_NP15_GEN-APND,ALL_APNODES,0,55.29425,12,15
2023-06-21T15:00:00-00:00,2023-06-21T15:05:00-00:00,2023-06-21,9,TH_NP15_GEN-APND,TH_NP15_GEN-APND,TH_NP15_GEN-APND,RTM,LMP,LMP_PRC,TH_NP15_GEN-APND,ALL_APNODES,0,52.72364,1,15
2023-06-21T15:05:00-00:00,2023-06-21T15:10:00-00:00,2023-06-21,9,TH_NP15_GEN-APND,TH_NP15_GEN-APND,TH_NP15_GEN-APND,RTM,LMP,LMP_PRC,TH_NP15_GEN-APND,ALL_APNODES,0,52.85191,2,15
2023-06-21T15:10:00-00:00,2023-06-21T15:15:00-00:00,2023-06-21,9,TH_NP15_GEN-APND,TH_NP15_GEN-APND,TH_NP15_GEN-APND,RTM,LMP,LMP_PRC,TH_NP15_GEN-APND,ALL_APNODES,0,53.91433,3,15
2023-06-21T15:15:00-00:00,2023-06-21T15:20:00-00:00,2023-06-21,9,TH_NP15_GEN-APND,TH_NP15_GEN-APND,TH_NP15_GEN-APND,RTM,LMP,LMP_PRC,TH_NP15_GEN-APND,ALL_APNODES,0,52.69676,4,15
2023-06-21T15:20:00-00:00,2023-06-21T15:25:00-00:00,2023-06-21,9,TH_NP15_GEN-APND,TH_NP15_GEN-APND,TH_NP15_GEN-APND,RTM,LMP,LMP_PRC,TH_NP15_GEN-APND,ALL_APNODES,0,55.77611,5,15
2023-06-21T15:25:00-00:00,2023-06-21T15:30:00-00:00,2023-06-21,9,TH_NP15_GEN-APND,TH_NP15_GEN-APND,TH_NP15_GEN-APND,RTM,LMP,LMP_PRC,TH_NP15_GEN-APND,ALL_APNODES,0,53.36934,6,15
2023-06-21T15:30:00-00:00,2023-06-21T15:35:00-00:00,2023-06-21,9,TH_NP15_GEN-APND,TH_NP15_GEN-APND,TH_NP15_GEN-APND,RTM,LMP,LMP_PRC,TH_NP15_GEN-APND,ALL_APNODES,0,54.31113,7,15
2023-06-21T15:35:00-00:00,2023-06-21T15:40:00-00:00,2023-06-21,9,TH_NP15_GEN-APND,TH_NP15_GEN-APND,TH_NP15_GEN-APND,RTM,LMP,LMP_PRC,TH_NP15_GEN-APND,ALL_APNODES,0,54.29302,8,15
2023-06-21T15:40:00-00:00,2023-06-21T15:45:00-00:00,2023-06-21,9,TH_NP15_GEN-APND,TH_NP15_GEN-APND,TH_NP15_GEN-APND,RTM,LMP,LMP_PRC,TH_NP15_GEN-APND,ALL_APNODES,0,52.97997,9,15
2023-06-21T15:45:00-00:00,2023-06-21T15:50:00-00:00,2023-06-21,9,TH_NP15_GEN-APND,TH_NP15_GEN-APND,TH_NP15_GEN-APND,RTM,LMP,LMP_PRC,TH_NP15_GEN-APND,ALL_APNODES,0,52.61051,10,15
2023-06-21T15:50:00-00:00,2023-06-21T15:55:00-00:00,2023-06-21,9,TH_NP15_GEN-APND,TH_NP15_GEN-APND,TH_NP15_GEN-APND,RTM,LMP,LMP_PRC,TH_NP15_GEN-APND,ALL_APNODES,0,51.56612,11,15
2023-06-21T15:55:00-00:00,2023-06-21T16:00:00-00:00,2023-06-21,9,TH_NP15_GEN-APND,TH_NP15_GEN-APND,TH_NP15_GEN-APND,RTM,LMP,LMP_PRC,TH_NP15_GEN-APND,ALL_APNODES,0,51.63509,12,15
2023-06-21T16:00:00-00:00,2023-06-21T16:05:00-00:00,2023-06-21,10,TH_NP15_GEN-APND,TH_NP15_GEN-APND,TH_NP15_GEN-APND,RTM,LMP,LMP_PRC,TH_NP15_GEN-APND,ALL_APNODES,0,52.16492,1,15
2023-06-21T16:05:00-00:00,2023-06-21T16:10:00-00:00,2023-06-21,10,TH_NP15_GEN-APND,TH_NP15_GEN-APND,TH_NP15_GEN-APND,RTM,LMP,LMP_PRC,TH_NP15_GEN-APND,ALL_APNODES,0,52.18307,2,15
2023-06-21T16:10:00-00:00,2023-06-21T16:15:00-00:00,2023-06-21,10,TH_NP15_GEN-APND,TH_NP15_GEN-APND,TH_NP15_GEN-APND,RTM,LMP,LMP_PRC,TH_NP15_GEN-APND,ALL_APNODES,0,57.31601,3,15
2023-06-21T16:15:00-00:00,2023-06-21T16:20:00-00:00,2023-06-21,10,TH_NP15_GEN-APND,TH_NP15_GEN-APND,TH_NP15_GEN-APND,RTM,LMP,LMP_PRC,TH_NP15_GEN-APND,ALL_APNODES,0,57.4288,4,15
2023-06-21T16:20:00-00:00,2023-06-21T16:25:00-00:00,2023-06-21,10,TH_NP15_GEN-APND,TH_NP15_GEN-APND,TH_NP15_GEN-APND,RTM,LMP,LMP_PRC,TH_NP15_GEN-APND,ALL_APNODES,0,57.14086,5,15
2023-06-21T16:25:00-00:00,2023-06-21T16:30:00-00:00,2023-06-21,10,TH_NP15_GEN-APND,TH_NP15_GEN-APND,TH_NP15_GEN-APND,RTM,LMP,LMP_PRC,TH_NP15_GEN-APND,ALL_APNODES,0,57.51078,6,15
2023-06-21T16:30:00-00:00,2023-06-21T16:35:00-00:00,2023-06-21,10,TH_NP15_GEN-APND,TH_NP15_GEN-APND,TH_NP15_GEN-APND,RTM,LMP,LMP_PRC,TH_NP15_GEN-APND,ALL_APNODES,0,64.1322,7,15
2023-06-21T16:35:00-00:00,2023-06-21T16:40:00-00:00,2023-06-21,10,TH_NP15_GEN-APND,TH_NP15_GEN-APND,TH_NP15_GEN-APND,RTM,LMP,LMP_PRC,TH_NP15_GEN-APND,ALL_APNODES,0,61.34574,8,15
2023-06-21T16:40:00-00:00,2023-06-21T16:45:00-00:00,2023-06-21,10,TH_NP15_GEN-APND,TH_NP15_GEN-APND,TH_NP15_GEN-APND,RTM,LMP,LMP_PRC,TH_NP15_GEN-APND,ALL_APNODES,0,59.84581,9,15
2023-06-21T16:45:00-00:00,2023-06-21T16:50:00-00:00,2023-06-21,10,TH_NP15_GEN-APND,TH_NP15_GEN-APND,TH_NP15_GEN-APND,RTM,LMP,LMP_PRC,TH_NP15_GEN-APND,ALL_APNODES,0,60.09647,10,15
2023-06-21T16:50:00-00:00,2023-06-21T16:55:00-00:00,2023-06-21,10,TH_NP15_GEN-APND,TH_NP15_GEN-APND,TH_NP15_GEN-APND,RTM,LMP,LMP_PRC,TH_NP15_GEN-APND,ALL_APNODES,0,58.79741,11,15
2023-06-21T16:55:00-00:00,2023-06-21T17:00:00-00:00,2023-06-21,10,TH_NP15_GEN-APND,TH_NP15_GEN-APND,TH_NP15_GEN-APND,RTM,LMP,LMP_PRC,TH_NP15_GEN-APND,ALL_APNODES,0,58.79983,12,15
2023-06-21T17:00:00-00:00,2023-06-21T17:05:00-00:00,2023-06-21,11,TH_NP15_GEN-APND,TH_NP15_GEN-APND,TH_NP15_GEN-APND,RTM,LMP,LMP_PRC,TH_NP15_GEN-APND,ALL_APNODES,0,63.87337,1,15
2023-06-21T17:05:00-00:00,2023-06-21T17:10:00-00:00,2023-06-21,11,TH_NP15_GEN-APND,TH_NP15_GEN-APND,TH_NP15_GEN-APND,RTM,LMP,LMP_PRC,TH_NP15_GEN-APND,ALL_APNODES,0,63.09151,2,15
2023-06-21T17:10:00-00:00,2023-06-21T17:15:00-00:00,2023-06-21,11,TH_NP15_GEN-APND,TH_NP15_GEN-APND,TH_NP15_GEN-APND,RTM,LMP,LMP_PRC,TH_NP15_GEN-APND,ALL_APNODES,0,60.29626,3,15
2023-06-21T17:15:00-00:00,2023-06-21T17:20:00-00:00,2023-06-21,11,TH_NP15_GEN-APND,TH_NP15_GEN-APND,TH_NP15_GEN-APND,RTM,LMP,LMP_PRC,TH_NP15_GEN-APND,ALL_APNODES,0,59.68544,4,15
2023-06-21T17:20:00-00:00,2023-06-21T17:25:00-00:00,2023-06-21,11,TH_NP15_GEN-APND,TH_NP15_GEN-APND,TH_NP15_GEN-APND,RTM,LMP,LMP_PRC,TH_NP15_GEN-APND,ALL_APNODES,0,59.64022,5,15
2023-06-21T17:25:00-00:00,2023-06-21T17:30:00-00:00,2023-06-21,11,TH_NP15_GEN-APND,TH_NP15_GEN-APND,TH_NP15_GEN-APND,RTM,LMP,LMP_PRC,TH_NP15_GEN-APND,ALL_APNODES,0,63.76724,6,15
2023-06-21T17:30:00-00:00,2023-06-21T17:35:00-00:00,2023-06-21,11,TH_NP15_GEN-APND,TH_NP15_GEN-APND,TH_NP15_GEN-APND,RTM,LMP,LMP_PRC,TH_NP15_GEN-APND,ALL_APNODES,0,53.88252,7,15
2023-06-21T17:35:00-00:00,2023-06-21T17:40:00-00:00,2023-06-21,11,TH_NP15_GEN-APND,TH_NP15_GEN-APND,TH_NP15_GEN-APND,RTM,LMP,LMP_PRC,TH_NP15_GEN-APND,ALL_APNODES,0,51.89258,8,15
2023-06-21T17:40:00-00:00,2023-06-21T17:45:00-00:00,2023-06-21,11,TH_NP15_GEN-APND,TH_NP15_GEN-APND,TH_NP15_GEN-APND,RTM,LMP,LMP_PRC,TH_NP15_GEN-APND,ALL_APNODES,0,49.76031,9,15
2023-06-21T17:45:00-00:00,2023-06-21T17:50:00-00:00,2023-06-21,11,TH_NP15_GEN-APND,TH_NP15_GEN-APND,TH_NP15_GEN-APND,RTM,LMP,LMP_PRC,TH_NP15_GEN-APND,ALL_APNODES,0,49.94899,10,15
2023-06-21T17:50:00-00:00,2023-06-21T17:55:00-00:00,2023-06-21,11,TH_NP15_GEN-APND,TH_NP15_GEN-APND,TH_NP15_GEN-APND,RTM,LMP,LMP_PRC,TH_NP15_GEN-APND,ALL_APNODES,0,51.70019,11,15
2023-06-21T17:55:00-00:00,2023-06-21T18:00:00-00:00,2023-06-21,11,TH_NP15_GEN-APND,TH_NP15_GEN-APND,TH_NP15_GEN-APND,RTM,LMP,LMP_PRC,TH_NP15_GEN-APND,ALL_APNODES,0,51.71261,12,15
2023-06-21T18:00:00-00:00,2023-06-21T18:05:00-00:00,2023-06-21,12,TH_NP15_GEN-APND,TH_NP15_GEN-APND,TH_NP15_GEN-APND,RTM,LMP,LMP_PRC,TH_NP15_GEN-APND,ALL_APNODES,0,49.75308,1,15
2023-06-21T18:05:00-00:00,2023-06-21T18:10:00-00:00,2023-06-21,12,TH_NP15_GEN-APND,TH_NP15_GEN-APND,TH_NP15_GEN-APND,RTM,LMP,LMP_PRC,TH_NP15_GEN-APND,ALL_APNODES,0,48.91214,2,15
2023-06-21T18:10:00-00:00,2023-06-21T18:15:00-00:00,2023-06-21,12,TH_NP15_GEN-APND,TH_NP15_GEN-APND,TH_NP15_GEN-APND,RTM,LMP,LMP_PRC,TH_NP15_GEN-APND,ALL_APNODES,0,48.91214,3,15
2023-06-21T18:15:00-00:00,2023-06-21T18:20:00-00:00,2023-06-21,12,TH_NP15_GEN-APND,TH_NP15_GEN-APND,TH_NP15_GEN-APND,RTM,LMP,LMP_PRC,TH_NP15_GEN-APND,ALL_APNODES,0,43.30989,4,15
2023-06-21T18:20:00-00:00,2023-06-21T18:25:00-00:00,2023-06-21,12,TH_NP15_GEN-APND,TH_NP15_GEN-APND,TH_NP15_GEN-APND,RTM,LMP,LMP_PRC,TH_NP15_GEN-APND,ALL_APNODES,0,40.74175,5,15
2023-06-21T18:25:00-00:00,2023-06-21T18:30:00-00:00,2023-06-21,12,TH_NP15_GEN-APND,TH_NP15_GEN-APND,TH_NP15_GEN-APND,RTM,LMP,LMP_PRC,TH_NP15_GEN-APND,ALL_APNODES,0,48.8097,6,15
2023-06-21T18:30:00-00:00,2023-06-21T18:35:00-00:00,2023-06-21,12,TH_NP15_GEN-APND,TH_NP15_GEN-APND,TH_NP15_GEN-APND,RTM,LMP,LMP_PRC,TH_NP15_GEN-APND,ALL_APNODES,0,48.18345,7,15
2023-06-21T18:35:00-00:00,2023-06-21T18:40:00-00:00,2023-06-21,12,TH_NP15_GEN-APND,TH_NP15_GEN-APND,TH_NP15_GEN-APND,RTM,LMP,LMP_PRC,TH_NP15_GEN-APND,ALL_APNODES,0,47.81487,8,15
2023-06-21T18:40:00-00:00,2023-06-21T18:45:00-00:00,2023-06-21,12,TH_NP15_GEN-APND,TH_NP15_GEN-APND,TH_NP15_GEN-APND,RTM,LMP,LMP_PRC,TH_NP15_GEN-APND,ALL_APNODES,0,48.19098,9,15
2023-06-21T18:45:00-00:00,2023-06-21T18:50:00-00:00,2023-06-21,12,TH_NP15_GEN-APND,TH_NP15_GEN-APND,TH_NP15_GEN-APND,RTM,LMP,LMP_PRC,TH_NP15_GEN-APND,ALL_APNODES,0,43.73374,10,15
2023-06-21T18:50:00-00:00,2023-06-21T18:55:00-00:00,2023-06-21,12,TH_NP15_GEN-APND,TH_NP15_GEN-APND,TH_NP15_GEN-APND,RTM,LMP,LMP_PRC,TH_NP15_GEN-APND,ALL_APNODES,0,51.5638,11,15
2023-06-21T18:55:00-00:00,2023-06-21T19:00:00-00:00,2023-06-21,12,TH_NP15_GEN-APND,TH_NP15_GEN-APND,TH_NP15_GEN-APND,RTM,LMP,LMP_PRC,TH_NP15_GEN-APND,ALL_APNODES,0,54.28714,12,15
2023-06-21T19:00:00-00:00,2023-06-21T19:05:00-00:00,2023-06-21,13,TH_NP15_GEN-APND,TH_NP15_GEN-APND,TH_NP15_GEN-APND,RTM,LMP,LMP_PRC,TH_NP15_GEN-APND,ALL_APNODES,0,54.4222,1,15
2023-06-21T19:05:00-00:00,2023-06-21T19:10:00-00:00,2023-06-21,13,TH_NP15_GEN-APND,TH_NP15_GEN-APND,TH_NP15_GEN-APND,RTM,LMP,LMP_PRC,TH_NP15_GEN-APND,ALL_APNODES,0,54.43185,2,15
2023-06-21T19:10:00-00:00,2023-06-21T19:15:00-00:00,2023-06-21,13,TH_NP15_GEN-APND,TH_NP15_GEN-APND,TH_NP15_GEN-APND,RTM,LMP,LMP_PRC,TH_NP15_GEN-APND,ALL_APNODES,0,54.56812,3,15
2023-06-21T19:15:00-00:00,2023-06-21T19:20:00-00:00,2023-06-21,13,TH_NP15_GEN-APND,TH_NP15_GEN-APND,TH_NP15_GEN-APND,RTM,LMP,LMP_PRC,TH_NP15_GEN-APND,ALL_APNODES,0,54.58133,4,15
2023-06-21T19:20:00-00:00,2023-06-21T19:25:00-00:00,2023-06-21,13,TH_NP15_GEN-APND,TH_NP15_GEN-APND,TH_NP15_GEN-APND,RTM,LMP,LMP_PRC,TH_NP15_GEN-APND,ALL_APNODES,0,54.2965,5,15
2023-06-21T19:25:00-00:00,2023-06-21T19:30:00-00:00,2023-06-21,13,TH_NP15_GEN-APND,TH_NP15_GEN-APND,TH_NP15_GEN-APND,RTM,LMP,LMP_PRC,TH_NP15_GEN-APND,ALL_APNODES,0,54.29191,6,15
2023-06-21T19:30:00-00:00,2023-06-21T19:35:00-00:00,2023-06-21,13,TH_NP15_GEN-APND,TH_NP15_GEN-APND,TH_NP15_GEN-APND,RTM,LMP,LMP_PRC,TH_NP15_GEN-APND,ALL_APNODES,0,54.43159,7,15
2023-06-21T19:35:00-00:00,2023-06-21T19:40:00-00:00,2023-06-21,13,TH_NP15_GEN-APND,TH_NP15_GEN-APND,TH_NP15_GEN-APND,RTM,LMP,LMP_PRC,TH_NP15_GEN-APND,ALL_APNODES,0,54.40466,8,15
2023-06-21T19:40:00-00:00,2023-06-21T19:45:00-00:00,2023-06-21,13,TH_NP15_GEN-APND,TH_NP15_GEN-APND,TH_NP15_GEN-APND,RTM,LMP,LMP_PRC,TH_NP15_GEN-APND,ALL_APNODES,0,54.60408,9,15
2023-06-21T19:45:00-00:00,2023-06-21T19:50:00-00:00,2023-06-21,13,TH_NP15_GEN-APND,TH_NP15_GEN-APND,TH_NP15_GEN-APND,RTM,LMP,LMP_PRC,TH_NP15_GEN-APND,ALL_APNODES,0,54.79524,10,15
2023-06-21T19:50:00-00:00,2023-06-21T19:55:00-00:00,2023-06-21,13,TH_NP15_GEN-APND,TH_NP15_GEN-APND,TH_NP15_GEN-APND,RTM,LMP,LMP_PRC,TH_NP15_GEN-APND,ALL_APNODES,0,54.8037,11,15
2023-06-21T19:55:00-00:00,2023-06-21T20:00:00-00:00,2023-06-21,13,TH_NP15_GEN-APND,TH_NP15_GEN-APND,TH_NP15_GEN-APND,RTM,LMP,LMP_PRC,TH_NP15_GEN-APND,ALL_APNODES,0,53.92224,12,15
2023-06-21T20:00:00-00:00,2023-06-21T20:05:00-00:00,2023-06-21,14,TH_NP15_GEN-APND,TH_NP15_GEN-APND,TH_NP15_GEN-APND,RTM,LMP,LMP_PRC,TH_NP15_GEN-APND,ALL_APNODES,0,45.48579,1,15
2023-06-21T20:05:00-00:00,2023-06-21T20:10:00-00:00,2023-06-21,14,TH_NP15_GEN-APND,TH_NP15_GEN-APND,TH_NP15_GEN-APND,RTM,LMP,LMP_PRC,TH_NP15_GEN-APND,ALL_APNODES,0,43.73203,2,15
2023-06-21T20:10:00-00:00,2023-06-21T20:15:00-00:00,2023-06-21,14,TH_NP15_GEN-APND,TH_NP15_GEN-APND,TH_NP15_GEN-APND,RTM,LMP,LMP_PRC,TH_NP15_GEN-APND,ALL_APNODES,0,45.18411,3,15
2023-06-21T20:15:00-00:00,2023-06-21T20:20:00-00:00,2023-06-21,14,TH_NP15_GEN-APND,TH_NP15_GEN-APND,TH_NP15_GEN-APND,RTM,LMP,LMP_PRC,TH_NP15_GEN-APND,ALL_APNODES,0,38.66454,4,15
2023-06-21T20:20:00-00:00,2023-06-21T20:25:00-00:00,2023-06-21,14,TH_NP15_GEN-APND,TH_NP15_GEN-APND,TH_NP15_GEN-APND,RTM,LMP,LMP_PRC,TH_NP15_GEN-APND,ALL_APNODES,0,43.60662,5,15
2023-06-21T20:25:00-00:00,2023-06-21T20:30:00-00:00,2023-06-21,14,TH_NP15_GEN-APND,TH_NP15_GEN-APND,TH_NP15_GEN-APND,RTM,LMP,LMP_PRC,TH_NP15_GEN-APND,ALL_APNODES,0,44.52503,6,15
2023-06-21T20:30:00-00:00,2023-06-21T20:35:00-00:00,2023-06-21,14,TH_NP15_GEN-APND,TH_NP15_GEN-APND,TH_NP15_GEN-APND,RTM,LMP,LMP_PRC,TH_NP15_GEN-APND,ALL_APNODES,0,49.07728,7,15
2023-06-21T20:35:00-00:00,2023-06-21T20:40:00-00:00,2023-06-21,14,TH_NP15_GEN-APND,TH_NP15_GEN-APND,TH_NP15_GEN-APND,RTM,LMP,LMP_PRC,TH_NP15_GEN-APND,ALL_APNODES,0,53.28373,8,15
2023-06-21T20:40:00-00:00,2023-06-21T20:45:00-00:00,2023-06-21,14,TH_NP15_GEN-APND,TH_NP15_GEN-APND,TH_NP15_GEN-APND,RTM,LMP,LMP_PRC,TH_NP15_GEN-APND,ALL_APNODES,0,53.28602,9,15
2023-06-21T20:45:00-00:00,2023-06-21T20:50:00-00:00,2023-06-21,14,TH_NP15_GEN-APND,TH_NP15_GEN-APND,TH_NP15_GEN-APND,RTM,LMP,LMP_PRC,TH_NP15_GEN-APND,ALL_APNODES,0,49.04037,10,15
2023-06-21T20:50:00-00:00,2023-06-21T20:55:00-00:00,2023-06-21,14,TH_NP15_GEN-APND,TH_NP15_GEN-APND,TH_NP15_GEN-APND,RTM,LMP,LMP_PRC,TH_NP15_GEN-APND,ALL_APNODES,0,44.20446,11,15
2023-06-21T20:55:00-00:00,2023-06-21T21:00:00-00:00,2023-06-21,14,TH_NP15_GEN-APND,TH_NP15_GEN-APND,TH_NP15_GEN-APND,RTM,LMP,LMP_PRC,TH_NP15_GEN-APND,ALL_APNODES,0,45.50215,12,15
2023-06-21T21:00:00-00:00,2023-06-21T21:05:00-00:00,2023-06-21,15,TH_NP15_GEN-APND,TH_NP15_GEN-APND,TH_NP15_GEN-APND,RTM,LMP,LMP_PRC,TH_NP15_GEN-APND,ALL_APNODES,0,49.02257,1,15
2023-06-21T21:05:00-00:00,2023-06-21T21:10:00-00:00,2023-06-21,15,TH_NP15_GEN-APND,TH_NP15_GEN-APND,TH_NP15_GEN-APND,RTM,LMP,LMP_PRC,TH_NP15_GEN-APND,ALL_APNODES,0,50.79447,2,15
2023-06-21T21:10:00-00:00,2023-06-21T21:15:00-00:00,2023-06-21,15,TH_NP15_GEN-APND,TH_NP15_GEN-APND,TH_NP15_GEN-APND,RTM,LMP,LMP_PRC,TH_NP15_GEN-APND,ALL_APNODES,0,53.84191,3,15
2023-06-21T21:15:00-00:00,2023-06-21T21:20:00-00:00,2023-06-21,15,TH_NP15_GEN-APND,TH_NP15_GEN-APND,TH_NP15_GEN-APND,RTM,LMP,LMP_PRC,TH_NP15_GEN-APND,ALL_APNODES,0,47.0435,4,15
2023-06-21T21:20:00-00:00,2023-06-21T21:25:00-00:00,2023-06-21,15,TH_NP15_GEN-APND,TH_NP15_GEN-APND,TH_NP15_GEN-APND,RTM,LMP,LMP_PRC,TH_NP15_GEN-APND,ALL_APNODES,0,46.44267,5,15
2023-06-21T21:25:00-00:00,2023-06-21T21:30:00-00:00,2023-06-21,15,TH_NP15_GEN-APND,TH_NP15_GEN-APND,TH_NP15_GEN-APND,RTM,LMP,LMP_PRC,TH_NP15_GEN-APND,ALL_APNODES,0,46.38562,6,15
2023-06-21T21:30:00-00:00,2023-06-21T21:35:00-00:00,2023-06-21,15,TH_NP15_GEN-APND,TH_NP15_GEN-APND,TH_NP15_GEN-APND,RTM,LMP,LMP_PRC,TH_NP15_GEN-APND,ALL_APNODES,0,45.30503,7,15
2023-06-21T21:35:00-00:00,2023-06-21T21:40:00-00:00,2023-06-21,15,TH_NP15_GEN-APND,TH_NP15_GEN-APND,TH_NP15_GEN-APND,RTM,LMP,LMP_PRC,TH_NP15_GEN-APND,ALL_APNODES,0,46.39286,8,15
2023-06-21T21:40:00-00:00,2023-06-21T21:45:00-00:00,2023-06-21,15,TH_NP15_GEN-APND,TH_NP15_GEN-APND,TH_NP15_GEN-APND,RTM,LMP,LMP_PRC,TH_NP15_GEN-APND,ALL_APNODES,0,54.34304,9,15
2023-06-21T21:45:00-00:00,2023-06-21T21:50:00-00:00,2023-06-21,15,TH_NP15_GEN-APND,TH_NP15_GEN-APND,TH_NP15_GEN-APND,RTM,LMP,LMP_PRC,TH_NP15_GEN-APND,ALL_APNODES,0,54.34149,10,15
2023-06-21T21:50:00-00:00,2023-06-21T21:55:00-00:00,2023-06-21,15,TH_NP15_GEN-APND,TH_NP15_GEN-APND,TH_NP15_GEN-APND,RTM,LMP,LMP_PRC,TH_NP15_GEN-APND,ALL_APNODES,0,54.30023,11,15
2023-06-21T21:55:00-00:00,2023-06-21T22:00:00-00:00,2023-06-21,15,TH_NP15_GEN-APND,TH_NP15_GEN-APND,TH_NP15_GEN-APND,RTM,LMP,LMP_PRC,TH_NP15_GEN-APND,ALL_APNODES,0,54.17122,12,15
2023-06-21T22:00:00-00:00,2023-06-21T22:05:00-00:00,2023-06-21,16,TH_NP15_GEN-APND,TH_NP15_GEN-APND,TH_NP15_GEN-APND,RTM,LMP,LMP_PRC,TH_NP15_GEN-APND,ALL_APNODES,0,48.66166,1,15
2023-06-21T22:05:00-00:00,2023-06-21T22:10:00-00:00,2023-06-21,16,TH_NP15_GEN-APND,TH_NP15_GEN-APND,TH_NP15_GEN-APND,RTM,LMP,LMP_PRC,TH_NP15_GEN-APND,ALL_APNODES,0,49.98228,2,15
2023-06-21T22:10:00-00:00,2023-06-21T22:15:00-00:00,2023-06-21,16,TH_NP15_GEN-APND,TH_NP15_GEN-APND,TH_NP15_GEN-APND,RTM,LMP,LMP_PRC,TH_NP15_GEN-APND,ALL_APNODES,0,54.54593,3,15
2023-06-21T22:15:00-00:00,2023-06-21T22:20:00-00:00,2023-06-21,16,TH_NP15_GEN-APND,TH_NP15_GEN-APND,TH_NP15_GEN-APND,RTM,LMP,LMP_PRC,TH_NP15_GEN-APND,ALL_APNODES,0,54.13911,4,15
2023-06-21T22:20:00-00:00,2023-06-21T22:25:00-00:00,2023-06-21,16,TH_NP15_GEN-APND,TH_NP15_GEN-APND,TH_NP15_GEN-APND,RTM,LMP,LMP_PRC,TH_NP15_GEN-APND,ALL_APNODES,0,54.34212,5,15
2023-06-21T22:25:00-00:00,2023-06-21T22:30:00-00:00,2023-06-21,16,TH_NP15_GEN-APND,TH_NP15_GEN-APND,TH_NP15_GEN-APND,RTM,LMP,LMP_PRC,TH_NP15_GEN-APND,ALL_APNODES,0,59.83574,6,15
2023-06-21T22:30:00-00:00,2023-06-21T22:35:00-00:00,2023-06-21,16,TH_NP15_GEN-APND,TH_NP15_GEN-APND,TH_NP15_GEN-APND,RTM,LMP,LMP_PRC,TH_NP15_GEN-APND,ALL_APNODES,0,50.55177,7,15
2023-06-21T22:35:00-00:00,2023-06-21T22:40:00-00:00,2023-06-21,16,TH_NP15_GEN-APND,TH_NP15_GEN-APND,TH_NP15_GEN-APND,RTM,LMP,LMP_PRC,TH_NP15_GEN-APND,ALL_APNODES,0,52.76074,8,15
2023-06-21T22:40:00-00:00,2023-06-21T22:45:00-00:00,2023-06-21,16,TH_NP15_GEN-APND,TH_NP15_GEN-APND,TH_NP15_GEN-APND,RTM,LMP,LMP_PRC,TH_NP15_GEN-APND,ALL_APNODES,0,54.47184,9,15
2023-06-21T22:45:00-00:00,2023-06-21T22:50:00-00:00,2023-06-21,16,TH_NP15_GEN-APND,TH_NP15_GEN-APND,TH_NP15_GEN-APND,RTM,LMP,LMP_PRC,TH_NP15_GEN-APND,ALL_APNODES,0,58.56454,10,15
2023-06-21T22:50:00-00:00,2023-06-21T22:55:00-00:00,2023-06-21,16,TH_NP15_GEN-APND,TH_NP15_GEN-APND,TH_NP15_GEN-APND,RTM,LMP,LMP_PRC,TH_NP15_GEN-APND,ALL_APNODES,0,53.91818,11,15
2023-06-21T22:55:00-00:00,2023-06-21T23:00:00-00:00,2023-06-21,16,TH_NP15_GEN-APND,TH_NP15_GEN-APND,TH_NP15_GEN-APND,RTM,LMP,LMP_PRC,TH_NP15_GEN-APND,ALL_APNODES,0,47.70381,12,15
2023-06-21T23:00:00-00:00,2023-06-21T23:05:00-00:00,2023-06-21,17,TH_NP15_GEN-APND,TH_NP15_GEN-APND,TH_NP15_GEN-APND,RTM,LMP,LMP_PRC,TH_NP15_GEN-APND,ALL_APNODES,0,40.29756,1,15
2023-06-21T23:05:00-00:00,2023-06-21T23:10:00-00:00,2023-06-21,17,TH_NP15_GEN-APND,TH_NP15_GEN-APND,TH_NP15_GEN-APND,RTM,LMP,LMP_PRC,TH_NP15_GEN-APND,ALL_APNODES,0,33.26294,2,15
2023-06-21T23:10:00-00:00,2023-06-21T23:15:00-00:00,2023-06-21,17,TH_NP15_GEN-APND,TH_NP15_GEN-APND,TH_NP15_GEN-APND,RTM,LMP,LMP_PRC,TH_NP15_GEN-APND,ALL_APNODES,0,30.12455,3,15
2023-06-21T23:15:00-00:00,2023-06-21T23:20:00-00:00,2023-06-21,17,TH_NP15_GEN-APND,TH_NP15_GEN-APND,TH_NP15_GEN-APND,RTM,LMP,LMP_PRC,TH_NP15_GEN-APND,ALL_APNODES,0,32.34887,4,15
2023-06-21T23:20:00-00:00,2023-06-21T23:25:00-00:00,2023-06-21,17,TH_NP15_GEN-APND,TH_NP15_GEN-APND,TH_NP15_GEN-APND,RTM,LMP,LMP_PRC,TH_NP15_GEN-APND,ALL_APNODES,0,33.13587,5,15
2023-06-21T23:25:00-00:00,2023-06-21T23:30:00-00:00,2023-06-21,17,TH_NP15_GEN-APND,TH_NP15_GEN-APND,TH_NP15_GEN-APND,RTM,LMP,LMP_PRC,TH_NP15_GEN-APND,ALL_APNODES,0,35.84025,6,15
2023-06-21T23:30:00-00:00,2023-06-21T23:35:00-00:00,2023-06-21,17,TH_NP15_GEN-APND,TH_NP15_GEN-APND,TH_NP15_GEN-APND,RTM,LMP,LMP_PRC,TH_NP15_GEN-APND,ALL_APNODES,0,32.70034,7,15
2023-06-21T23:35:00-00:00,2023-06-21T23:40:00-00:00,2023-06-21,17,TH_NP15_GEN-APND,TH_NP15_GEN-APND,TH_NP15_GEN-APND,RTM,LMP,LMP_PRC,TH_NP15_GEN-APND,ALL_APNODES,0,34.73303,8,15
2023-06-21T23:40:00-00:00,2023-06-21T23:45:00-00:00,2023-06-21,17,TH_NP15_GEN-APND,TH_NP15_GEN-APND,TH_NP15_GEN-APND,RTM,LMP,LMP_PRC,TH_NP15_GEN-APND,ALL_APNODES,0,33.66296,9,15
2023-06-21T23:45:00-00:00,2023-06-21T23:50:00-00:00,2023-06-21,17,TH_NP15_GEN-APND,TH_NP15_GEN-APND,TH_NP15_GEN-APND,RTM,LMP,LMP_PRC,TH_NP15_GEN-APND,ALL_APNODES,0,34.20267,10,15
2023-06-21T23:50:00-00:00,2023-06-21T23:55:00-00:00,2023-06-21,17,TH_NP15_GEN-APND,TH_NP15_GEN-APND,TH_NP15_GEN-APND,RTM,LMP,LMP_PRC,TH_NP15_GEN-APND,ALL_APNODES,0,35.86794,11,15
2023-06-21T23:55:00-00:00,2023-06-22T00:00:00-00:00,2023-06-21,17,TH_NP15_GEN-APND,TH_NP15_GEN-APND,TH_NP15_GEN-APND,RTM,LMP,LMP_PRC,TH_NP15_GEN-APND,ALL_APNODES,0,35.2734,12,15
